ISO-10303-21;
HEADER;
FILE_DESCRIPTION (( 'STEP AP214' ),
    '1' );
FILE_NAME ('Tampa_Perfil_3030_R.STEP',
    '2025-06-15T04:47:07',
    ( '' ),
    ( '' ),
    'SwSTEP 2.0',
    'SolidWorks 2024',
    '' );
FILE_SCHEMA (( 'AUTOMOTIVE_DESIGN' ));
ENDSEC;

DATA;
#1 = AXIS2_PLACEMENT_3D ( 'NONE', #1062, #5930, #4407 ) ;
#2 = DIRECTION ( 'NONE',  ( 1.000000000000000000, 0.000000000000000000, 0.000000000000000000 ) ) ;
#3 = ORIENTED_EDGE ( 'NONE', *, *, #6245, .F. ) ;
#4 = CARTESIAN_POINT ( 'NONE',  ( 5.585312744999996859, 3.534703078999986037, 2.000000000000000000 ) ) ;
#5 = ORIENTED_EDGE ( 'NONE', *, *, #6068, .T. ) ;
#6 = EDGE_CURVE ( 'NONE', #1816, #1084, #2595, .T. ) ;
#7 = DIRECTION ( 'NONE',  ( 0.03700710955877632713, -0.03700710955975980432, -0.9986295347545739443 ) ) ;
#8 = EDGE_LOOP ( 'NONE', ( #5228, #3315, #5886, #4630 ) ) ;
#9 = ORIENTED_EDGE ( 'NONE', *, *, #5848, .T. ) ;
#10 = CARTESIAN_POINT ( 'NONE',  ( 4.137252629776658530, -6.612126364177135507, 2.000000000000000000 ) ) ;
#11 = AXIS2_PLACEMENT_3D ( 'NONE', #6076, #1260, #3753 ) ;
#12 = ORIENTED_EDGE ( 'NONE', *, *, #447, .F. ) ;
#13 = CARTESIAN_POINT ( 'NONE',  ( -4.349635330000003464, -13.30026441600001519, 5.500000000000000000 ) ) ;
#14 = EDGE_CURVE ( 'NONE', #2824, #3532, #3224, .T. ) ;
#15 = CARTESIAN_POINT ( 'NONE',  ( -5.651691992457239522, -6.612126339943232622, 2.000000000000000000 ) ) ;
#16 = FACE_OUTER_BOUND ( 'NONE', #3216, .T. ) ;
#17 = DIRECTION ( 'NONE',  ( 0.9986295346234789205, 1.618117779856507549E-05, 0.05233595624294390403 ) ) ;
#18 = VERTEX_POINT ( 'NONE', #2421 ) ;
#19 = CARTESIAN_POINT ( 'NONE',  ( -15.21089732223601132, 3.760828818427605746, 5.500000000000000000 ) ) ;
#20 = ORIENTED_EDGE ( 'NONE', *, *, #3290, .T. ) ;
#21 = CARTESIAN_POINT ( 'NONE',  ( -15.50000000000000355, -13.50000000000000000, 1.499999999999996225 ) ) ;
#22 = ORIENTED_EDGE ( 'NONE', *, *, #558, .F. ) ;
#23 = CIRCLE ( 'NONE', #3561, 1.000000000000000888 ) ;
#24 = CARTESIAN_POINT ( 'NONE',  ( 8.477655576030763029, -3.290238090661312675E-10, 2.000000000000000000 ) ) ;
#25 = VECTOR ( 'NONE', #2624, 1000.000000000000000 ) ;
#26 = CARTESIAN_POINT ( 'NONE',  ( -9.954366200798324016, 8.021231856458843623, 4.393768173414577483 ) ) ;
#27 = CARTESIAN_POINT ( 'NONE',  ( 2.589269621648042197, 5.270084710396924166, 5.400137046524544182 ) ) ;
#28 = CARTESIAN_POINT ( 'NONE',  ( -4.349384663959281916, -6.410891652236014870, 5.500000000000000000 ) ) ;
#29 = EDGE_CURVE ( 'NONE', #4868, #1091, #4221, .T. ) ;
#30 = CIRCLE ( 'NONE', #5276, 0.2999999999370737136 ) ;
#31 = AXIS2_PLACEMENT_3D ( 'NONE', #4659, #868, #5637 ) ;
#32 = ORIENTED_EDGE ( 'NONE', *, *, #5667, .F. ) ;
#33 = DIRECTION ( 'NONE',  ( 0.000000000000000000, 0.000000000000000000, 1.000000000000000000 ) ) ;
#34 = ORIENTED_EDGE ( 'NONE', *, *, #1285, .T. ) ;
#35 = AXIS2_PLACEMENT_3D ( 'NONE', #474, #1831, #863 ) ;
#36 = CARTESIAN_POINT ( 'NONE',  ( 6.371800867125062773, -8.045514277446368823, 3.595845820238517732 ) ) ;
#37 = ORIENTED_EDGE ( 'NONE', *, *, #2826, .F. ) ;
#38 = DIRECTION ( 'NONE',  ( -0.000000000000000000, -0.000000000000000000, -1.000000000000000000 ) ) ;
#39 = VECTOR ( 'NONE', #4347, 1000.000000000000000 ) ;
#40 = ORIENTED_EDGE ( 'NONE', *, *, #3523, .F. ) ;
#41 = CARTESIAN_POINT ( 'NONE',  ( 14.48332870112989212, -14.50000000000000000, 1.499999999999992673 ) ) ;
#42 = EDGE_LOOP ( 'NONE', ( #5840, #1910, #4815, #3074 ) ) ;
#43 = ORIENTED_EDGE ( 'NONE', *, *, #2883, .T. ) ;
#44 = CARTESIAN_POINT ( 'NONE',  ( -6.341607635426997014, -8.075265990320005471, 4.393767081763036764 ) ) ;
#45 = ADVANCED_FACE ( 'NONE', ( #4651 ), #5108, .T. ) ;
#46 = ORIENTED_EDGE ( 'NONE', *, *, #2966, .F. ) ;
#47 = LINE ( 'NONE', #148, #2007 ) ;
#48 = CARTESIAN_POINT ( 'NONE',  ( -15.31657268770578995, -3.872113791531234472, 5.400137046524553064 ) ) ;
#49 = DIRECTION ( 'NONE',  ( 1.084216935654298406E-05, -0.6691306062710165037, -0.7431448254773960205 ) ) ;
#50 = VECTOR ( 'NONE', #3499, 1000.000000000000114 ) ;
#51 = VERTEX_POINT ( 'NONE', #4684 ) ;
#52 = CARTESIAN_POINT ( 'NONE',  ( -0.05940035840997688610, 5.990599641887545346, 3.133426358120751765 ) ) ;
#53 = AXIS2_PLACEMENT_3D ( 'NONE', #2645, #5044, #716 ) ;
#54 = ADVANCED_FACE ( 'NONE', ( #1324 ), #465, .F. ) ;
#55 = ORIENTED_EDGE ( 'NONE', *, *, #3717, .F. ) ;
#56 = CARTESIAN_POINT ( 'NONE',  ( 7.900417141715677438, -12.99992741403262997, 2.000000000000000000 ) ) ;
#57 = CARTESIAN_POINT ( 'NONE',  ( 4.263254555258494172, -6.486124438722751684, 5.400137046525364859 ) ) ;
#58 = EDGE_CURVE ( 'NONE', #236, #5298, #1266, .T. ) ;
#59 = VECTOR ( 'NONE', #206, 1000.000000000000114 ) ;
#60 = CARTESIAN_POINT ( 'NONE',  ( -5.927482701160282197, -5.927482703579457279, 5.500000000000000000 ) ) ;
#61 = DIRECTION ( 'NONE',  ( -0.7456799060895265008, 0.6663043431153025109, -0.000000000000000000 ) ) ;
#62 = LINE ( 'NONE', #3539, #785 ) ;
#63 = ORIENTED_EDGE ( 'NONE', *, *, #646, .F. ) ;
#64 = DIRECTION ( 'NONE',  ( 1.000000000000000000, 0.000000000000000000, 0.000000000000000000 ) ) ;
#65 = EDGE_CURVE ( 'NONE', #5452, #1966, #3195, .T. ) ;
#66 = VERTEX_POINT ( 'NONE', #2388 ) ;
#67 = AXIS2_PLACEMENT_3D ( 'NONE', #1523, #1898, #5802 ) ;
#68 = LINE ( 'NONE', #2056, #4082 ) ;
#69 = EDGE_LOOP ( 'NONE', ( #2119, #4712, #2507, #4525 ) ) ;
#70 = CARTESIAN_POINT ( 'NONE',  ( -4.349641737672493846, -12.82207078416315582, 5.400137046524687179 ) ) ;
#71 = ORIENTED_EDGE ( 'NONE', *, *, #3219, .F. ) ;
#72 = LINE ( 'NONE', #1620, #4552 ) ;
#73 = ORIENTED_EDGE ( 'NONE', *, *, #3405, .F. ) ;
#74 = ORIENTED_EDGE ( 'NONE', *, *, #3545, .F. ) ;
#75 = DIRECTION ( 'NONE',  ( 0.000000000000000000, 0.000000000000000000, 1.000000000000000000 ) ) ;
#76 = VERTEX_POINT ( 'NONE', #1912 ) ;
#77 = CARTESIAN_POINT ( 'NONE',  ( 5.753638639737771676, -0.2891026774865049775, 5.500000000000000000 ) ) ;
#78 = CARTESIAN_POINT ( 'NONE',  ( -6.219806632891812015, -8.078484027941680523, 5.400137046523711071 ) ) ;
#79 = FACE_OUTER_BOUND ( 'NONE', #815, .T. ) ;
#80 = DIRECTION ( 'NONE',  ( -0.000000000000000000, 0.6691306063588650099, -0.7431448254773881379 ) ) ;
#81 = ORIENTED_EDGE ( 'NONE', *, *, #5090, .F. ) ;
#82 = CARTESIAN_POINT ( 'NONE',  ( -0.1781936318663535079, 5.869101895342344832, 5.400137046524546847 ) ) ;
#83 = AXIS2_PLACEMENT_3D ( 'NONE', #3569, #3008, #2523 ) ;
#84 = VERTEX_POINT ( 'NONE', #5780 ) ;
#85 = CARTESIAN_POINT ( 'NONE',  ( -6.612126364334579343, 4.137252629711624330, 2.000000000000000000 ) ) ;
#86 = DIRECTION ( 'NONE',  ( 1.000000000000000000, 0.000000000000000000, 0.000000000000000000 ) ) ;
#87 = APPLICATION_PROTOCOL_DEFINITION ( 'draft international standard', 'automotive_design', 1998, #5058 ) ;
#88 = CARTESIAN_POINT ( 'NONE',  ( 4.349384664014427138, -6.410891652015773268, 5.500000000000000000 ) ) ;
#89 = DIRECTION ( 'NONE',  ( -6.261269789256260572E-18, 0.05233595624979574257, 0.9986295347542147871 ) ) ;
#90 = EDGE_CURVE ( 'NONE', #6195, #3452, #3256, .T. ) ;
#91 = CARTESIAN_POINT ( 'NONE',  ( -6.699994329923613989, 8.131365950999979830, 2.000000000000000000 ) ) ;
#92 = ORIENTED_EDGE ( 'NONE', *, *, #4655, .T. ) ;
#93 = CARTESIAN_POINT ( 'NONE',  ( 11.42726392699999671, -6.699999727000014005, 5.500000000000000000 ) ) ;
#94 = EDGE_CURVE ( 'NONE', #1259, #125, #6255, .T. ) ;
#95 = CIRCLE ( 'NONE', #4738, 0.1218063679758966261 ) ;
#96 = EDGE_CURVE ( 'NONE', #4280, #2733, #972, .T. ) ;
#97 = AXIS2_PLACEMENT_3D ( 'NONE', #1374, #877, #1812 ) ;
#98 = CARTESIAN_POINT ( 'NONE',  ( 4.341679093727287331, -6.407699900271042637, 5.500000000000000000 ) ) ;
#99 = EDGE_CURVE ( 'NONE', #4859, #606, #5369, .T. ) ;
#100 = ORIENTED_EDGE ( 'NONE', *, *, #90, .F. ) ;
#101 = CARTESIAN_POINT ( 'NONE',  ( -6.521800697756095389, -4.349384664061726191, 5.400137046524544182 ) ) ;
#102 = VECTOR ( 'NONE', #3146, 1000.000000000000000 ) ;
#103 = ORIENTED_EDGE ( 'NONE', *, *, #5545, .T. ) ;
#104 = DIRECTION ( 'NONE',  ( -2.019756517667898558E-11, -1.000000000000000000, 0.000000000000000000 ) ) ;
#105 = AXIS2_PLACEMENT_3D ( 'NONE', #1588, #2062, #4844 ) ;
#106 = ORIENTED_EDGE ( 'NONE', *, *, #5198, .F. ) ;
#107 = VERTEX_POINT ( 'NONE', #5914 ) ;
#108 = EDGE_CURVE ( 'NONE', #4287, #5753, #1602, .T. ) ;
#109 = FACE_OUTER_BOUND ( 'NONE', #5223, .T. ) ;
#110 = ORIENTED_EDGE ( 'NONE', *, *, #5705, .F. ) ;
#111 = DIRECTION ( 'NONE',  ( -0.05233595623943873565, -6.057162085499830545E-07, -0.9986295347545739443 ) ) ;
#112 = CARTESIAN_POINT ( 'NONE',  ( 8.131365950999994041, -6.410891652236014870, 5.500000000000000000 ) ) ;
#113 = VECTOR ( 'NONE', #3689, 1000.000000000000114 ) ;
#114 = DIRECTION ( 'NONE',  ( -2.083316576129790536E-05, 0.9999999997829897014, 0.000000000000000000 ) ) ;
#115 = VERTEX_POINT ( 'NONE', #5435 ) ;
#116 = PLANE ( 'NONE',  #2781 ) ;
#117 = EDGE_LOOP ( 'NONE', ( #2478, #4458, #1094, #3187 ) ) ;
#118 = PLANE ( 'NONE',  #4065 ) ;
#119 = LINE ( 'NONE', #1572, #4053 ) ;
#120 = PLANE ( 'NONE',  #3272 ) ;
#121 = AXIS2_PLACEMENT_3D ( 'NONE', #1732, #4140, #3283 ) ;
#122 = CARTESIAN_POINT ( 'NONE',  ( 6.226056085214882962, -8.190775873571897847, 5.500000000000000000 ) ) ;
#123 = PLANE ( 'NONE',  #4132 ) ;
#124 = LINE ( 'NONE', #1110, #1791 ) ;
#125 = VERTEX_POINT ( 'NONE', #3502 ) ;
#126 = AXIS2_PLACEMENT_3D ( 'NONE', #4856, #524, #5430 ) ;
#127 = PLANE ( 'NONE',  #547 ) ;
#128 = VERTEX_POINT ( 'NONE', #57 ) ;
#129 = AXIS2_PLACEMENT_3D ( 'NONE', #1497, #566, #1003 ) ;
#130 = EDGE_CURVE ( 'NONE', #2322, #5934, #1106, .T. ) ;
#131 = CYLINDRICAL_SURFACE ( 'NONE', #4253, 1.000000000000000888 ) ;
#132 = VECTOR ( 'NONE', #4608, 1000.000000000000000 ) ;
#133 = CIRCLE ( 'NONE', #6089, 0.1218063676931661898 ) ;
#134 = DIRECTION ( 'NONE',  ( -0.9984255058485672629, -0.05609375429611242886, 0.000000000000000000 ) ) ;
#135 = VECTOR ( 'NONE', #2494, 1000.000000000000114 ) ;
#136 = ORIENTED_EDGE ( 'NONE', *, *, #4340, .T. ) ;
#137 = CARTESIAN_POINT ( 'NONE',  ( 2.667847035151141633, -5.430017697746401417, 2.000000000000000000 ) ) ;
#138 = EDGE_CURVE ( 'NONE', #3082, #2469, #155, .T. ) ;
#139 = ORIENTED_EDGE ( 'NONE', *, *, #5630, .F. ) ;
#140 = AXIS2_PLACEMENT_3D ( 'NONE', #2759, #5633, #1860 ) ;
#141 = EDGE_CURVE ( 'NONE', #2409, #3847, #1330, .T. ) ;
#142 = DIRECTION ( 'NONE',  ( -0.05233595623262572022, -1.039241770414498374E-06, -0.9986295347545739443 ) ) ;
#143 = ORIENTED_EDGE ( 'NONE', *, *, #3297, .T. ) ;
#144 = ORIENTED_EDGE ( 'NONE', *, *, #4392, .T. ) ;
#145 = DIRECTION ( 'NONE',  ( 0.000000000000000000, 0.000000000000000000, -1.000000000000000000 ) ) ;
#146 = ORIENTED_EDGE ( 'NONE', *, *, #2578, .F. ) ;
#147 = ADVANCED_FACE ( 'NONE', ( #3033 ), #2975, .T. ) ;
#148 = CARTESIAN_POINT ( 'NONE',  ( -5.270084709924289790, 2.589269621449080905, 5.400137046524545070 ) ) ;
#149 = AXIS2_PLACEMENT_3D ( 'NONE', #1503, #3980, #2556 ) ;
#150 = CARTESIAN_POINT ( 'NONE',  ( -6.431939418672286912, -7.988160805101058415, 2.000000000000000000 ) ) ;
#151 = DIRECTION ( 'NONE',  ( 0.05233595624294390403, 0.000000000000000000, 0.9986295347545739443 ) ) ;
#152 = CARTESIAN_POINT ( 'NONE',  ( 5.797444779044492513, 3.322571044955491271, 2.000000000000000000 ) ) ;
#153 = VERTEX_POINT ( 'NONE', #5495 ) ;
#154 = DIRECTION ( 'NONE',  ( 1.000000000000000000, 0.000000000000000000, 0.000000000000000000 ) ) ;
#155 = LINE ( 'NONE', #3438, #3676 ) ;
#156 = CARTESIAN_POINT ( 'NONE',  ( -0.1781936319166591010, 8.477655575975004965, 5.400137046521906292 ) ) ;
#157 = LINE ( 'NONE', #3035, #1114 ) ;
#158 = LINE ( 'NONE', #5374, #988 ) ;
#159 = ORIENTED_EDGE ( 'NONE', *, *, #4113, .T. ) ;
#160 = VECTOR ( 'NONE', #6078, 1000.000000000000000 ) ;
#161 = DIRECTION ( 'NONE',  ( 1.000000000000000000, 0.000000000000000000, 0.000000000000000000 ) ) ;
#162 = EDGE_LOOP ( 'NONE', ( #4332, #2730, #1698, #5516 ) ) ;
#163 = VECTOR ( 'NONE', #587, 1000.000000000000000 ) ;
#164 = CARTESIAN_POINT ( 'NONE',  ( -13.50000000000000355, -13.50000000000000000, 0.000000000000000000 ) ) ;
#165 = LINE ( 'NONE', #2233, #5287 ) ;
#166 = EDGE_CURVE ( 'NONE', #1101, #2780, #4039, .T. ) ;
#167 = ORIENTED_EDGE ( 'NONE', *, *, #2754, .T. ) ;
#168 = DIRECTION ( 'NONE',  ( -0.6663447065353802490, 0.7456438372790845648, -0.000000000000000000 ) ) ;
#169 = ORIENTED_EDGE ( 'NONE', *, *, #3180, .F. ) ;
#170 = LINE ( 'NONE', #1993, #504 ) ;
#171 = ADVANCED_FACE ( 'NONE', ( #4011 ), #4557, .F. ) ;
#172 = ORIENTED_EDGE ( 'NONE', *, *, #4084, .T. ) ;
#173 = EDGE_LOOP ( 'NONE', ( #3197, #3515, #3786, #5808 ) ) ;
#174 = EDGE_CURVE ( 'NONE', #4349, #1740, #3534, .T. ) ;
#175 = DIRECTION ( 'NONE',  ( -0.000000000000000000, -0.000000000000000000, -1.000000000000000000 ) ) ;
#176 = ORIENTED_EDGE ( 'NONE', *, *, #295, .F. ) ;
#177 = DIRECTION ( 'NONE',  ( -0.6663412544728543052, 0.7456469222008113018, 0.000000000000000000 ) ) ;
#178 = DIRECTION ( 'NONE',  ( 0.000000000000000000, 0.000000000000000000, -1.000000000000000000 ) ) ;
#179 = EDGE_CURVE ( 'NONE', #3716, #4691, #4853, .T. ) ;
#180 = LINE ( 'NONE', #2100, #1455 ) ;
#181 = ADVANCED_FACE ( 'NONE', ( #4899 ), #819, .F. ) ;
#182 = LINE ( 'NONE', #5046, #50 ) ;
#183 = DIRECTION ( 'NONE',  ( 1.000000000000000000, 0.000000000000000000, 0.000000000000000000 ) ) ;
#184 = CARTESIAN_POINT ( 'NONE',  ( 8.679899476995045049, -6.821806095210050991, 5.400137046524544182 ) ) ;
#185 = CIRCLE ( 'NONE', #693, 0.01089732226801191917 ) ;
#186 = FACE_OUTER_BOUND ( 'NONE', #1863, .T. ) ;
#187 = DIRECTION ( 'NONE',  ( 0.000000000000000000, 0.000000000000000000, 1.000000000000000000 ) ) ;
#188 = CARTESIAN_POINT ( 'NONE',  ( 8.679899476995043273, -6.821806095210050991, 5.400137046524544182 ) ) ;
#189 = VECTOR ( 'NONE', #2682, 999.9999999999998863 ) ;
#190 = ORIENTED_EDGE ( 'NONE', *, *, #2996, .T. ) ;
#191 = EDGE_CURVE ( 'NONE', #2699, #2551, #3098, .T. ) ;
#192 = DIRECTION ( 'NONE',  ( -0.000000000000000000, -0.000000000000000000, -1.000000000000000000 ) ) ;
#193 = ORIENTED_EDGE ( 'NONE', *, *, #2614, .F. ) ;
#194 = AXIS2_PLACEMENT_3D ( 'NONE', #4106, #5408, #4546 ) ;
#195 = DIRECTION ( 'NONE',  ( -1.000000000000000000, 0.000000000000000000, 0.000000000000000000 ) ) ;
#196 = DIRECTION ( 'NONE',  ( -0.7456799060895265008, 0.6663043431153025109, 0.000000000000000000 ) ) ;
#197 = VERTEX_POINT ( 'NONE', #4452 ) ;
#198 = LINE ( 'NONE', #1652, #2957 ) ;
#199 = VERTEX_POINT ( 'NONE', #5845 ) ;
#200 = AXIS2_PLACEMENT_3D ( 'NONE', #1527, #5397, #3492 ) ;
#201 = VECTOR ( 'NONE', #2894, 1000.000000000000000 ) ;
#202 = CARTESIAN_POINT ( 'NONE',  ( -10.46740672188842147, -8.712312115502383492, 2.000000000000000000 ) ) ;
#203 = ORIENTED_EDGE ( 'NONE', *, *, #5070, .T. ) ;
#204 = ORIENTED_EDGE ( 'NONE', *, *, #6079, .F. ) ;
#205 = AXIS2_PLACEMENT_3D ( 'NONE', #4950, #624, #5014 ) ;
#206 = DIRECTION ( 'NONE',  ( 1.985712777636717435E-05, -0.9999999998028472614, 0.000000000000000000 ) ) ;
#207 = EDGE_LOOP ( 'NONE', ( #159, #4521, #6135, #473 ) ) ;
#208 = EDGE_CURVE ( 'NONE', #1552, #4009, #3670, .T. ) ;
#209 = PLANE ( 'NONE',  #3221 ) ;
#210 = CONICAL_SURFACE ( 'NONE', #6067, 0.5891026782378090410, 0.8377580409572866760 ) ;
#211 = CARTESIAN_POINT ( 'NONE',  ( -8.711810228149607482, -10.46808976771512256, 2.000000000000000000 ) ) ;
#212 = CARTESIAN_POINT ( 'NONE',  ( -12.70003164975509158, 8.199931351990825235, 2.000000000000000000 ) ) ;
#213 = FACE_OUTER_BOUND ( 'NONE', #5557, .T. ) ;
#214 = CARTESIAN_POINT ( 'NONE',  ( -3.469446951953614189E-15, -1.387778780781445676E-14, 5.500000000000000000 ) ) ;
#215 = LINE ( 'NONE', #3238, #2940 ) ;
#216 = EDGE_CURVE ( 'NONE', #3113, #84, #1536, .T. ) ;
#217 = AXIS2_PLACEMENT_3D ( 'NONE', #2743, #754, #2686 ) ;
#218 = LINE ( 'NONE', #1080, #4227 ) ;
#219 = CARTESIAN_POINT ( 'NONE',  ( -6.226017545673658837, -8.191337453838370308, 5.500000000000000000 ) ) ;
#220 = DIRECTION ( 'NONE',  ( 0.3335644363432435089, 0.6926410394067271659, -0.6395179100983671150 ) ) ;
#221 = ORIENTED_EDGE ( 'NONE', *, *, #2058, .T. ) ;
#222 = CARTESIAN_POINT ( 'NONE',  ( -15.00000000000000355, -15.50000000000006573, 2.000000000000000000 ) ) ;
#223 = ORIENTED_EDGE ( 'NONE', *, *, #3919, .F. ) ;
#224 = CIRCLE ( 'NONE', #1030, 0.2999999999685372121 ) ;
#225 = DIRECTION ( 'NONE',  ( 0.000000000000000000, -0.05233595624294390403, -0.9986295347545739443 ) ) ;
#226 = EDGE_CURVE ( 'NONE', #5755, #1162, #5406, .T. ) ;
#227 = CARTESIAN_POINT ( 'NONE',  ( -12.99995560200986766, 4.349968417071295335, 2.000000000000000000 ) ) ;
#228 = AXIS2_PLACEMENT_3D ( 'NONE', #5145, #2324, #4705 ) ;
#229 = FACE_OUTER_BOUND ( 'NONE', #1775, .T. ) ;
#230 = VERTEX_POINT ( 'NONE', #2520 ) ;
#231 = CIRCLE ( 'NONE', #1043, 27.82180636872580592 ) ;
#232 = VECTOR ( 'NONE', #3771, 1000.000000000000114 ) ;
#233 = CIRCLE ( 'NONE', #3960, 0.4999999999999987232 ) ;
#234 = DIRECTION ( 'NONE',  ( 0.000000000000000000, 0.000000000000000000, -1.000000000000000000 ) ) ;
#235 = ORIENTED_EDGE ( 'NONE', *, *, #651, .F. ) ;
#236 = VERTEX_POINT ( 'NONE', #1500 ) ;
#237 = AXIS2_PLACEMENT_3D ( 'NONE', #93, #33, #2529 ) ;
#238 = AXIS2_PLACEMENT_3D ( 'NONE', #416, #4302, #3356 ) ;
#239 = DIRECTION ( 'NONE',  ( -0.02357022603955368986, -0.7067138349038022405, 0.7071067811865515695 ) ) ;
#240 = AXIS2_PLACEMENT_3D ( 'NONE', #1088, #611, #2 ) ;
#241 = ORIENTED_EDGE ( 'NONE', *, *, #5295, .T. ) ;
#242 = DIRECTION ( 'NONE',  ( 1.000000000000000000, 0.000000000000000000, 0.000000000000000000 ) ) ;
#243 = CARTESIAN_POINT ( 'NONE',  ( -1.110146782585497208E-09, -6.410891652989176848, 5.500000000000000000 ) ) ;
#244 = AXIS2_PLACEMENT_3D ( 'NONE', #2665, #2209, #4141 ) ;
#245 = DIRECTION ( 'NONE',  ( -0.9999999998285351577, -1.851836092818829135E-05, -0.000000000000000000 ) ) ;
#246 = EDGE_CURVE ( 'NONE', #197, #3497, #119, .T. ) ;
#247 = FACE_OUTER_BOUND ( 'NONE', #5894, .T. ) ;
#248 = AXIS2_PLACEMENT_3D ( 'NONE', #5913, #464, #5778 ) ;
#249 = CARTESIAN_POINT ( 'NONE',  ( -2.800136971000003694, -5.699274774000014254, 2.000000000000000000 ) ) ;
#250 = CARTESIAN_POINT ( 'NONE',  ( -8.200092867000003949, -6.220646561000013897, 2.000000000000000000 ) ) ;
#251 = VECTOR ( 'NONE', #858, 1000.000000000000227 ) ;
#252 = FACE_OUTER_BOUND ( 'NONE', #1066, .T. ) ;
#253 = LINE ( 'NONE', #1199, #4836 ) ;
#254 = PLANE ( 'NONE',  #2394 ) ;
#255 = ORIENTED_EDGE ( 'NONE', *, *, #1713, .T. ) ;
#256 = EDGE_CURVE ( 'NONE', #2676, #2827, #2126, .T. ) ;
#257 = CARTESIAN_POINT ( 'NONE',  ( -8.729351623139550043, 7.494650282924822271, 2.022095896101888890 ) ) ;
#258 = ORIENTED_EDGE ( 'NONE', *, *, #3996, .T. ) ;
#259 = EDGE_CURVE ( 'NONE', #5025, #6229, #6100, .T. ) ;
#260 = DIRECTION ( 'NONE',  ( -0.000000000000000000, -0.000000000000000000, -1.000000000000000000 ) ) ;
#261 = CARTESIAN_POINT ( 'NONE',  ( -6.219804941000003140, -8.200290396000012194, 2.000000000000000000 ) ) ;
#262 = DIRECTION ( 'NONE',  ( 0.000000000000000000, 0.000000000000000000, 1.000000000000000000 ) ) ;
#263 = EDGE_CURVE ( 'NONE', #199, #1777, #3652, .T. ) ;
#264 = CIRCLE ( 'NONE', #864, 0.1218063682009093429 ) ;
#265 = EDGE_CURVE ( 'NONE', #2206, #4250, #215, .T. ) ;
#266 = DIRECTION ( 'NONE',  ( -0.000000000000000000, -0.000000000000000000, -1.000000000000000000 ) ) ;
#267 = VECTOR ( 'NONE', #4115, 1000.000000000000114 ) ;
#268 = ORIENTED_EDGE ( 'NONE', *, *, #3078, .F. ) ;
#269 = FACE_OUTER_BOUND ( 'NONE', #595, .T. ) ;
#270 = ORIENTED_EDGE ( 'NONE', *, *, #3543, .T. ) ;
#271 = ORIENTED_EDGE ( 'NONE', *, *, #3695, .F. ) ;
#272 = CARTESIAN_POINT ( 'NONE',  ( -4.049589503275984548, -15.49999999999999822, 2.000000000000000000 ) ) ;
#273 = ORIENTED_EDGE ( 'NONE', *, *, #4040, .T. ) ;
#274 = LINE ( 'NONE', #2194, #4445 ) ;
#275 = CONICAL_SURFACE ( 'NONE', #5523, 6.049999999780197868, 0.05235987755982995234 ) ;
#276 = PLANE ( 'NONE',  #3285 ) ;
#277 = CARTESIAN_POINT ( 'NONE',  ( -10.49635565287687200, -8.682122365368165617, 2.797922498894463317 ) ) ;
#278 = CARTESIAN_POINT ( 'NONE',  ( -13.29995560200000249, 4.349962459999986208, 5.500000000000000000 ) ) ;
#279 = FACE_OUTER_BOUND ( 'NONE', #1988, .T. ) ;
#280 = CARTESIAN_POINT ( 'NONE',  ( 5.361140813998435561, 3.138270930920583179, 5.400137046524544182 ) ) ;
#281 = ADVANCED_FACE ( 'NONE', ( #279 ), #1022, .T. ) ;
#282 = CARTESIAN_POINT ( 'NONE',  ( 4.350413607999995769, -13.30000185100001531, 2.000000000000000000 ) ) ;
#283 = DIRECTION ( 'NONE',  ( 1.000000000000000000, 0.000000000000000000, 0.000000000000000000 ) ) ;
#284 = ORIENTED_EDGE ( 'NONE', *, *, #4542, .F. ) ;
#285 = DIRECTION ( 'NONE',  ( 0.000000000000000000, 0.000000000000000000, -1.000000000000000000 ) ) ;
#286 = ORIENTED_EDGE ( 'NONE', *, *, #6049, .T. ) ;
#287 = DIRECTION ( 'NONE',  ( 1.000000000000000000, 0.000000000000000000, 0.000000000000000000 ) ) ;
#288 = ADVANCED_FACE ( 'NONE', ( #2199 ), #386, .T. ) ;
#289 = DIRECTION ( 'NONE',  ( -1.000000000000000000, 0.000000000000000000, 0.000000000000000000 ) ) ;
#290 = DIRECTION ( 'NONE',  ( 1.000000000000000000, 0.000000000000000000, 0.000000000000000000 ) ) ;
#291 = DIRECTION ( 'NONE',  ( -1.000000000000000000, 0.000000000000000000, 0.000000000000000000 ) ) ;
#292 = VECTOR ( 'NONE', #2318, 1000.000000000000000 ) ;
#293 = VERTEX_POINT ( 'NONE', #4073 ) ;
#294 = ADVANCED_FACE ( 'NONE', ( #4105 ), #5031, .T. ) ;
#295 = EDGE_CURVE ( 'NONE', #18, #362, #2137, .T. ) ;
#296 = FACE_OUTER_BOUND ( 'NONE', #5126, .T. ) ;
#297 = ORIENTED_EDGE ( 'NONE', *, *, #5310, .F. ) ;
#298 = ORIENTED_EDGE ( 'NONE', *, *, #99, .T. ) ;
#299 = FACE_OUTER_BOUND ( 'NONE', #5111, .T. ) ;
#300 = VECTOR ( 'NONE', #89, 1000.000000000000000 ) ;
#301 = ORIENTED_EDGE ( 'NONE', *, *, #1824, .T. ) ;
#302 = EDGE_CURVE ( 'NONE', #5747, #1611, #4527, .T. ) ;
#303 = PLANE ( 'NONE',  #1402 ) ;
#304 = MECHANICAL_DESIGN_GEOMETRIC_PRESENTATION_REPRESENTATION (  '', ( #5553 ), #2216 ) ;
#305 = LINE ( 'NONE', #212, #4908 ) ;
#306 = DIRECTION ( 'NONE',  ( -1.000000000000000000, 0.000000000000000000, 0.000000000000000000 ) ) ;
#307 = CARTESIAN_POINT ( 'NONE',  ( 3.761310930154415644, -13.30000798743927959, 5.500000000000000000 ) ) ;
#308 = CARTESIAN_POINT ( 'NONE',  ( -5.699274774000003596, -2.800136971000014352, 5.500000000000000000 ) ) ;
#309 = AXIS2_PLACEMENT_3D ( 'NONE', #3554, #5482, #4599 ) ;
#310 = LINE ( 'NONE', #5081, #6149 ) ;
#311 = DIRECTION ( 'NONE',  ( -0.9986295346001653472, -1.756114549464374118E-05, 0.05233595624294390403 ) ) ;
#312 = DIRECTION ( 'NONE',  ( -0.7061377157226215173, -0.7061377161136309644, 0.05233595624294389709 ) ) ;
#313 = PLANE ( 'NONE',  #2094 ) ;
#314 = ORIENTED_EDGE ( 'NONE', *, *, #796, .F. ) ;
#315 = VECTOR ( 'NONE', #2329, 1000.000000000000114 ) ;
#316 = CARTESIAN_POINT ( 'NONE',  ( 7.303070801027654824, -8.895613697463835123, 5.400137046524546847 ) ) ;
#317 = ORIENTED_EDGE ( 'NONE', *, *, #4493, .F. ) ;
#318 = DIRECTION ( 'NONE',  ( -0.7361562438362134753, -0.6768116315940184702, -6.929358379613376815E-18 ) ) ;
#319 = DIRECTION ( 'NONE',  ( -3.709638528124458165E-11, -0.7431448254774006834, -0.6691306063588511321 ) ) ;
#320 = CARTESIAN_POINT ( 'NONE',  ( -5.699274774000003596, 2.800136970999986374, 5.400137046524544182 ) ) ;
#321 = ADVANCED_FACE ( 'NONE', ( #4636 ), #992, .T. ) ;
#322 = CARTESIAN_POINT ( 'NONE',  ( -12.69964404000000435, -8.500221414000012743, 2.000000000000000000 ) ) ;
#323 = CARTESIAN_POINT ( 'NONE',  ( -8.530266251024558599, -10.64330389523023257, 5.466801045666021430 ) ) ;
#324 = ORIENTED_EDGE ( 'NONE', *, *, #404, .T. ) ;
#325 = DIRECTION ( 'NONE',  ( -0.000000000000000000, -0.000000000000000000, -1.000000000000000000 ) ) ;
#326 = EDGE_LOOP ( 'NONE', ( #5449, #1423, #827, #5257 ) ) ;
#327 = EDGE_LOOP ( 'NONE', ( #3678, #1600, #5341, #20, #1622, #3720, #1817, #2364 ) ) ;
#328 = EDGE_CURVE ( 'NONE', #3080, #5932, #2097, .T. ) ;
#329 = AXIS2_PLACEMENT_3D ( 'NONE', #4416, #80, #3060 ) ;
#330 = DIRECTION ( 'NONE',  ( -0.5254827454987609503, 0.5254827454987609503, -0.6691306063588549069 ) ) ;
#331 = AXIS2_PLACEMENT_3D ( 'NONE', #4091, #6022, #1679 ) ;
#332 = VERTEX_POINT ( 'NONE', #1723 ) ;
#333 = EDGE_CURVE ( 'NONE', #3423, #463, #4160, .T. ) ;
#334 = CIRCLE ( 'NONE', #228, 0.01089732201575970699 ) ;
#335 = B_SPLINE_CURVE_WITH_KNOTS ( 'NONE', 3,
 ( #778, #4196, #5646, #2712 ),
 .UNSPECIFIED., .F., .F.,
 ( 4, 4 ),
 ( 0.000000000000000000, 0.0001494333430515586809 ),
 .UNSPECIFIED. ) ;
#336 = LINE ( 'NONE', #2256, #5146 ) ;
#337 = AXIS2_PLACEMENT_3D ( 'NONE', #6200, #2872, #3820 ) ;
#338 = CIRCLE ( 'NONE', #645, 5.760897322021587996 ) ;
#339 = PLANE ( 'NONE',  #4697 ) ;
#340 = EDGE_CURVE ( 'NONE', #963, #583, #1794, .T. ) ;
#341 = DIRECTION ( 'NONE',  ( -1.000000000000000000, 0.000000000000000000, 0.000000000000000000 ) ) ;
#342 = CARTESIAN_POINT ( 'NONE',  ( 8.131365950999994041, -6.410891652236014870, 5.500000000000000000 ) ) ;
#343 = ADVANCED_FACE ( 'NONE', ( #5584 ), #2302, .T. ) ;
#344 = CARTESIAN_POINT ( 'NONE',  ( 7.983686114254484600, -9.991018922899039367, 5.400137046526352513 ) ) ;
#345 = CONICAL_SURFACE ( 'NONE', #5690, 6.049999999780197868, 0.05235987755982995234 ) ;
#346 = DIRECTION ( 'NONE',  ( -9.062766149342983893E-12, -0.05233595624294390403, -0.9986295347545739443 ) ) ;
#347 = LINE ( 'NONE', #4523, #5491 ) ;
#348 = FACE_OUTER_BOUND ( 'NONE', #3949, .T. ) ;
#349 = VERTEX_POINT ( 'NONE', #3709 ) ;
#350 = ORIENTED_EDGE ( 'NONE', *, *, #4303, .F. ) ;
#351 = DIRECTION ( 'NONE',  ( 7.012884420830968584E-07, -0.05233595623824536386, -0.9986295347545739443 ) ) ;
#352 = CIRCLE ( 'NONE', #5191, 0.3000000000192917793 ) ;
#353 = ORIENTED_EDGE ( 'NONE', *, *, #4506, .T. ) ;
#354 = DIRECTION ( 'NONE',  ( -0.000000000000000000, -0.000000000000000000, -1.000000000000000000 ) ) ;
#355 = FACE_OUTER_BOUND ( 'NONE', #4832, .T. ) ;
#356 = CARTESIAN_POINT ( 'NONE',  ( -5.699274774000003596, -2.800136971000014352, 2.000000000000000000 ) ) ;
#357 = DIRECTION ( 'NONE',  ( -0.5254828055869964487, -0.5254826854105336675, -0.6691306063588430275 ) ) ;
#358 = VERTEX_POINT ( 'NONE', #2230 ) ;
#359 = DIRECTION ( 'NONE',  ( -0.02357022603955393619, -0.7067138349038094569, -0.7071067811865443531 ) ) ;
#360 = ORIENTED_EDGE ( 'NONE', *, *, #6199, .T. ) ;
#361 = DIRECTION ( 'NONE',  ( 7.180436279143186773E-11, 1.000000000000000000, -1.302571054483150310E-28 ) ) ;
#362 = VERTEX_POINT ( 'NONE', #5079 ) ;
#363 = VECTOR ( 'NONE', #6119, 1000.000000000000000 ) ;
#364 = EDGE_CURVE ( 'NONE', #3089, #6050, #2610, .T. ) ;
#365 = CARTESIAN_POINT ( 'NONE',  ( -8.111631936916140262, 6.303454149104428694, 5.400137046524552176 ) ) ;
#366 = DIRECTION ( 'NONE',  ( 1.000000000000000000, 0.000000000000000000, 0.000000000000000000 ) ) ;
#367 = VERTEX_POINT ( 'NONE', #1755 ) ;
#368 = CARTESIAN_POINT ( 'NONE',  ( -13.50000000000000355, -13.50000000000000000, 0.4999999999999970024 ) ) ;
#369 = ADVANCED_FACE ( 'NONE', ( #3683 ), #3738, .T. ) ;
#370 = PLANE ( 'NONE',  #394 ) ;
#371 = CARTESIAN_POINT ( 'NONE',  ( -3.012269005482690609, -5.487142739601639008, 2.000000000000000000 ) ) ;
#372 = LINE ( 'NONE', #2832, #3445 ) ;
#373 = EDGE_CURVE ( 'NONE', #765, #153, #231, .T. ) ;
#374 = VERTEX_POINT ( 'NONE', #342 ) ;
#375 = ORIENTED_EDGE ( 'NONE', *, *, #1489, .T. ) ;
#376 = CARTESIAN_POINT ( 'NONE',  ( -6.486124438912509227, 4.263254555203465301, 5.400137046524543294 ) ) ;
#377 = VERTEX_POINT ( 'NONE', #2261 ) ;
#378 = DIRECTION ( 'NONE',  ( 1.000000000000000000, 0.000000000000000000, 0.000000000000000000 ) ) ;
#379 = CARTESIAN_POINT ( 'NONE',  ( 6.220395436332086803, -8.078282454862662831, 5.400137046524545958 ) ) ;
#380 = DIRECTION ( 'NONE',  ( -1.618115309248127127E-05, 0.9986295346234793646, 0.05233595624294390403 ) ) ;
#381 = EDGE_CURVE ( 'NONE', #1650, #3627, #4191, .T. ) ;
#382 = ORIENTED_EDGE ( 'NONE', *, *, #3157, .T. ) ;
#383 = EDGE_LOOP ( 'NONE', ( #2930, #1832, #470, #1859 ) ) ;
#384 = CARTESIAN_POINT ( 'NONE',  ( -15.50000000000007461, -14.99999999999999822, 2.000000000000000000 ) ) ;
#385 = ORIENTED_EDGE ( 'NONE', *, *, #6051, .F. ) ;
#386 = CONICAL_SURFACE ( 'NONE', #1486, 0.3000000000672586320, 0.05235987755982995234 ) ;
#387 = DIRECTION ( 'NONE',  ( 1.196361017915039486E-16, -1.000000000000000000, 0.000000000000000000 ) ) ;
#388 = ORIENTED_EDGE ( 'NONE', *, *, #839, .T. ) ;
#389 = PLANE ( 'NONE',  #810 ) ;
#390 = DIRECTION ( 'NONE',  ( 0.000000000000000000, 0.000000000000000000, -1.000000000000000000 ) ) ;
#391 = EDGE_CURVE ( 'NONE', #1162, #2337, #1355, .T. ) ;
#392 = ORIENTED_EDGE ( 'NONE', *, *, #5647, .F. ) ;
#393 = CARTESIAN_POINT ( 'NONE',  ( -6.999999727012735207, 8.679899476999986874, 2.000000000000000000 ) ) ;
#394 = AXIS2_PLACEMENT_3D ( 'NONE', #1783, #724, #1695 ) ;
#395 = FACE_OUTER_BOUND ( 'NONE', #1023, .T. ) ;
#396 = LINE ( 'NONE', #3304, #39 ) ;
#397 = CARTESIAN_POINT ( 'NONE',  ( -7.988169577572673319, 6.432102011106715089, 2.000000000000000000 ) ) ;
#398 = ORIENTED_EDGE ( 'NONE', *, *, #444, .F. ) ;
#399 = ORIENTED_EDGE ( 'NONE', *, *, #2533, .T. ) ;
#400 = DIRECTION ( 'NONE',  ( -1.000000000000000000, 0.000000000000000000, 0.000000000000000000 ) ) ;
#401 = ADVANCED_FACE ( 'NONE', ( #1413 ), #3887, .T. ) ;
#402 = CIRCLE ( 'NONE', #4241, 0.3000000000226588637 ) ;
#403 = EDGE_LOOP ( 'NONE', ( #4685, #6204, #676, #528 ) ) ;
#404 = EDGE_CURVE ( 'NONE', #1593, #4657, #5243, .T. ) ;
#405 = CARTESIAN_POINT ( 'NONE',  ( -7.900294732056525326, 6.219970388503318404, 1.999999999998327782 ) ) ;
#406 = LINE ( 'NONE', #946, #315 ) ;
#407 = VECTOR ( 'NONE', #2635, 1000.000000000000000 ) ;
#408 = CARTESIAN_POINT ( 'NONE',  ( 4.341679093727287331, -6.407699900271042637, 5.500000000000000000 ) ) ;
#409 = VERTEX_POINT ( 'NONE', #3792 ) ;
#410 = EDGE_CURVE ( 'NONE', #708, #816, #2812, .T. ) ;
#411 = ORIENTED_EDGE ( 'NONE', *, *, #2500, .T. ) ;
#412 = VECTOR ( 'NONE', #3368, 1000.000000000000000 ) ;
#413 = DIRECTION ( 'NONE',  ( 1.000000000000000000, -4.991528668765784848E-11, 0.000000000000000000 ) ) ;
#414 = VERTEX_POINT ( 'NONE', #1954 ) ;
#415 = ORIENTED_EDGE ( 'NONE', *, *, #2269, .F. ) ;
#416 = CARTESIAN_POINT ( 'NONE',  ( -10.67954268100000448, -8.500184006000015557, 2.000000000000000000 ) ) ;
#417 = ORIENTED_EDGE ( 'NONE', *, *, #4834, .F. ) ;
#418 = FACE_OUTER_BOUND ( 'NONE', #3987, .T. ) ;
#419 = ORIENTED_EDGE ( 'NONE', *, *, #2876, .T. ) ;
#420 = LINE ( 'NONE', #4377, #5513 ) ;
#421 = AXIS2_PLACEMENT_3D ( 'NONE', #5746, #3878, #5841 ) ;
#422 = VERTEX_POINT ( 'NONE', #439 ) ;
#423 = CIRCLE ( 'NONE', #1739, 0.3000000001321459497 ) ;
#424 = AXIS2_PLACEMENT_3D ( 'NONE', #3310, #4290, #3168 ) ;
#425 = FACE_OUTER_BOUND ( 'NONE', #4645, .T. ) ;
#426 = CARTESIAN_POINT ( 'NONE',  ( -14.48333333333333961, 14.98305084614873017, 2.000000000000000000 ) ) ;
#427 = VECTOR ( 'NONE', #3072, 1000.000000000000227 ) ;
#428 = ADVANCED_FACE ( 'NONE', ( #499 ), #4831, .T. ) ;
#429 = DIRECTION ( 'NONE',  ( 0.05345661952769241443, 0.01870512960617276566, -0.9983949659103293905 ) ) ;
#430 = DIRECTION ( 'NONE',  ( 0.05102517486721797751, 0.02457537954847596740, -0.9983949530370322956 ) ) ;
#431 = ORIENTED_EDGE ( 'NONE', *, *, #5586, .T. ) ;
#432 = DIRECTION ( 'NONE',  ( 0.9999999998687201241, 1.620369089684678009E-05, -0.000000000000000000 ) ) ;
#433 = VERTEX_POINT ( 'NONE', #1884 ) ;
#434 = DIRECTION ( 'NONE',  ( -0.05226443000193368299, 0.05226358314900961255, -0.9972647327730984612 ) ) ;
#435 = CONICAL_SURFACE ( 'NONE', #2976, 0.01089732209247004646, 0.8377580409572651376 ) ;
#436 = CARTESIAN_POINT ( 'NONE',  ( -9.965091757386598914, 8.010082888815535540, 4.688763445086282289 ) ) ;
#437 = FACE_OUTER_BOUND ( 'NONE', #2518, .T. ) ;
#438 = EDGE_CURVE ( 'NONE', #5282, #1299, #4295, .T. ) ;
#439 = CARTESIAN_POINT ( 'NONE',  ( -8.510549692257084686, -12.70032015012024651, 5.500000000000000000 ) ) ;
#440 = ORIENTED_EDGE ( 'NONE', *, *, #4291, .T. ) ;
#441 = AXIS2_PLACEMENT_3D ( 'NONE', #1767, #3218, #2749 ) ;
#442 = EDGE_CURVE ( 'NONE', #4675, #2466, #5275, .T. ) ;
#443 = ORIENTED_EDGE ( 'NONE', *, *, #1362, .F. ) ;
#444 = EDGE_CURVE ( 'NONE', #2995, #3416, #2659, .T. ) ;
#445 = LINE ( 'NONE', #1773, #3668 ) ;
#446 = ORIENTED_EDGE ( 'NONE', *, *, #2269, .T. ) ;
#447 = EDGE_CURVE ( 'NONE', #985, #3357, #5993, .T. ) ;
#448 = ORIENTED_EDGE ( 'NONE', *, *, #2623, .T. ) ;
#449 = CARTESIAN_POINT ( 'NONE',  ( -4.349384663976573862, -6.521800698070650881, 5.400137046526187312 ) ) ;
#450 = ORIENTED_EDGE ( 'NONE', *, *, #5102, .F. ) ;
#451 = DIRECTION ( 'NONE',  ( 1.000000000000000000, 0.000000000000000000, 0.000000000000000000 ) ) ;
#452 = ORIENTED_EDGE ( 'NONE', *, *, #4254, .T. ) ;
#453 = ADVANCED_FACE ( 'NONE', ( #887 ), #1825, .T. ) ;
#454 = DIRECTION ( 'NONE',  ( 0.6663447065353802490, -0.7456438372790845648, -9.476967503372663905E-21 ) ) ;
#455 = VECTOR ( 'NONE', #2348, 1000.000000000000000 ) ;
#456 = VERTEX_POINT ( 'NONE', #408 ) ;
#457 = CARTESIAN_POINT ( 'NONE',  ( -12.69963848481760138, -8.800221413993538633, 2.000000000000000000 ) ) ;
#458 = FACE_OUTER_BOUND ( 'NONE', #5662, .T. ) ;
#459 = CARTESIAN_POINT ( 'NONE',  ( -15.50000000000000000, 4.049926811792508907, 2.000000000000000000 ) ) ;
#460 = CARTESIAN_POINT ( 'NONE',  ( 5.830852286213628943, -0.2152995572986453054, 5.433547372085572924 ) ) ;
#461 = ORIENTED_EDGE ( 'NONE', *, *, #4996, .T. ) ;
#462 = DIRECTION ( 'NONE',  ( 1.000000000000000000, 0.000000000000000000, 0.000000000000000000 ) ) ;
#463 = VERTEX_POINT ( 'NONE', #4800 ) ;
#464 = DIRECTION ( 'NONE',  ( -0.000000000000000000, -0.000000000000000000, -1.000000000000000000 ) ) ;
#465 = PLANE ( 'NONE',  #4512 ) ;
#466 = EDGE_CURVE ( 'NONE', #422, #2322, #3253, .T. ) ;
#467 = PLANE ( 'NONE',  #5076 ) ;
#468 = CARTESIAN_POINT ( 'NONE',  ( -6.999999726802731637, 11.42726392699998605, 2.000000000000000000 ) ) ;
#469 = DIRECTION ( 'NONE',  ( -0.6663412544728544162, 0.7456469222008113018, 0.000000000000000000 ) ) ;
#470 = ORIENTED_EDGE ( 'NONE', *, *, #90, .T. ) ;
#471 = LINE ( 'NONE', #5412, #6093 ) ;
#472 = EDGE_CURVE ( 'NONE', #2912, #727, #3852, .T. ) ;
#473 = ORIENTED_EDGE ( 'NONE', *, *, #3360, .F. ) ;
#474 = CARTESIAN_POINT ( 'NONE',  ( 3.534703078999996251, 5.585312744999986201, 5.500000000000000000 ) ) ;
#475 = ORIENTED_EDGE ( 'NONE', *, *, #5939, .F. ) ;
#476 = FACE_OUTER_BOUND ( 'NONE', #3770, .T. ) ;
#477 = ADVANCED_FACE ( 'NONE', ( #5787 ), #1444, .T. ) ;
#478 = VERTEX_POINT ( 'NONE', #2330 ) ;
#479 = CONICAL_SURFACE ( 'NONE', #1592, 0.5891026781632284770, 0.8377580409572865650 ) ;
#480 = CARTESIAN_POINT ( 'NONE',  ( -13.29972768255768756, -3.761172065285984356, 5.500000000000000000 ) ) ;
#481 = ORIENTED_EDGE ( 'NONE', *, *, #1830, .T. ) ;
#482 = DIRECTION ( 'NONE',  ( 0.000000000000000000, 0.000000000000000000, -1.000000000000000000 ) ) ;
#483 = ORIENTED_EDGE ( 'NONE', *, *, #1858, .T. ) ;
#484 = EDGE_CURVE ( 'NONE', #2935, #5210, #2362, .T. ) ;
#485 = CARTESIAN_POINT ( 'NONE',  ( -8.137644494997841704, -6.278059611763879388, 5.433439727040709322 ) ) ;
#486 = DIRECTION ( 'NONE',  ( 1.000000000000000000, 0.000000000000000000, 0.000000000000000000 ) ) ;
#487 = CARTESIAN_POINT ( 'NONE',  ( 14.48332870112989212, -14.50000000000000000, 0.000000000000000000 ) ) ;
#488 = CARTESIAN_POINT ( 'NONE',  ( -5.399274773820393669, 2.800136970999986374, 2.000000000000000000 ) ) ;
#489 = ORIENTED_EDGE ( 'NONE', *, *, #4693, .T. ) ;
#490 = DIRECTION ( 'NONE',  ( -0.000000000000000000, -0.000000000000000000, -1.000000000000000000 ) ) ;
#491 = VERTEX_POINT ( 'NONE', #5308 ) ;
#492 = DIRECTION ( 'NONE',  ( 0.000000000000000000, 0.000000000000000000, -1.000000000000000000 ) ) ;
#493 = ORIENTED_EDGE ( 'NONE', *, *, #6236, .T. ) ;
#494 = CIRCLE ( 'NONE', #4034, 0.3000000000443481252 ) ;
#495 = AXIS2_PLACEMENT_3D ( 'NONE', #6248, #1902, #3841 ) ;
#496 = CARTESIAN_POINT ( 'NONE',  ( -4.349635330000003464, -13.30026441600001519, 5.500000000000000000 ) ) ;
#497 = DIRECTION ( 'NONE',  ( -1.000000000000000000, 0.000000000000000000, 0.000000000000000000 ) ) ;
#498 = LINE ( 'NONE', #3886, #4074 ) ;
#499 = FACE_OUTER_BOUND ( 'NONE', #1774, .T. ) ;
#500 = ORIENTED_EDGE ( 'NONE', *, *, #2331, .F. ) ;
#501 = VECTOR ( 'NONE', #3680, 1000.000000000000000 ) ;
#502 = DIRECTION ( 'NONE',  ( 1.000000000000000000, 0.000000000000000000, 0.000000000000000000 ) ) ;
#503 = ORIENTED_EDGE ( 'NONE', *, *, #1888, .T. ) ;
#504 = VECTOR ( 'NONE', #4437, 1000.000000000000114 ) ;
#505 = FACE_OUTER_BOUND ( 'NONE', #1347, .T. ) ;
#506 = ADVANCED_FACE ( 'NONE', ( #978 ), #3314, .F. ) ;
#507 = ORIENTED_EDGE ( 'NONE', *, *, #5119, .T. ) ;
#508 = CARTESIAN_POINT ( 'NONE',  ( -6.999994330000003373, 8.131365950999983383, 5.500000000000000000 ) ) ;
#509 = VECTOR ( 'NONE', #2170, 1000.000000000000000 ) ;
#510 = ORIENTED_EDGE ( 'NONE', *, *, #3108, .T. ) ;
#511 = DIRECTION ( 'NONE',  ( 1.000000000000000000, 0.000000000000000000, 0.000000000000000000 ) ) ;
#512 = EDGE_CURVE ( 'NONE', #4675, #6002, #1576, .T. ) ;
#513 = ORIENTED_EDGE ( 'NONE', *, *, #2488, .F. ) ;
#514 = ORIENTED_EDGE ( 'NONE', *, *, #2359, .F. ) ;
#515 = ADVANCED_FACE ( 'NONE', ( #5440 ), #1607, .F. ) ;
#516 = CARTESIAN_POINT ( 'NONE',  ( -6.371613286643066587, -8.046116792754583358, 3.595844929289017333 ) ) ;
#517 = VECTOR ( 'NONE', #4680, 1000.000000000000000 ) ;
#518 = VERTEX_POINT ( 'NONE', #2048 ) ;
#519 = PRODUCT ( 'Tampa_Perfil_3030_R', 'Tampa_Perfil_3030_R', '', ( #4393 ) ) ;
#520 = CARTESIAN_POINT ( 'NONE',  ( 8.131365950999994041, -6.521800698120708617, 5.400137046528810103 ) ) ;
#521 = DIRECTION ( 'NONE',  ( -0.3943763864489960302, -0.6298662536168120329, 0.6691306063588436936 ) ) ;
#522 = EDGE_CURVE ( 'NONE', #4298, #4761, #5918, .T. ) ;
#523 = FACE_OUTER_BOUND ( 'NONE', #4491, .T. ) ;
#524 = DIRECTION ( 'NONE',  ( 0.000000000000000000, 0.000000000000000000, -1.000000000000000000 ) ) ;
#525 = CONICAL_SURFACE ( 'NONE', #3061, 28.00000000046042103, 0.05235987755982995234 ) ;
#526 = ORIENTED_EDGE ( 'NONE', *, *, #1159, .T. ) ;
#527 = CARTESIAN_POINT ( 'NONE',  ( -8.200092867000003949, -6.220646561000013897, 5.400137046524553064 ) ) ;
#528 = ORIENTED_EDGE ( 'NONE', *, *, #3617, .T. ) ;
#529 = FACE_OUTER_BOUND ( 'NONE', #2376, .T. ) ;
#530 = CARTESIAN_POINT ( 'NONE',  ( 11.72726392696272768, -6.699999727000014005, 2.000000000000000000 ) ) ;
#531 = AXIS2_PLACEMENT_3D ( 'NONE', #1692, #1196, #5973 ) ;
#532 = AXIS2_PLACEMENT_3D ( 'NONE', #2425, #919, #2842 ) ;
#533 = VECTOR ( 'NONE', #1891, 1000.000000000000114 ) ;
#534 = DIRECTION ( 'NONE',  ( -0.6663447065353801380, 0.7456438372790846758, 0.000000000000000000 ) ) ;
#535 = AXIS2_PLACEMENT_3D ( 'NONE', #2871, #1951, #1471 ) ;
#536 = CARTESIAN_POINT ( 'NONE',  ( -15.50000000000007461, -15.50000000000006573, 0.000000000000000000 ) ) ;
#537 = CARTESIAN_POINT ( 'NONE',  ( -5.430017697468889182, 2.667847035079076168, 2.000000000000000000 ) ) ;
#538 = DIRECTION ( 'NONE',  ( -1.376182409648587192E-05, 0.7431448253499730594, -0.6691306063588560171 ) ) ;
#539 = CIRCLE ( 'NONE', #2962, 0.4781936320459598821 ) ;
#540 = AXIS2_PLACEMENT_3D ( 'NONE', #3233, #834, #2704 ) ;
#541 = ORIENTED_EDGE ( 'NONE', *, *, #3223, .F. ) ;
#542 = CARTESIAN_POINT ( 'NONE',  ( -0.2891026777640018919, 8.477655575997752990, 5.500000000000000000 ) ) ;
#543 = EDGE_LOOP ( 'NONE', ( #5876, #6173, #3837, #1147 ) ) ;
#544 = CIRCLE ( 'NONE', #2254, 0.3000000000433419856 ) ;
#545 = CARTESIAN_POINT ( 'NONE',  ( 6.432526034128756010, -7.987953378450780129, 2.000000000000000000 ) ) ;
#546 = ORIENTED_EDGE ( 'NONE', *, *, #1564, .T. ) ;
#547 = AXIS2_PLACEMENT_3D ( 'NONE', #4428, #4906, #2428 ) ;
#548 = CARTESIAN_POINT ( 'NONE',  ( -6.521800698102190097, 4.349384663999985356, 5.400137046524544182 ) ) ;
#549 = CONICAL_SURFACE ( 'NONE', #244, 30.50000000000006040, 0.7853981633974447263 ) ;
#550 = ORIENTED_EDGE ( 'NONE', *, *, #3014, .T. ) ;
#551 = EDGE_CURVE ( 'NONE', #5130, #4532, #4220, .T. ) ;
#552 = DIRECTION ( 'NONE',  ( -0.000000000000000000, -0.000000000000000000, -1.000000000000000000 ) ) ;
#553 = CONICAL_SURFACE ( 'NONE', #4596, 0.2999999999204142620, 0.05235987755982995234 ) ;
#554 = ORIENTED_EDGE ( 'NONE', *, *, #2864, .T. ) ;
#555 = ORIENTED_EDGE ( 'NONE', *, *, #2249, .F. ) ;
#556 = DIRECTION ( 'NONE',  ( -1.000000000000000000, 0.000000000000000000, 0.000000000000000000 ) ) ;
#557 = ORIENTED_EDGE ( 'NONE', *, *, #438, .T. ) ;
#558 = EDGE_CURVE ( 'NONE', #1124, #2454, #158, .T. ) ;
#559 = LINE ( 'NONE', #3364, #3322 ) ;
#560 = EDGE_CURVE ( 'NONE', #3627, #2892, #185, .T. ) ;
#561 = DIRECTION ( 'NONE',  ( 0.7361562438362134753, 0.6768116315940184702, -0.000000000000000000 ) ) ;
#562 = DIRECTION ( 'NONE',  ( 0.05233595625427022585, 0.000000000000000000, -0.9986295347539801970 ) ) ;
#563 = PLANE ( 'NONE',  #329 ) ;
#564 = CIRCLE ( 'NONE', #5217, 0.3000000001796092608 ) ;
#565 = ORIENTED_EDGE ( 'NONE', *, *, #4462, .T. ) ;
#566 = DIRECTION ( 'NONE',  ( 0.000000000000000000, 0.000000000000000000, 1.000000000000000000 ) ) ;
#567 = AXIS2_PLACEMENT_3D ( 'NONE', #688, #5970, #3562 ) ;
#568 = ORIENTED_EDGE ( 'NONE', *, *, #603, .F. ) ;
#569 = DIRECTION ( 'NONE',  ( -0.7071067812268299058, -0.7071067811462650177, 0.000000000000000000 ) ) ;
#570 = DIRECTION ( 'NONE',  ( 9.957758373069124094E-06, -0.7431448254106768347, -0.6691306063588613462 ) ) ;
#571 = EDGE_CURVE ( 'NONE', #197, #866, #3506, .T. ) ;
#572 = CARTESIAN_POINT ( 'NONE',  ( -6.219809108003343745, -7.900290396076111499, 2.000000000000000000 ) ) ;
#573 = DIRECTION ( 'NONE',  ( -0.000000000000000000, -0.000000000000000000, -1.000000000000000000 ) ) ;
#574 = EDGE_CURVE ( 'NONE', #3433, #66, #62, .T. ) ;
#575 = CARTESIAN_POINT ( 'NONE',  ( 6.049999999701888953, 2.115069444295616082E-10, 2.000000000000000000 ) ) ;
#576 = CARTESIAN_POINT ( 'NONE',  ( -10.04201224136885884, 7.929424033098765534, 5.466871965506806319 ) ) ;
#577 = EDGE_LOOP ( 'NONE', ( #1379, #4273, #3424, #2564 ) ) ;
#578 = CARTESIAN_POINT ( 'NONE',  ( -8.621482118014682783, -10.68022076770762041, 5.400137046524545958 ) ) ;
#579 = AXIS2_PLACEMENT_3D ( 'NONE', #2286, #5103, #774 ) ;
#580 = LINE ( 'NONE', #4464, #944 ) ;
#581 = VERTEX_POINT ( 'NONE', #3036 ) ;
#582 = CARTESIAN_POINT ( 'NONE',  ( -6.399994330000002840, -4.349384664000013778, 2.000000000000000000 ) ) ;
#583 = VERTEX_POINT ( 'NONE', #1983 ) ;
#584 = DIRECTION ( 'NONE',  ( 1.000000000000000000, -4.991528668765784202E-11, 0.000000000000000000 ) ) ;
#585 = ORIENTED_EDGE ( 'NONE', *, *, #5888, .T. ) ;
#586 = VERTEX_POINT ( 'NONE', #2012 ) ;
#587 = DIRECTION ( 'NONE',  ( 1.000000000000000000, -5.981805089575197430E-17, 0.000000000000000000 ) ) ;
#588 = ORIENTED_EDGE ( 'NONE', *, *, #4157, .F. ) ;
#589 = DIRECTION ( 'NONE',  ( -0.9986295347545739443, 0.000000000000000000, 0.05233595624294390403 ) ) ;
#590 = CARTESIAN_POINT ( 'NONE',  ( -7.900294732024616629, 6.219970388503319292, 2.000000000000000000 ) ) ;
#591 = ORIENTED_EDGE ( 'NONE', *, *, #1436, .T. ) ;
#592 = EDGE_CURVE ( 'NONE', #422, #3016, #124, .T. ) ;
#593 = CARTESIAN_POINT ( 'NONE',  ( -15.00000000000000355, -13.50000000000000000, 2.000000000000000000 ) ) ;
#594 = VECTOR ( 'NONE', #1694, 1000.000000000000227 ) ;
#595 = EDGE_LOOP ( 'NONE', ( #235, #5570, #3213, #5334 ) ) ;
#596 = LINE ( 'NONE', #85, #4266 ) ;
#597 = DIRECTION ( 'NONE',  ( -0.000000000000000000, -0.000000000000000000, 1.000000000000000000 ) ) ;
#598 = DIRECTION ( 'NONE',  ( 0.000000000000000000, 0.000000000000000000, 1.000000000000000000 ) ) ;
#599 = LINE ( 'NONE', #2046, #2506 ) ;
#600 = CARTESIAN_POINT ( 'NONE',  ( -15.50000000000000533, -3.996761072641453527, 3.021781951163323932 ) ) ;
#601 = CARTESIAN_POINT ( 'NONE',  ( 5.430017697697511636, 2.667847035229946151, 2.000000000000000000 ) ) ;
#602 = ORIENTED_EDGE ( 'NONE', *, *, #410, .T. ) ;
#603 = EDGE_CURVE ( 'NONE', #6002, #3086, #3983, .T. ) ;
#604 = DIRECTION ( 'NONE',  ( 0.6691306062553915579, 1.176682595921308170E-05, -0.7431448254773991291 ) ) ;
#605 = CONICAL_SURFACE ( 'NONE', #4329, 0.01089732186746947273, 0.8377580409572860098 ) ;
#606 = VERTEX_POINT ( 'NONE', #188 ) ;
#607 = ADVANCED_FACE ( 'NONE', ( #1012 ), #479, .F. ) ;
#608 = CARTESIAN_POINT ( 'NONE',  ( -10.67953712531760502, -8.800184005930828945, 1.999999999996374012 ) ) ;
#609 = AXIS2_PLACEMENT_3D ( 'NONE', #2350, #1492, #5359 ) ;
#610 = VECTOR ( 'NONE', #897, 1000.000000000000114 ) ;
#611 = DIRECTION ( 'NONE',  ( -0.000000000000000000, -0.000000000000000000, -1.000000000000000000 ) ) ;
#612 = ORIENTED_EDGE ( 'NONE', *, *, #5607, .F. ) ;
#613 = ADVANCED_FACE ( 'NONE', ( #3070 ), #4991, .F. ) ;
#614 = DIRECTION ( 'NONE',  ( -0.9984264146936411288, 0.05607757521506560872, 0.000000000000000000 ) ) ;
#615 = VECTOR ( 'NONE', #3518, 1000.000000000000114 ) ;
#616 = ORIENTED_EDGE ( 'NONE', *, *, #1677, .T. ) ;
#617 = CARTESIAN_POINT ( 'NONE',  ( -3.760532652312287727, -13.30025470973572510, 5.500000000000000000 ) ) ;
#618 = CIRCLE ( 'NONE', #5450, 0.4999999999999987232 ) ;
#619 = ORIENTED_EDGE ( 'NONE', *, *, #3042, .T. ) ;
#620 = VERTEX_POINT ( 'NONE', #5410 ) ;
#621 = CARTESIAN_POINT ( 'NONE',  ( -12.71085292430287694, 4.349974157779127104, 5.500000000000000000 ) ) ;
#622 = ORIENTED_EDGE ( 'NONE', *, *, #1705, .F. ) ;
#623 = CARTESIAN_POINT ( 'NONE',  ( -8.200294732000003251, 6.219963096999987506, 5.500000000000000000 ) ) ;
#624 = DIRECTION ( 'NONE',  ( -0.000000000000000000, -0.000000000000000000, -1.000000000000000000 ) ) ;
#625 = FACE_OUTER_BOUND ( 'NONE', #5419, .T. ) ;
#626 = CARTESIAN_POINT ( 'NONE',  ( -7.987549735179151789, -6.432366699815232458, 2.000000000000000000 ) ) ;
#627 = ORIENTED_EDGE ( 'NONE', *, *, #6165, .T. ) ;
#628 = LINE ( 'NONE', #4544, #2440 ) ;
#629 = CARTESIAN_POINT ( 'NONE',  ( -8.499652223903813919, -12.71121734625769584, 5.500000000000000000 ) ) ;
#630 = DIRECTION ( 'NONE',  ( 1.000000000000000000, 0.000000000000000000, 0.000000000000000000 ) ) ;
#631 = CONICAL_SURFACE ( 'NONE', #121, 0.4999999999999987232, 0.7853981633974422838 ) ;
#632 = DIRECTION ( 'NONE',  ( -1.000000000000000000, 5.981805089575197430E-17, 0.000000000000000000 ) ) ;
#633 = EDGE_CURVE ( 'NONE', #869, #2995, #3948, .T. ) ;
#634 = DIRECTION ( 'NONE',  ( -0.000000000000000000, -0.000000000000000000, -1.000000000000000000 ) ) ;
#635 = CARTESIAN_POINT ( 'NONE',  ( 2.800136970999997033, -5.699274774000014254, 5.500000000000000000 ) ) ;
#636 = ORIENTED_EDGE ( 'NONE', *, *, #4723, .F. ) ;
#637 = VECTOR ( 'NONE', #4348, 1000.000000000000114 ) ;
#638 = DIRECTION ( 'NONE',  ( 0.4731467893416553272, 0.4731467891699688288, -0.7431448254773980189 ) ) ;
#639 = VECTOR ( 'NONE', #1737, 1000.000000000000000 ) ;
#640 = ORIENTED_EDGE ( 'NONE', *, *, #1613, .T. ) ;
#641 = CONICAL_SURFACE ( 'NONE', #421, 0.3000000000319986149, 0.05235987755982995234 ) ;
#642 = CARTESIAN_POINT ( 'NONE',  ( 4.349384663999996015, -6.699994329811234550, 2.000000000000000000 ) ) ;
#643 = EDGE_CURVE ( 'NONE', #5298, #1377, #3706, .T. ) ;
#644 = CIRCLE ( 'NONE', #1050, 0.3000000000916357989 ) ;
#645 = AXIS2_PLACEMENT_3D ( 'NONE', #986, #4840, #1021 ) ;
#646 = EDGE_CURVE ( 'NONE', #4183, #2884, #2980, .T. ) ;
#647 = FACE_OUTER_BOUND ( 'NONE', #5695, .T. ) ;
#648 = ORIENTED_EDGE ( 'NONE', *, *, #1068, .F. ) ;
#649 = LINE ( 'NONE', #5000, #4163 ) ;
#650 = ORIENTED_EDGE ( 'NONE', *, *, #5316, .F. ) ;
#651 = EDGE_CURVE ( 'NONE', #4201, #3880, #1943, .T. ) ;
#652 = VECTOR ( 'NONE', #2188, 1000.000000000000000 ) ;
#653 = CARTESIAN_POINT ( 'NONE',  ( -14.46666666666667034, 15.48277299116756289, 2.000000000000000000 ) ) ;
#654 = VERTEX_POINT ( 'NONE', #91 ) ;
#655 = VERTEX_POINT ( 'NONE', #1544 ) ;
#656 = VECTOR ( 'NONE', #6220, 1000.000000000000227 ) ;
#657 = CARTESIAN_POINT ( 'NONE',  ( -14.46666666666667034, 15.48277299116756289, 1.499999999999992895 ) ) ;
#658 = EDGE_LOOP ( 'NONE', ( #392, #4289, #924, #3910 ) ) ;
#659 = LINE ( 'NONE', #3936, #2113 ) ;
#660 = EDGE_CURVE ( 'NONE', #4298, #744, #3477, .T. ) ;
#661 = DIRECTION ( 'NONE',  ( 0.000000000000000000, 0.000000000000000000, 1.000000000000000000 ) ) ;
#662 = CARTESIAN_POINT ( 'NONE',  ( -13.29972792714956853, -3.761172065289947408, 5.500000000000000000 ) ) ;
#663 = DIRECTION ( 'NONE',  ( -0.000000000000000000, -0.000000000000000000, -1.000000000000000000 ) ) ;
#664 = CARTESIAN_POINT ( 'NONE',  ( -8.502191775281215058, -10.66724546252635797, 5.500000000000000000 ) ) ;
#665 = DIRECTION ( 'NONE',  ( -1.000000000000000000, 0.000000000000000000, 0.000000000000000000 ) ) ;
#666 = DIRECTION ( 'NONE',  ( -0.7431448254774006834, 2.573732448973706073E-10, -0.6691306063588511321 ) ) ;
#667 = LINE ( 'NONE', #3476, #1304 ) ;
#668 = DIRECTION ( 'NONE',  ( 0.4731467892288547805, -0.4731467892827632693, -0.7431448254774020157 ) ) ;
#669 = VERTEX_POINT ( 'NONE', #4674 ) ;
#670 = CONICAL_SURFACE ( 'NONE', #3684, 0.2999999999820663343, 0.05235987755982995234 ) ;
#671 = CARTESIAN_POINT ( 'NONE',  ( -4.349635330000003464, -13.30026441600001519, 2.000000000000000000 ) ) ;
#672 = EDGE_LOOP ( 'NONE', ( #3316, #2794, #2674, #4715, #2504, #784, #3524 ) ) ;
#673 = AXIS2_PLACEMENT_3D ( 'NONE', #2509, #5965, #2577 ) ;
#674 = CARTESIAN_POINT ( 'NONE',  ( -4.137252629733029430, -6.612126364266986300, 2.000000000000000000 ) ) ;
#675 = CARTESIAN_POINT ( 'NONE',  ( 8.200355128983851216, -10.07985378206322302, 2.000000000000000000 ) ) ;
#676 = ORIENTED_EDGE ( 'NONE', *, *, #1551, .T. ) ;
#677 = ADVANCED_FACE ( 'NONE', ( #348 ), #254, .F. ) ;
#678 = DIRECTION ( 'NONE',  ( 0.02307840094917982740, -0.04697275514053050882, -0.9986295347545739443 ) ) ;
#679 = EDGE_LOOP ( 'NONE', ( #5288, #1886, #3866, #6132 ) ) ;
#680 = AXIS2_PLACEMENT_3D ( 'NONE', #5766, #482, #556 ) ;
#681 = FACE_OUTER_BOUND ( 'NONE', #2947, .T. ) ;
#682 = ORIENTED_EDGE ( 'NONE', *, *, #4157, .T. ) ;
#683 = ORIENTED_EDGE ( 'NONE', *, *, #6126, .F. ) ;
#684 = EDGE_CURVE ( 'NONE', #2064, #2761, #5632, .T. ) ;
#685 = CARTESIAN_POINT ( 'NONE',  ( -8.681619598514016545, -10.49703778190403547, 2.797922499314530409 ) ) ;
#686 = ORIENTED_EDGE ( 'NONE', *, *, #4230, .F. ) ;
#687 = DIRECTION ( 'NONE',  ( 1.000000000000000000, 0.000000000000000000, 0.000000000000000000 ) ) ;
#688 = CARTESIAN_POINT ( 'NONE',  ( 8.679899476999997532, -6.699999727000014005, 2.000000000000000000 ) ) ;
#689 = DIRECTION ( 'NONE',  ( 0.7071067811865511255, 0.000000000000000000, 0.7071067811865440200 ) ) ;
#690 = DIRECTION ( 'NONE',  ( 0.000000000000000000, 0.000000000000000000, 1.000000000000000000 ) ) ;
#691 = CARTESIAN_POINT ( 'NONE',  ( -13.29972257347444575, -4.050274743005138234, 2.000000000000000000 ) ) ;
#692 = ADVANCED_FACE ( 'NONE', ( #5052 ), #3186, .F. ) ;
#693 = AXIS2_PLACEMENT_3D ( 'NONE', #5948, #4045, #1506 ) ;
#694 = DIRECTION ( 'NONE',  ( -0.5620697506783415287, -0.6289946829671589912, 0.5370691614414573323 ) ) ;
#695 = DIRECTION ( 'NONE',  ( -1.000000000000000000, 0.000000000000000000, 0.000000000000000000 ) ) ;
#696 = CARTESIAN_POINT ( 'NONE',  ( 3.534703078999996251, 5.585312744999986201, 2.000000000000000000 ) ) ;
#697 = ORIENTED_EDGE ( 'NONE', *, *, #757, .F. ) ;
#698 = DIRECTION ( 'NONE',  ( 1.000000000000000000, 0.000000000000000000, 0.000000000000000000 ) ) ;
#699 = EDGE_LOOP ( 'NONE', ( #3144, #1460, #939, #4054 ) ) ;
#700 = CARTESIAN_POINT ( 'NONE',  ( -14.50000000000000533, 14.48332870112990101, 2.000000000000000000 ) ) ;
#701 = CARTESIAN_POINT ( 'NONE',  ( -4.349635330000003464, -13.30026441600001519, 2.000000000000000000 ) ) ;
#702 = ORIENTED_EDGE ( 'NONE', *, *, #1866, .F. ) ;
#703 = LINE ( 'NONE', #137, #5480 ) ;
#704 = VERTEX_POINT ( 'NONE', #2655 ) ;
#705 = AXIS2_PLACEMENT_3D ( 'NONE', #999, #1875, #486 ) ;
#706 = EDGE_CURVE ( 'NONE', #2912, #3854, #1282, .T. ) ;
#707 = DIRECTION ( 'NONE',  ( 1.000000000000000000, 0.000000000000000000, 0.000000000000000000 ) ) ;
#708 = VERTEX_POINT ( 'NONE', #2266 ) ;
#709 = ORIENTED_EDGE ( 'NONE', *, *, #1925, .T. ) ;
#710 = AXIS2_PLACEMENT_3D ( 'NONE', #3560, #5490, #1972 ) ;
#711 = CARTESIAN_POINT ( 'NONE',  ( -8.651484095578203082, -10.52604575481025506, 3.595844929694181680 ) ) ;
#712 = VERTEX_POINT ( 'NONE', #5589 ) ;
#713 = CARTESIAN_POINT ( 'NONE',  ( -4.049589503275984548, -15.49999999999999822, 2.000000000000000000 ) ) ;
#714 = EDGE_CURVE ( 'NONE', #4250, #1511, #1256, .T. ) ;
#715 = DIRECTION ( 'NONE',  ( 1.000000000000000000, 0.000000000000000000, 0.000000000000000000 ) ) ;
#716 = DIRECTION ( 'NONE',  ( -1.000000000000000000, 0.000000000000000000, 0.000000000000000000 ) ) ;
#717 = ADVANCED_FACE ( 'NONE', ( #2621 ), #5530, .F. ) ;
#718 = DIRECTION ( 'NONE',  ( 0.000000000000000000, 0.000000000000000000, 1.000000000000000000 ) ) ;
#719 = DIRECTION ( 'NONE',  ( -1.000000000000000000, 0.000000000000000000, 0.000000000000000000 ) ) ;
#720 = DIRECTION ( 'NONE',  ( 0.000000000000000000, 0.000000000000000000, -1.000000000000000000 ) ) ;
#721 = VECTOR ( 'NONE', #3337, 999.9999999999998863 ) ;
#722 = DIRECTION ( 'NONE',  ( 1.000000000000000000, 0.000000000000000000, 0.000000000000000000 ) ) ;
#723 = ADVANCED_FACE ( 'NONE', ( #5085 ), #313, .F. ) ;
#724 = DIRECTION ( 'NONE',  ( -0.7061377157740293953, -0.7061377160622231974, 0.05233595624294389709 ) ) ;
#725 = CARTESIAN_POINT ( 'NONE',  ( 6.980517893419591502, -8.988581050484933499, 5.500000000000000000 ) ) ;
#726 = ADVANCED_FACE ( 'NONE', ( #4549 ), #6175, .T. ) ;
#727 = VERTEX_POINT ( 'NONE', #6014 ) ;
#728 = DIRECTION ( 'NONE',  ( -1.000000000000000000, 0.000000000000000000, 0.000000000000000000 ) ) ;
#729 = ORIENTED_EDGE ( 'NONE', *, *, #2696, .T. ) ;
#730 = VECTOR ( 'NONE', #759, 1000.000000000000000 ) ;
#731 = LINE ( 'NONE', #3164, #2844 ) ;
#732 = CARTESIAN_POINT ( 'NONE',  ( -5.699274774000003596, 2.800136970999986374, 5.500000000000000000 ) ) ;
#733 = PLANE ( 'NONE',  #2069 ) ;
#734 = AXIS2_PLACEMENT_3D ( 'NONE', #854, #2296, #400 ) ;
#735 = DIRECTION ( 'NONE',  ( -0.000000000000000000, -0.000000000000000000, -1.000000000000000000 ) ) ;
#736 = VERTEX_POINT ( 'NONE', #1672 ) ;
#737 = AXIS2_PLACEMENT_3D ( 'NONE', #3251, #2874, #1383 ) ;
#738 = AXIS2_PLACEMENT_3D ( 'NONE', #3440, #2009, #2423 ) ;
#739 = DIRECTION ( 'NONE',  ( 1.000000000000000000, 0.000000000000000000, 0.000000000000000000 ) ) ;
#740 = ORIENTED_EDGE ( 'NONE', *, *, #4960, .F. ) ;
#741 = ORIENTED_EDGE ( 'NONE', *, *, #4935, .T. ) ;
#742 = CARTESIAN_POINT ( 'NONE',  ( -6.821806095146079940, 8.679899476999986874, 5.400137046530363527 ) ) ;
#743 = VECTOR ( 'NONE', #3989, 999.9999999999998863 ) ;
#744 = VERTEX_POINT ( 'NONE', #3599 ) ;
#745 = CARTESIAN_POINT ( 'NONE',  ( -12.71085292430287694, 4.349974157755517545, 5.500000000000000000 ) ) ;
#746 = AXIS2_PLACEMENT_3D ( 'NONE', #2320, #5773, #4819 ) ;
#747 = DIRECTION ( 'NONE',  ( -0.9986295345378684019, -2.080425361144363645E-05, 0.05233595624294391097 ) ) ;
#748 = CARTESIAN_POINT ( 'NONE',  ( 3.216695469331461776, -5.282716275242728798, 5.500000000000000000 ) ) ;
#749 = EDGE_CURVE ( 'NONE', #1084, #1179, #2327, .T. ) ;
#750 = LINE ( 'NONE', #1105, #1348 ) ;
#751 = CARTESIAN_POINT ( 'NONE',  ( -0.3000000000000034861, 8.477655575999987647, 2.000000000000000000 ) ) ;
#752 = CARTESIAN_POINT ( 'NONE',  ( -13.29995074098553509, 4.049962459999939313, 2.000000000000257572 ) ) ;
#753 = DIRECTION ( 'NONE',  ( 1.000000000000000000, 0.000000000000000000, 0.000000000000000000 ) ) ;
#754 = DIRECTION ( 'NONE',  ( 0.6691306063588533526, 0.000000000000000000, -0.7431448254773985740 ) ) ;
#755 = ORIENTED_EDGE ( 'NONE', *, *, #3507, .F. ) ;
#756 = DIRECTION ( 'NONE',  ( -0.000000000000000000, -0.000000000000000000, -1.000000000000000000 ) ) ;
#757 = EDGE_CURVE ( 'NONE', #1267, #2912, #1760, .T. ) ;
#758 = ORIENTED_EDGE ( 'NONE', *, *, #1630, .F. ) ;
#759 = DIRECTION ( 'NONE',  ( 0.000000000000000000, 0.7071067811865414665, 0.7071067811865536790 ) ) ;
#760 = CARTESIAN_POINT ( 'NONE',  ( -9.151529599000006954, 7.472091212999985466, 2.000000000000000000 ) ) ;
#761 = CARTESIAN_POINT ( 'NONE',  ( -15.00000000000000533, 14.48332870112990101, 2.000000000000000000 ) ) ;
#762 = CONICAL_SURFACE ( 'NONE', #5015, 0.3000000000127310829, 0.05235987755982995234 ) ;
#763 = FACE_OUTER_BOUND ( 'NONE', #4626, .T. ) ;
#764 = EDGE_CURVE ( 'NONE', #2935, #874, #5619, .T. ) ;
#765 = VERTEX_POINT ( 'NONE', #4108 ) ;
#766 = CARTESIAN_POINT ( 'NONE',  ( -0.3000000000000034861, 8.477655575999987647, 2.000000000000000000 ) ) ;
#767 = EDGE_LOOP ( 'NONE', ( #1093, #5725, #1364, #3877 ) ) ;
#768 = ORIENTED_EDGE ( 'NONE', *, *, #3615, .F. ) ;
#769 = LINE ( 'NONE', #2308, #3066 ) ;
#770 = ORIENTED_EDGE ( 'NONE', *, *, #5055, .T. ) ;
#771 = VECTOR ( 'NONE', #1469, 1000.000000000000000 ) ;
#772 = CARTESIAN_POINT ( 'NONE',  ( 11.42726392699999671, -6.699999727000014005, 5.400137046524544182 ) ) ;
#773 = FACE_OUTER_BOUND ( 'NONE', #3540, .T. ) ;
#774 = DIRECTION ( 'NONE',  ( 1.000000000000000000, 0.000000000000000000, 0.000000000000000000 ) ) ;
#775 = PLANE ( 'NONE',  #2657 ) ;
#776 = DIRECTION ( 'NONE',  ( 1.000000000000000000, 0.000000000000000000, 0.000000000000000000 ) ) ;
#777 = DIRECTION ( 'NONE',  ( 0.6298662460381067030, 0.3943763985530953642, -0.6691306063588432496 ) ) ;
#778 = CARTESIAN_POINT ( 'NONE',  ( 7.983686114254484600, -9.991018922899039367, 5.400137046526352513 ) ) ;
#779 = EDGE_CURVE ( 'NONE', #981, #2824, #6039, .T. ) ;
#780 = CARTESIAN_POINT ( 'NONE',  ( 7.911252451282097198, -10.07985978088287382, 5.500000000000000000 ) ) ;
#781 = DIRECTION ( 'NONE',  ( -0.6680778459924677781, 0.03752012873426375378, -0.7431448254773956874 ) ) ;
#782 = ORIENTED_EDGE ( 'NONE', *, *, #4383, .T. ) ;
#783 = LINE ( 'NONE', #376, #5673 ) ;
#784 = ORIENTED_EDGE ( 'NONE', *, *, #1362, .T. ) ;
#785 = VECTOR ( 'NONE', #1474, 1000.000000000000227 ) ;
#786 = FACE_OUTER_BOUND ( 'NONE', #909, .T. ) ;
#787 = DIRECTION ( 'NONE',  ( -1.000000000000000000, 5.981805089575197430E-17, 0.000000000000000000 ) ) ;
#788 = ADVANCED_FACE ( 'NONE', ( #5556 ), #1225, .F. ) ;
#789 = B_SPLINE_CURVE_WITH_KNOTS ( 'NONE', 3,
 ( #5852, #2906, #4833, #4932 ),
 .UNSPECIFIED., .F., .F.,
 ( 4, 4 ),
 ( 0.000000000000000000, 0.0001494333496989031125 ),
 .UNSPECIFIED. ) ;
#790 = CARTESIAN_POINT ( 'NONE',  ( -14.99999592300000373, -14.99999592300001439, 5.500000000000000000 ) ) ;
#791 = EDGE_CURVE ( 'NONE', #3716, #2935, #2202, .T. ) ;
#792 = CARTESIAN_POINT ( 'NONE',  ( -5.699274774000003596, -2.800136971000014352, 2.000000000000000000 ) ) ;
#793 = CARTESIAN_POINT ( 'NONE',  ( -13.50000000000000355, -15.49999999999999822, 1.499999999999992673 ) ) ;
#794 = VECTOR ( 'NONE', #6011, 1000.000000000000000 ) ;
#795 = ORIENTED_EDGE ( 'NONE', *, *, #1061, .T. ) ;
#796 = EDGE_CURVE ( 'NONE', #5282, #3586, #1727, .T. ) ;
#797 = DIRECTION ( 'NONE',  ( 0.000000000000000000, 0.000000000000000000, 1.000000000000000000 ) ) ;
#798 = ORIENTED_EDGE ( 'NONE', *, *, #5514, .T. ) ;
#799 = ORIENTED_EDGE ( 'NONE', *, *, #2399, .T. ) ;
#800 = EDGE_CURVE ( 'NONE', #1621, #5298, #4750, .T. ) ;
#801 = LINE ( 'NONE', #1333, #4879 ) ;
#802 = VECTOR ( 'NONE', #1192, 1000.000000000000000 ) ;
#803 = VECTOR ( 'NONE', #5107, 1000.000000000000000 ) ;
#804 = EDGE_LOOP ( 'NONE', ( #5387, #768, #4389, #1844 ) ) ;
#805 = CARTESIAN_POINT ( 'NONE',  ( 4.050449024196545622, -15.00000000000000000, 2.000000000000000000 ) ) ;
#806 = CONICAL_SURFACE ( 'NONE', #3937, 0.3000000000127319155, 0.05235987755982995234 ) ;
#807 = CARTESIAN_POINT ( 'NONE',  ( 1.865840950890162489E-10, -6.710897049553736338, 5.500000000000000000 ) ) ;
#808 = CARTESIAN_POINT ( 'NONE',  ( 5.282716275409740092, 3.216695469511363203, 5.500000000000000000 ) ) ;
#809 = CARTESIAN_POINT ( 'NONE',  ( -15.00000000000000178, -13.50000000000000000, 0.000000000000000000 ) ) ;
#810 = AXIS2_PLACEMENT_3D ( 'NONE', #5707, #4216, #1454 ) ;
#811 = DIRECTION ( 'NONE',  ( 1.000000000000000000, 0.000000000000000000, 0.000000000000000000 ) ) ;
#812 = CARTESIAN_POINT ( 'NONE',  ( -10.67058957190628909, -8.506396370210254076, 5.500000000000000000 ) ) ;
#813 = CARTESIAN_POINT ( 'NONE',  ( -8.108695681461790983, -6.307447994512632938, 5.319214681956358604 ) ) ;
#814 = DIRECTION ( 'NONE',  ( 0.7071067810640088158, 0.7071067813090862186, -0.000000000000000000 ) ) ;
#815 = EDGE_LOOP ( 'NONE', ( #3520, #3742, #2370, #5798 ) ) ;
#816 = VERTEX_POINT ( 'NONE', #6131 ) ;
#817 = DIRECTION ( 'NONE',  ( -1.000000000000000000, 0.000000000000000000, 0.000000000000000000 ) ) ;
#818 = ORIENTED_EDGE ( 'NONE', *, *, #896, .T. ) ;
#819 = CONICAL_SURFACE ( 'NONE', #2427, 0.3000000004083399618, 0.05235987755982995234 ) ;
#820 = ADVANCED_FACE ( 'NONE', ( #2866 ), #6250, .T. ) ;
#821 = DIRECTION ( 'NONE',  ( 0.000000000000000000, 0.000000000000000000, 1.000000000000000000 ) ) ;
#822 = CARTESIAN_POINT ( 'NONE',  ( -5.871806367919239378, -1.387778780781445676E-14, 5.400137046524545070 ) ) ;
#823 = CARTESIAN_POINT ( 'NONE',  ( -6.710897049236004719, 8.679899476992400054, 5.500000000000000000 ) ) ;
#824 = AXIS2_PLACEMENT_3D ( 'NONE', #1204, #3131, #5059 ) ;
#825 = CARTESIAN_POINT ( 'NONE',  ( -12.71059775632308764, -8.500221631509356612, 5.500000000000000000 ) ) ;
#826 = EDGE_CURVE ( 'NONE', #736, #5932, #372, .T. ) ;
#827 = ORIENTED_EDGE ( 'NONE', *, *, #2598, .F. ) ;
#828 = EDGE_CURVE ( 'NONE', #2354, #4243, #2559, .T. ) ;
#829 = CARTESIAN_POINT ( 'NONE',  ( 6.303728809543226674, -8.111248127529684382, 5.400137046526350737 ) ) ;
#830 = AXIS2_PLACEMENT_3D ( 'NONE', #5212, #6107, #5652 ) ;
#831 = ORIENTED_EDGE ( 'NONE', *, *, #5586, .F. ) ;
#832 = ORIENTED_EDGE ( 'NONE', *, *, #5138, .F. ) ;
#834 = DIRECTION ( 'NONE',  ( -0.000000000000000000, -0.000000000000000000, 1.000000000000000000 ) ) ;
#833 = CIRCLE ( 'NONE', #4768, 0.5891026778083365834 ) ;
#835 = VECTOR ( 'NONE', #4023, 1000.000000000000114 ) ;
#836 = EDGE_CURVE ( 'NONE', #1395, #5747, #5774, .T. ) ;
#837 = EDGE_LOOP ( 'NONE', ( #3024, #2961, #4922, #1388, #686 ) ) ;
#838 = VECTOR ( 'NONE', #4288, 1000.000000000000114 ) ;
#839 = EDGE_CURVE ( 'NONE', #1796, #1777, #2250, .T. ) ;
#840 = B_SPLINE_CURVE_WITH_KNOTS ( 'NONE', 3,
 ( #1047, #5305, #2389, #3885, #5750, #436, #26, #2977, #915, #4293 ),
 .UNSPECIFIED., .F., .F.,
 ( 4, 3, 3, 4 ),
 ( 0.0001000002720220261249, 0.0002215504887387814790, 0.001107752467747221206, 0.003504809138047129506 ),
 .UNSPECIFIED. ) ;
#841 = DIRECTION ( 'NONE',  ( 1.000000000000000000, 0.000000000000000000, 0.000000000000000000 ) ) ;
#842 = CIRCLE ( 'NONE', #4369, 0.5891026778102586015 ) ;
#843 = VECTOR ( 'NONE', #5543, 1000.000000000000114 ) ;
#844 = CARTESIAN_POINT ( 'NONE',  ( 7.900355128999997589, -10.07986000700001483, 5.500000000000000000 ) ) ;
#845 = DIRECTION ( 'NONE',  ( -0.000000000000000000, -0.000000000000000000, -1.000000000000000000 ) ) ;
#846 = EDGE_CURVE ( 'NONE', #4884, #4352, #5716, .T. ) ;
#847 = DIRECTION ( 'NONE',  ( 1.000000000000000000, 0.000000000000000000, 0.000000000000000000 ) ) ;
#848 = AXIS2_PLACEMENT_3D ( 'NONE', #3746, #1178, #3276 ) ;
#849 = PLANE ( 'NONE',  #4441 ) ;
#850 = CARTESIAN_POINT ( 'NONE',  ( 5.699274773999996491, 2.800136970999986374, 5.400137046524544182 ) ) ;
#851 = CARTESIAN_POINT ( 'NONE',  ( -8.085463827764852951, 6.330068230830102394, 4.688763444160485960 ) ) ;
#852 = ORIENTED_EDGE ( 'NONE', *, *, #4274, .F. ) ;
#853 = ORIENTED_EDGE ( 'NONE', *, *, #3999, .T. ) ;
#854 = CARTESIAN_POINT ( 'NONE',  ( -13.50000000000000355, -13.50000000000000000, 0.4999999999999970024 ) ) ;
#855 = CIRCLE ( 'NONE', #4382, 27.71089732282814921 ) ;
#856 = EDGE_LOOP ( 'NONE', ( #4730, #483, #1052, #6030 ) ) ;
#857 = CARTESIAN_POINT ( 'NONE',  ( 8.477655575999998305, -0.3000000000000139222, 2.000000000000000000 ) ) ;
#858 = DIRECTION ( 'NONE',  ( 0.01870305133893079841, 0.05345695613784270939, -0.9983949868218939816 ) ) ;
#859 = AXIS2_PLACEMENT_3D ( 'NONE', #973, #3913, #534 ) ;
#860 = CARTESIAN_POINT ( 'NONE',  ( -15.50000000000000711, 15.50000000000000000, 1.499999999999992673 ) ) ;
#861 = CARTESIAN_POINT ( 'NONE',  ( -12.82145040817228754, -8.500222485008082529, 5.400137046524553064 ) ) ;
#862 = ORIENTED_EDGE ( 'NONE', *, *, #226, .F. ) ;
#863 = DIRECTION ( 'NONE',  ( -1.000000000000000000, 0.000000000000000000, 0.000000000000000000 ) ) ;
#864 = AXIS2_PLACEMENT_3D ( 'NONE', #527, #3434, #4419 ) ;
#865 = EDGE_CURVE ( 'NONE', #2572, #5066, #5297, .T. ) ;
#866 = VERTEX_POINT ( 'NONE', #6158 ) ;
#867 = CONICAL_SURFACE ( 'NONE', #567, 0.3000000000891178686, 0.05235987755982995234 ) ;
#868 = DIRECTION ( 'NONE',  ( 0.000000000000000000, 0.000000000000000000, 1.000000000000000000 ) ) ;
#869 = VERTEX_POINT ( 'NONE', #4728 ) ;
#870 = DIRECTION ( 'NONE',  ( 0.000000000000000000, 0.000000000000000000, 1.000000000000000000 ) ) ;
#871 = EDGE_CURVE ( 'NONE', #1299, #2404, #4315, .T. ) ;
#872 = EDGE_CURVE ( 'NONE', #4992, #2027, #1376, .T. ) ;
#873 = DIRECTION ( 'NONE',  ( -0.000000000000000000, -0.000000000000000000, -1.000000000000000000 ) ) ;
#874 = VERTEX_POINT ( 'NONE', #938 ) ;
#875 = CARTESIAN_POINT ( 'NONE',  ( -5.430017698035175755, -2.667847034394251082, 2.000000000000000000 ) ) ;
#876 = CIRCLE ( 'NONE', #1671, 0.1218063676931661898 ) ;
#877 = DIRECTION ( 'NONE',  ( -0.000000000000000000, -0.000000000000000000, -1.000000000000000000 ) ) ;
#878 = DIRECTION ( 'NONE',  ( -0.7431448254370673911, -7.741032690562195967E-06, 0.6691306063588685626 ) ) ;
#879 = DIRECTION ( 'NONE',  ( -8.932092207467540891E-17, 1.000000000000000000, 0.000000000000000000 ) ) ;
#880 = ORIENTED_EDGE ( 'NONE', *, *, #4144, .T. ) ;
#881 = ORIENTED_EDGE ( 'NONE', *, *, #2966, .T. ) ;
#882 = EDGE_CURVE ( 'NONE', #1316, #5053, #3813, .T. ) ;
#883 = LINE ( 'NONE', #2746, #4972 ) ;
#884 = ORIENTED_EDGE ( 'NONE', *, *, #6, .T. ) ;
#885 = LINE ( 'NONE', #405, #517 ) ;
#886 = CARTESIAN_POINT ( 'NONE',  ( -4.075474672044100188, -15.49999999999999822, 1.506081556657873355 ) ) ;
#887 = FACE_OUTER_BOUND ( 'NONE', #4417, .T. ) ;
#888 = VERTEX_POINT ( 'NONE', #1905 ) ;
#889 = ORIENTED_EDGE ( 'NONE', *, *, #3325, .T. ) ;
#890 = DIRECTION ( 'NONE',  ( -1.000000000000000000, 0.000000000000000000, 0.000000000000000000 ) ) ;
#891 = VERTEX_POINT ( 'NONE', #488 ) ;
#892 = ORIENTED_EDGE ( 'NONE', *, *, #5613, .F. ) ;
#893 = AXIS2_PLACEMENT_3D ( 'NONE', #1108, #3537, #4928 ) ;
#894 = DIRECTION ( 'NONE',  ( -0.000000000000000000, -0.000000000000000000, -1.000000000000000000 ) ) ;
#895 = EDGE_LOOP ( 'NONE', ( #411, #5983, #1465, #493, #2277, #4914, #799, #881, #6224, #1272, #5378, #1182, #4846, #5868, #5068, #3245, #5392, #4027, #1534, #3998, #375, #136, #884, #5367, #2287, #4282, #4968, #3644, #3021, #1920, #2943, #3663, #4439, #452, #602, #5910, #1153, #2601, #979, #2579, #419, #399, #5859, #4740, #1190, #1827, #2063, #4397, #1687 ) ) ;
#896 = EDGE_CURVE ( 'NONE', #4093, #358, #1433, .T. ) ;
#897 = DIRECTION ( 'NONE',  ( 0.7431448254773980189, 0.000000000000000000, 0.6691306063588539077 ) ) ;
#898 = ORIENTED_EDGE ( 'NONE', *, *, #5821, .T. ) ;
#899 = CARTESIAN_POINT ( 'NONE',  ( -15.00000000000000533, -4.050302293774999285, 2.000000000000000000 ) ) ;
#900 = ORIENTED_EDGE ( 'NONE', *, *, #5939, .T. ) ;
#901 = EDGE_CURVE ( 'NONE', #981, #478, #4225, .T. ) ;
#902 = CONICAL_SURFACE ( 'NONE', #5855, 0.01089732179551747976, 0.8377580409572852327 ) ;
#903 = FACE_OUTER_BOUND ( 'NONE', #5835, .T. ) ;
#904 = AXIS2_PLACEMENT_3D ( 'NONE', #5947, #3538, #5465 ) ;
#905 = EDGE_CURVE ( 'NONE', #409, #4316, #3277, .T. ) ;
#906 = CARTESIAN_POINT ( 'NONE',  ( -4.349384664000003120, -6.399994330000013498, 2.000000000000000000 ) ) ;
#907 = CARTESIAN_POINT ( 'NONE',  ( -9.843185469926014619, 5.495204293077379454, 6.981951669738798216 ) ) ;
#908 = CARTESIAN_POINT ( 'NONE',  ( 5.869101894832427391, -0.1781936316145653065, 5.400137046524545958 ) ) ;
#909 = EDGE_LOOP ( 'NONE', ( #3372, #5931, #5956, #3449 ) ) ;
#910 = CARTESIAN_POINT ( 'NONE',  ( -12.69972083024834397, -3.761162342960412186, 5.500000000000000000 ) ) ;
#911 = VECTOR ( 'NONE', #6004, 1000.000000000000114 ) ;
#912 = VERTEX_POINT ( 'NONE', #2804 ) ;
#913 = FACE_OUTER_BOUND ( 'NONE', #1361, .T. ) ;
#914 = ADVANCED_FACE ( 'NONE', ( #2321 ), #4256, .F. ) ;
#915 = CARTESIAN_POINT ( 'NONE',  ( -9.896535200247020825, 8.081715786481069586, 2.797922972176932088 ) ) ;
#916 = EDGE_CURVE ( 'NONE', #4228, #888, #5572, .T. ) ;
#917 = CARTESIAN_POINT ( 'NONE',  ( -6.219809108003342857, -7.900290396108538893, 2.000000000000000000 ) ) ;
#918 = AXIS2_PLACEMENT_3D ( 'NONE', #5321, #1025, #5421 ) ;
#919 = DIRECTION ( 'NONE',  ( -0.4989351771818487657, -0.4458693276473464362, -0.7431448254773901363 ) ) ;
#920 = ORIENTED_EDGE ( 'NONE', *, *, #246, .F. ) ;
#921 = VERTEX_POINT ( 'NONE', #5938 ) ;
#922 = DIRECTION ( 'NONE',  ( -0.04697275514433293941, 0.02307840094144052168, -0.9986295347545739443 ) ) ;
#923 = ORIENTED_EDGE ( 'NONE', *, *, #2664, .T. ) ;
#924 = ORIENTED_EDGE ( 'NONE', *, *, #2697, .T. ) ;
#925 = CARTESIAN_POINT ( 'NONE',  ( 7.496201209000000532, -8.727986575000013403, 2.000000000000000000 ) ) ;
#926 = ORIENTED_EDGE ( 'NONE', *, *, #5590, .F. ) ;
#927 = AXIS2_PLACEMENT_3D ( 'NONE', #3191, #354, #2748 ) ;
#928 = LINE ( 'NONE', #365, #3541 ) ;
#929 = ORIENTED_EDGE ( 'NONE', *, *, #5115, .F. ) ;
#930 = AXIS2_PLACEMENT_3D ( 'NONE', #2035, #3907, #5839 ) ;
#931 = LINE ( 'NONE', #2859, #5922 ) ;
#932 = AXIS2_PLACEMENT_3D ( 'NONE', #5532, #638, #2112 ) ;
#933 = ORIENTED_EDGE ( 'NONE', *, *, #4070, .F. ) ;
#934 = CIRCLE ( 'NONE', #3759, 0.5891026778556277543 ) ;
#935 = DIRECTION ( 'NONE',  ( -0.9999999998285351577, -1.851836092818829135E-05, 0.000000000000000000 ) ) ;
#936 = SURFACE_STYLE_FILL_AREA ( #5714 ) ;
#937 = CARTESIAN_POINT ( 'NONE',  ( 4.349384663999998679, -6.699994329811236327, 2.000000000000000000 ) ) ;
#938 = CARTESIAN_POINT ( 'NONE',  ( 8.469499922831641214, -6.661860382169813910, 5.400137046524544182 ) ) ;
#939 = ORIENTED_EDGE ( 'NONE', *, *, #4851, .T. ) ;
#940 = ADVANCED_FACE ( 'NONE', ( #1495 ), #4468, .T. ) ;
#941 = CARTESIAN_POINT ( 'NONE',  ( -3.469446951953614189E-15, -1.387778780781445676E-14, 5.400137046524545070 ) ) ;
#942 = EDGE_LOOP ( 'NONE', ( #1270, #5843, #273, #4056 ) ) ;
#943 = DIRECTION ( 'NONE',  ( -3.463272106474435838E-10, -1.000000000000000000, 0.000000000000000000 ) ) ;
#944 = VECTOR ( 'NONE', #3447, 1000.000000000000114 ) ;
#945 = DIRECTION ( 'NONE',  ( 0.000000000000000000, 0.000000000000000000, 1.000000000000000000 ) ) ;
#946 = CARTESIAN_POINT ( 'NONE',  ( -0.1781936319167973515, 8.477655575975004965, 5.400137046524544182 ) ) ;
#947 = DIRECTION ( 'NONE',  ( -0.000000000000000000, -0.000000000000000000, -1.000000000000000000 ) ) ;
#948 = ORIENTED_EDGE ( 'NONE', *, *, #4268, .F. ) ;
#949 = EDGE_CURVE ( 'NONE', #6229, #5332, #5459, .T. ) ;
#950 = CONICAL_SURFACE ( 'NONE', #1446, 0.3000000000891187568, 0.05235987755982995234 ) ;
#951 = CARTESIAN_POINT ( 'NONE',  ( -5.699274774000003596, 2.800136970999986374, 5.400137046524544182 ) ) ;
#952 = ORIENTED_EDGE ( 'NONE', *, *, #4547, .F. ) ;
#953 = LINE ( 'NONE', #3318, #4983 ) ;
#954 = ORIENTED_EDGE ( 'NONE', *, *, #3545, .T. ) ;
#955 = EDGE_CURVE ( 'NONE', #655, #704, #5364, .T. ) ;
#956 = DIRECTION ( 'NONE',  ( 1.000000000000000000, 0.000000000000000000, 0.000000000000000000 ) ) ;
#957 = VERTEX_POINT ( 'NONE', #5400 ) ;
#958 = CARTESIAN_POINT ( 'NONE',  ( -4.049589503275984548, -15.49999999999999822, 2.000000000000000000 ) ) ;
#959 = AXIS2_PLACEMENT_3D ( 'NONE', #6005, #5101, #4511 ) ;
#960 = ORIENTED_EDGE ( 'NONE', *, *, #1987, .F. ) ;
#961 = CARTESIAN_POINT ( 'NONE',  ( -5.170541226032076665, -2.540362451458124227, 5.500000000000000000 ) ) ;
#962 = CONICAL_SURFACE ( 'NONE', #673, 0.01089732224873393718, 0.8377580409572834563 ) ;
#963 = VERTEX_POINT ( 'NONE', #1035 ) ;
#964 = FACE_OUTER_BOUND ( 'NONE', #1142, .T. ) ;
#965 = CARTESIAN_POINT ( 'NONE',  ( -0.2353590931157074628, 8.580894834146880257, 5.400137046524543294 ) ) ;
#966 = DIRECTION ( 'NONE',  ( 2.066657466083435988E-11, -0.7431448254774006834, -0.6691306063588511321 ) ) ;
#967 = DIRECTION ( 'NONE',  ( 0.9986295347545739443, 8.919851085528265764E-17, 0.05233595624294390403 ) ) ;
#968 = ORIENTED_EDGE ( 'NONE', *, *, #3267, .T. ) ;
#969 = CARTESIAN_POINT ( 'NONE',  ( 6.220397409999997684, -8.200088823000013960, 2.000000000000000000 ) ) ;
#970 = EDGE_LOOP ( 'NONE', ( #5326, #987, #6017, #5385 ) ) ;
#971 = CARTESIAN_POINT ( 'NONE',  ( -12.69964404000000435, -8.500221414000012743, 5.500000000000000000 ) ) ;
#972 = LINE ( 'NONE', #4826, #5617 ) ;
#973 = CARTESIAN_POINT ( 'NONE',  ( 4.069022338239874692, -5.776929959383991786, 5.500000000000000000 ) ) ;
#974 = CARTESIAN_POINT ( 'NONE',  ( 8.679899476999997532, -6.999999727076401612, 2.000000000000000000 ) ) ;
#975 = ADVANCED_FACE ( 'NONE', ( #1941 ), #2929, .T. ) ;
#976 = VECTOR ( 'NONE', #1633, 1000.000000000000000 ) ;
#977 = CARTESIAN_POINT ( 'NONE',  ( -3.381439935526385554, 1.928042536764186465, 5.500000000000000000 ) ) ;
#978 = FACE_OUTER_BOUND ( 'NONE', #3773, .T. ) ;
#979 = ORIENTED_EDGE ( 'NONE', *, *, #2614, .T. ) ;
#980 = CARTESIAN_POINT ( 'NONE',  ( -5.439559934000004482, -6.399994330000013498, 5.500000000000000000 ) ) ;
#981 = VERTEX_POINT ( 'NONE', #2071 ) ;
#982 = EDGE_CURVE ( 'NONE', #3500, #3814, #1070, .T. ) ;
#983 = ADVANCED_FACE ( 'NONE', ( #2969 ), #1143, .T. ) ;
#984 = CARTESIAN_POINT ( 'NONE',  ( -10.67954042527501812, -8.621990374129630652, 5.400137046522738515 ) ) ;
#985 = VERTEX_POINT ( 'NONE', #1565 ) ;
#986 = CARTESIAN_POINT ( 'NONE',  ( -3.469446951953614189E-15, -1.387778780781445676E-14, 5.500000000000000000 ) ) ;
#987 = ORIENTED_EDGE ( 'NONE', *, *, #5576, .F. ) ;
#988 = VECTOR ( 'NONE', #4396, 1000.000000000000000 ) ;
#989 = ADVANCED_FACE ( 'NONE', ( #5807 ), #2415, .T. ) ;
#990 = ADVANCED_FACE ( 'NONE', ( #4893 ), #563, .F. ) ;
#991 = DIRECTION ( 'NONE',  ( 0.000000000000000000, -0.05233595624294390403, -0.9986295347545739443 ) ) ;
#992 = CONICAL_SURFACE ( 'NONE', #4722, 27.71089732282815277, 0.8377580409573071041 ) ;
#993 = EDGE_LOOP ( 'NONE', ( #461, #5717, #100, #106 ) ) ;
#994 = ORIENTED_EDGE ( 'NONE', *, *, #3420, .T. ) ;
#995 = CARTESIAN_POINT ( 'NONE',  ( -6.431939418672286912, -7.988160805101058415, 2.000000000000000000 ) ) ;
#996 = ORIENTED_EDGE ( 'NONE', *, *, #3325, .F. ) ;
#997 = CIRCLE ( 'NONE', #1296, 6.049999999814689389 ) ;
#998 = DIRECTION ( 'NONE',  ( -0.000000000000000000, -0.000000000000000000, -1.000000000000000000 ) ) ;
#999 = CARTESIAN_POINT ( 'NONE',  ( -6.399994330000002840, -4.349384664000013778, 2.000000000000000000 ) ) ;
#1000 = LINE ( 'NONE', #907, #4988 ) ;
#1001 = CARTESIAN_POINT ( 'NONE',  ( -8.704448048000003268, 7.072134619999985716, 2.000000000000000000 ) ) ;
#1002 = ORIENTED_EDGE ( 'NONE', *, *, #558, .T. ) ;
#1003 = DIRECTION ( 'NONE',  ( 1.000000000000000000, 0.000000000000000000, 0.000000000000000000 ) ) ;
#1004 = ORIENTED_EDGE ( 'NONE', *, *, #3450, .F. ) ;
#1005 = CARTESIAN_POINT ( 'NONE',  ( 0.9822445367389407433, 0.9822446047454598261, 5.500000000000000000 ) ) ;
#1006 = DIRECTION ( 'NONE',  ( -0.000000000000000000, -0.000000000000000000, -1.000000000000000000 ) ) ;
#1007 = AXIS2_PLACEMENT_3D ( 'NONE', #2380, #1461, #3394 ) ;
#1008 = VECTOR ( 'NONE', #3947, 1000.000000000000000 ) ;
#1009 = APPLICATION_PROTOCOL_DEFINITION ( 'draft international standard', 'automotive_design', 1998, #4209 ) ;
#1010 = DIRECTION ( 'NONE',  ( -0.9999999998687255642, -1.620335923316948746E-05, 0.000000000000000000 ) ) ;
#1011 = DIRECTION ( 'NONE',  ( -0.000000000000000000, -0.000000000000000000, -1.000000000000000000 ) ) ;
#1012 = FACE_OUTER_BOUND ( 'NONE', #1680, .T. ) ;
#1013 = VERTEX_POINT ( 'NONE', #2001 ) ;
#1014 = VECTOR ( 'NONE', #4033, 999.9999999999998863 ) ;
#1015 = CARTESIAN_POINT ( 'NONE',  ( 2.800136970999997033, -5.699274774000014254, 2.000000000000000000 ) ) ;
#1016 = ORIENTED_EDGE ( 'NONE', *, *, #5735, .T. ) ;
#1017 = VECTOR ( 'NONE', #5389, 1000.000000000000000 ) ;
#1018 = CARTESIAN_POINT ( 'NONE',  ( -14.99999592300000373, -14.99999592300001439, 5.500000000000000000 ) ) ;
#1019 = EDGE_LOOP ( 'NONE', ( #1453, #143, #3871, #1685, #385, #1214, #2395, #5503, #3968, #1963, #5057, #3918, #6109, #1228, #4770, #926, #415, #3279, #1488, #5219, #2088, #3795, #852, #3798, #2701, #481, #3733, #3234, #3000, #1416, #1026, #3558, #4995, #5950, #3140, #2186, #5698, #73, #2022, #5921, #37, #5603, #3130, #2970, #2295, #74, #32, #4204, #831 ) ) ;
#1020 = ADVANCED_FACE ( 'NONE', ( #3397 ), #2847, .T. ) ;
#1021 = DIRECTION ( 'NONE',  ( 1.000000000000000000, 0.000000000000000000, 0.000000000000000000 ) ) ;
#1022 = CONICAL_SURFACE ( 'NONE', #3922, 0.3000000000226588637, 0.05235987755982995234 ) ;
#1023 = EDGE_LOOP ( 'NONE', ( #2190, #5688, #1933, #3963 ) ) ;
#1024 = VECTOR ( 'NONE', #3626, 1000.000000000000000 ) ;
#1025 = DIRECTION ( 'NONE',  ( -0.000000000000000000, -0.000000000000000000, 1.000000000000000000 ) ) ;
#1026 = ORIENTED_EDGE ( 'NONE', *, *, #1888, .F. ) ;
#1027 = ORIENTED_EDGE ( 'NONE', *, *, #4016, .F. ) ;
#1028 = ADVANCED_FACE ( 'NONE', ( #3529 ), #1530, .F. ) ;
#1029 = CARTESIAN_POINT ( 'NONE',  ( -6.303851604855013946, -8.112126063113340280, 5.400137046525551376 ) ) ;
#1030 = AXIS2_PLACEMENT_3D ( 'NONE', #5954, #1177, #3043 ) ;
#1031 = VERTEX_POINT ( 'NONE', #1974 ) ;
#1032 = ADVANCED_FACE ( 'NONE', ( #625 ), #2515, .T. ) ;
#1033 = CARTESIAN_POINT ( 'NONE',  ( -2.540362453609269267, -5.170541225599658119, 5.500000000000000000 ) ) ;
#1034 = PLANE ( 'NONE',  #4890 ) ;
#1035 = CARTESIAN_POINT ( 'NONE',  ( -8.191077206682367162, -6.226767794733657269, 5.500000000000000000 ) ) ;
#1036 = AXIS2_PLACEMENT_3D ( 'NONE', #5686, #1258, #817 ) ;
#1037 = EDGE_LOOP ( 'NONE', ( #5154, #550, #3443, #1456 ) ) ;
#1038 = LINE ( 'NONE', #5267, #3155 ) ;
#1039 = ORIENTED_EDGE ( 'NONE', *, *, #3765, .F. ) ;
#1040 = DIRECTION ( 'NONE',  ( 0.7071068056651136358, -0.7071067567079806215, 0.000000000000000000 ) ) ;
#1041 = DIRECTION ( 'NONE',  ( -1.000000000000000000, -2.780366963733653429E-11, 3.201264425115447549E-29 ) ) ;
#1042 = EDGE_CURVE ( 'NONE', #1796, #581, #1100, .T. ) ;
#1043 = AXIS2_PLACEMENT_3D ( 'NONE', #3207, #5135, #4666 ) ;
#1044 = AXIS2_PLACEMENT_3D ( 'NONE', #3992, #4526, #5030 ) ;
#1045 = CARTESIAN_POINT ( 'NONE',  ( -3.871441698195928982, -13.30025653711243194, 5.400137046524545958 ) ) ;
#1046 = CIRCLE ( 'NONE', #2045, 0.4781936319126212087 ) ;
#1047 = CARTESIAN_POINT ( 'NONE',  ( -9.991086257774622226, 7.983313682227103136, 5.400137046526361395 ) ) ;
#1048 = DIRECTION ( 'NONE',  ( 0.000000000000000000, 0.000000000000000000, 1.000000000000000000 ) ) ;
#1049 = DIRECTION ( 'NONE',  ( 0.7431448254773985740, 0.000000000000000000, 0.6691306063588533526 ) ) ;
#1050 = AXIS2_PLACEMENT_3D ( 'NONE', #1447, #2877, #1986 ) ;
#1051 = VECTOR ( 'NONE', #4370, 999.9999999999998863 ) ;
#1052 = ORIENTED_EDGE ( 'NONE', *, *, #2924, .T. ) ;
#1053 = DIRECTION ( 'NONE',  ( 0.000000000000000000, 0.000000000000000000, -1.000000000000000000 ) ) ;
#1054 = VECTOR ( 'NONE', #3547, 1000.000000000000000 ) ;
#1055 = VERTEX_POINT ( 'NONE', #1597 ) ;
#1056 = AXIS2_PLACEMENT_3D ( 'NONE', #4681, #1290, #4708 ) ;
#1057 = DIRECTION ( 'NONE',  ( 0.000000000000000000, 0.000000000000000000, -1.000000000000000000 ) ) ;
#1058 = ORIENTED_EDGE ( 'NONE', *, *, #3334, .F. ) ;
#1059 = CARTESIAN_POINT ( 'NONE',  ( -13.29994785364857002, 3.871768828156993969, 5.400137046524553064 ) ) ;
#1060 = ORIENTED_EDGE ( 'NONE', *, *, #646, .T. ) ;
#1061 = EDGE_CURVE ( 'NONE', #5197, #736, #4483, .T. ) ;
#1062 = CARTESIAN_POINT ( 'NONE',  ( 6.220397409999997684, -8.200088823000013960, 5.500000000000000000 ) ) ;
#1063 = ORIENTED_EDGE ( 'NONE', *, *, #3196, .T. ) ;
#1064 = ORIENTED_EDGE ( 'NONE', *, *, #3543, .F. ) ;
#1065 = LINE ( 'NONE', #5395, #163 ) ;
#1066 = EDGE_LOOP ( 'NONE', ( #4443, #795, #6085, #6075 ) ) ;
#1067 = CARTESIAN_POINT ( 'NONE',  ( 5.869101894832427391, -0.1781936316145653065, 5.400137046524545958 ) ) ;
#1068 = EDGE_CURVE ( 'NONE', #4172, #6203, #1218, .T. ) ;
#1069 = DIRECTION ( 'NONE',  ( -0.000000000000000000, -0.000000000000000000, -1.000000000000000000 ) ) ;
#1070 = LINE ( 'NONE', #3940, #5779 ) ;
#1071 = ADVANCED_FACE ( 'NONE', ( #1690 ), #3647, .T. ) ;
#1072 = VECTOR ( 'NONE', #4249, 1000.000000000000000 ) ;
#1073 = ORIENTED_EDGE ( 'NONE', *, *, #2207, .F. ) ;
#1074 = CARTESIAN_POINT ( 'NONE',  ( 4.002387814182885251, -15.50000000000000000, 2.917261277690943011 ) ) ;
#1075 = VECTOR ( 'NONE', #5118, 1000.000000000000114 ) ;
#1076 = ORIENTED_EDGE ( 'NONE', *, *, #2801, .F. ) ;
#1077 = CARTESIAN_POINT ( 'NONE',  ( -7.900093158670823179, -6.220228179879079278, 2.000000000000000000 ) ) ;
#1078 = CARTESIAN_POINT ( 'NONE',  ( -15.24965714865897404, 4.063014844934889958, 1.750342851341027517 ) ) ;
#1079 = DIRECTION ( 'NONE',  ( -0.9999999998687255642, -1.620335923316948407E-05, -0.000000000000000000 ) ) ;
#1080 = CARTESIAN_POINT ( 'NONE',  ( -4.349384663942299056, -6.699994329937086768, 2.000000000000000000 ) ) ;
#1081 = DIRECTION ( 'NONE',  ( -1.000000000000000000, -1.734723475976805517E-15, 0.000000000000000000 ) ) ;
#1082 = CARTESIAN_POINT ( 'NONE',  ( 8.477655576030763029, -3.290238090661312675E-10, 2.000000000000000000 ) ) ;
#1083 = EDGE_CURVE ( 'NONE', #1299, #2083, #4102, .T. ) ;
#1084 = VERTEX_POINT ( 'NONE', #5075 ) ;
#1085 = DIRECTION ( 'NONE',  ( -1.000000000000000000, 0.000000000000000000, 0.000000000000000000 ) ) ;
#1086 = ORIENTED_EDGE ( 'NONE', *, *, #5828, .F. ) ;
#1087 = AXIS2_PLACEMENT_3D ( 'NONE', #5166, #2798, #366 ) ;
#1088 = CARTESIAN_POINT ( 'NONE',  ( -14.99999592300000373, -14.99999592300001439, 2.000000000000000000 ) ) ;
#1089 = ORIENTED_EDGE ( 'NONE', *, *, #373, .F. ) ;
#1090 = CARTESIAN_POINT ( 'NONE',  ( 3.761310930177348411, -13.30000908821593519, 5.500000000000000000 ) ) ;
#1091 = VERTEX_POINT ( 'NONE', #4606 ) ;
#1092 = PLANE ( 'NONE',  #5558 ) ;
#1093 = ORIENTED_EDGE ( 'NONE', *, *, #3649, .T. ) ;
#1094 = ORIENTED_EDGE ( 'NONE', *, *, #6199, .F. ) ;
#1095 = DIRECTION ( 'NONE',  ( -0.000000000000000000, -0.000000000000000000, -1.000000000000000000 ) ) ;
#1096 = EDGE_CURVE ( 'NONE', #4964, #3929, #6063, .T. ) ;
#1097 = ORIENTED_EDGE ( 'NONE', *, *, #2213, .F. ) ;
#1098 = CARTESIAN_POINT ( 'NONE',  ( -15.50000000000000000, -4.050310395620448922, 2.000000000000000000 ) ) ;
#1099 = DIRECTION ( 'NONE',  ( 1.000000000000000000, 0.000000000000000000, 0.000000000000000000 ) ) ;
#1100 = LINE ( 'NONE', #3973, #2546 ) ;
#1101 = VERTEX_POINT ( 'NONE', #2227 ) ;
#1102 = CARTESIAN_POINT ( 'NONE',  ( 14.98305084614872129, -14.48333333333333428, 0.000000000000000000 ) ) ;
#1103 = EDGE_CURVE ( 'NONE', #1013, #3162, #4068, .T. ) ;
#1104 = ORIENTED_EDGE ( 'NONE', *, *, #216, .T. ) ;
#1105 = CARTESIAN_POINT ( 'NONE',  ( -7.900093158710376429, -6.220228179879081054, 1.999999999997926992 ) ) ;
#1106 = LINE ( 'NONE', #629, #4784 ) ;
#1107 =( NAMED_UNIT ( * ) SI_UNIT ( $, .STERADIAN. ) SOLID_ANGLE_UNIT ( ) );
#1108 = CARTESIAN_POINT ( 'NONE',  ( -4.349647684042111884, -12.71108159674436067, 5.500000000000000000 ) ) ;
#1109 = CARTESIAN_POINT ( 'NONE',  ( 5.990599641372174489, -0.05940035818536255202, 3.133426358123073019 ) ) ;
#1110 = CARTESIAN_POINT ( 'NONE',  ( -8.510549692257084686, -12.70032015012024651, 5.500000000000000000 ) ) ;
#1111 = VERTEX_POINT ( 'NONE', #3620 ) ;
#1112 = DIRECTION ( 'NONE',  ( -0.000000000000000000, -0.05233595624294390403, -0.9986295347545739443 ) ) ;
#1113 = ADVANCED_FACE ( 'NONE', ( #6096 ), #276, .F. ) ;
#1114 = VECTOR ( 'NONE', #4077, 1000.000000000000114 ) ;
#1115 = ORIENTED_EDGE ( 'NONE', *, *, #5226, .T. ) ;
#1116 = EDGE_CURVE ( 'NONE', #4876, #3139, #5611, .T. ) ;
#1117 = DIRECTION ( 'NONE',  ( -0.5964693462129455614, -0.5964790112961578794, -0.5370634116298178551 ) ) ;
#1118 = CONICAL_SURFACE ( 'NONE', #3535, 0.5891026779436072669, 0.8377580409572850106 ) ;
#1119 = LINE ( 'NONE', #4967, #5082 ) ;
#1120 = VERTEX_POINT ( 'NONE', #5579 ) ;
#1121 = CARTESIAN_POINT ( 'NONE',  ( 6.432526034125275238, -7.987953378454261788, 2.000000000000000000 ) ) ;
#1122 = CIRCLE ( 'NONE', #2532, 0.5891026778531175401 ) ;
#1123 = ADVANCED_FACE ( 'NONE', ( #5016 ), #867, .T. ) ;
#1124 = VERTEX_POINT ( 'NONE', #1248 ) ;
#1125 = FACE_OUTER_BOUND ( 'NONE', #2818, .T. ) ;
#1126 = VECTOR ( 'NONE', #4395, 1000.000000000000000 ) ;
#1127 = ORIENTED_EDGE ( 'NONE', *, *, #5420, .F. ) ;
#1128 = ORIENTED_EDGE ( 'NONE', *, *, #141, .F. ) ;
#1129 = LINE ( 'NONE', #621, #59 ) ;
#1130 = VERTEX_POINT ( 'NONE', #2132 ) ;
#1131 = CARTESIAN_POINT ( 'NONE',  ( 8.477655575966393187, -0.2891026781325438111, 5.500000000000000000 ) ) ;
#1132 = DIRECTION ( 'NONE',  ( -1.000000000000000000, 0.000000000000000000, 0.000000000000000000 ) ) ;
#1133 = ADVANCED_FACE ( 'NONE', ( #773 ), #4100, .T. ) ;
#1134 = DIRECTION ( 'NONE',  ( 0.6653911961701866051, 0.7446579776940183137, 0.05233595624294390403 ) ) ;
#1135 = DIRECTION ( 'NONE',  ( -0.000000000000000000, -0.000000000000000000, -1.000000000000000000 ) ) ;
#1136 = DIRECTION ( 'NONE',  ( 1.000000000000000000, 0.000000000000000000, 0.000000000000000000 ) ) ;
#1137 = DIRECTION ( 'NONE',  ( 0.5254827455898247734, -0.5254827454076961279, -0.6691306063588557951 ) ) ;
#1138 = CARTESIAN_POINT ( 'NONE',  ( 6.220395436332087691, -8.078282454862662831, 5.400137046524545958 ) ) ;
#1139 = LINE ( 'NONE', #3069, #1804 ) ;
#1140 = ADVANCED_FACE ( 'NONE', ( #3178 ), #670, .T. ) ;
#1141 = DIRECTION ( 'NONE',  ( 1.000000000000000000, 0.000000000000000000, 0.000000000000000000 ) ) ;
#1142 = EDGE_LOOP ( 'NONE', ( #4741, #5097, #2530, #3 ) ) ;
#1143 = CONICAL_SURFACE ( 'NONE', #3057, 0.2999999997797559437, 0.05235987755982995234 ) ;
#1144 = CIRCLE ( 'NONE', #6186, 0.01089732217307570750 ) ;
#1145 = CARTESIAN_POINT ( 'NONE',  ( 6.049999999780194315, -1.387778780781445676E-14, 2.000000000000000000 ) ) ;
#1146 = VECTOR ( 'NONE', #434, 1000.000000000000114 ) ;
#1147 = ORIENTED_EDGE ( 'NONE', *, *, #5590, .T. ) ;
#1148 = FACE_OUTER_BOUND ( 'NONE', #2661, .T. ) ;
#1149 = AXIS2_PLACEMENT_3D ( 'NONE', #977, #4866, #4799 ) ;
#1150 = EDGE_CURVE ( 'NONE', #3847, #921, #180, .T. ) ;
#1151 = CARTESIAN_POINT ( 'NONE',  ( -8.110183963534321805, -6.305935823492409220, 5.359675865106594550 ) ) ;
#1152 = EDGE_CURVE ( 'NONE', #2765, #2687, #1864, .T. ) ;
#1153 = ORIENTED_EDGE ( 'NONE', *, *, #6013, .T. ) ;
#1154 = LINE ( 'NONE', #2600, #1642 ) ;
#1155 = EDGE_LOOP ( 'NONE', ( #929, #1318, #3508, #1570 ) ) ;
#1156 = DIRECTION ( 'NONE',  ( -0.4458455100477405342, -0.4989564605618742599, -0.7431448254774012385 ) ) ;
#1157 = ORIENTED_EDGE ( 'NONE', *, *, #5598, .F. ) ;
#1158 = ORIENTED_EDGE ( 'NONE', *, *, #5521, .T. ) ;
#1159 = EDGE_CURVE ( 'NONE', #3086, #3482, #305, .T. ) ;
#1160 = VECTOR ( 'NONE', #5715, 1000.000000000000114 ) ;
#1161 = CARTESIAN_POINT ( 'NONE',  ( -15.50000000000000711, 15.50000000000000000, 1.499999999999996225 ) ) ;
#1162 = VERTEX_POINT ( 'NONE', #2167 ) ;
#1163 = FACE_OUTER_BOUND ( 'NONE', #658, .T. ) ;
#1164 = DIRECTION ( 'NONE',  ( 1.000000000000000000, 0.000000000000000000, 0.000000000000000000 ) ) ;
#1165 = CARTESIAN_POINT ( 'NONE',  ( -13.50000000000000355, -14.99999999999999822, 2.000000000000000000 ) ) ;
#1166 = LINE ( 'NONE', #3097, #1639 ) ;
#1167 = DIRECTION ( 'NONE',  ( 0.000000000000000000, 0.000000000000000000, 1.000000000000000000 ) ) ;
#1168 = DIRECTION ( 'NONE',  ( -1.000000000000000000, 0.000000000000000000, 0.000000000000000000 ) ) ;
#1169 = FACE_OUTER_BOUND ( 'NONE', #5255, .T. ) ;
#1170 = DIRECTION ( 'NONE',  ( 0.4731467892177761425, -0.4731467892938479580, -0.7431448254773980189 ) ) ;
#1171 = ORIENTED_EDGE ( 'NONE', *, *, #1649, .F. ) ;
#1172 = AXIS2_PLACEMENT_3D ( 'NONE', #1768, #3697, #5628 ) ;
#1173 = CARTESIAN_POINT ( 'NONE',  ( -14.99999592300000373, -14.99999592300001439, 2.000000000000000000 ) ) ;
#1174 = VERTEX_POINT ( 'NONE', #1664 ) ;
#1175 = CIRCLE ( 'NONE', #3894, 0.3000000004083399618 ) ;
#1176 = ADVANCED_FACE ( 'NONE', ( #3593 ), #2582, .F. ) ;
#1177 = DIRECTION ( 'NONE',  ( 0.000000000000000000, 0.000000000000000000, 1.000000000000000000 ) ) ;
#1178 = DIRECTION ( 'NONE',  ( 0.000000000000000000, 0.000000000000000000, 1.000000000000000000 ) ) ;
#1179 = VERTEX_POINT ( 'NONE', #3120 ) ;
#1180 = LINE ( 'NONE', #3516, #5994 ) ;
#1181 = EDGE_CURVE ( 'NONE', #5411, #3658, #5001, .T. ) ;
#1182 = ORIENTED_EDGE ( 'NONE', *, *, #905, .T. ) ;
#1183 = VECTOR ( 'NONE', #2168, 1000.000000000000114 ) ;
#1184 = ADVANCED_FACE ( 'NONE', ( #4574 ), #339, .F. ) ;
#1185 = PLANE ( 'NONE',  #1215 ) ;
#1186 = ORIENTED_EDGE ( 'NONE', *, *, #4725, .F. ) ;
#1187 = EDGE_LOOP ( 'NONE', ( #5731, #55, #2747, #1211 ) ) ;
#1188 = LINE ( 'NONE', #3115, #4292 ) ;
#1189 = EDGE_CURVE ( 'NONE', #4868, #4387, #4604, .T. ) ;
#1190 = ORIENTED_EDGE ( 'NONE', *, *, #1327, .T. ) ;
#1191 = ADVANCED_FACE ( 'NONE', ( #4594 ), #2177, .F. ) ;
#1192 = DIRECTION ( 'NONE',  ( -1.000000000000000000, -0.000000000000000000, -0.000000000000000000 ) ) ;
#1193 = DIRECTION ( 'NONE',  ( 1.000000000000000000, 0.000000000000000000, 0.000000000000000000 ) ) ;
#1194 = DIRECTION ( 'NONE',  ( 1.000000000000000000, 0.000000000000000000, 0.000000000000000000 ) ) ;
#1195 = DIRECTION ( 'NONE',  ( 0.7071067810582568613, -0.7071067813148382841, 0.000000000000000000 ) ) ;
#1196 = DIRECTION ( 'NONE',  ( -0.000000000000000000, -0.000000000000000000, -1.000000000000000000 ) ) ;
#1197 = DIRECTION ( 'NONE',  ( -0.000000000000000000, -0.000000000000000000, -1.000000000000000000 ) ) ;
#1198 = CARTESIAN_POINT ( 'NONE',  ( -6.399994330000002840, 4.349384663999985356, 5.500000000000000000 ) ) ;
#1199 = CARTESIAN_POINT ( 'NONE',  ( -6.486124438910619183, -5.525690042923425693, 5.400137046524544182 ) ) ;
#1200 = CARTESIAN_POINT ( 'NONE',  ( -5.699274774000003596, 2.800136970999986374, 5.500000000000000000 ) ) ;
#1201 = ORIENTED_EDGE ( 'NONE', *, *, #5660, .T. ) ;
#1202 = LINE ( 'NONE', #222, #1233 ) ;
#1203 = ORIENTED_EDGE ( 'NONE', *, *, #4566, .T. ) ;
#1204 = CARTESIAN_POINT ( 'NONE',  ( -15.50000000000007461, -15.50000000000006573, 0.4999999999999970024 ) ) ;
#1205 = DIRECTION ( 'NONE',  ( 1.000000000000000000, 0.000000000000000000, 0.000000000000000000 ) ) ;
#1206 = LINE ( 'NONE', #1234, #5781 ) ;
#1207 = ORIENTED_EDGE ( 'NONE', *, *, #1713, .F. ) ;
#1208 = DIRECTION ( 'NONE',  ( -0.000000000000000000, -0.000000000000000000, -1.000000000000000000 ) ) ;
#1209 = EDGE_CURVE ( 'NONE', #414, #2206, #4192, .T. ) ;
#1210 = VERTEX_POINT ( 'NONE', #3724 ) ;
#1211 = ORIENTED_EDGE ( 'NONE', *, *, #96, .F. ) ;
#1212 = PRESENTATION_LAYER_ASSIGNMENT (  '', '', ( #5553 ) ) ;
#1213 = CARTESIAN_POINT ( 'NONE',  ( 3.012269005276120293, -5.487142739223893173, 2.000000000000000000 ) ) ;
#1214 = ORIENTED_EDGE ( 'NONE', *, *, #2436, .F. ) ;
#1215 = AXIS2_PLACEMENT_3D ( 'NONE', #4625, #1156, #5033 ) ;
#1216 = LINE ( 'NONE', #2131, #911 ) ;
#1217 = EDGE_CURVE ( 'NONE', #4783, #4624, #2784, .T. ) ;
#1218 = LINE ( 'NONE', #3147, #2240 ) ;
#1219 = CARTESIAN_POINT ( 'NONE',  ( -7.900294732024616629, 6.219970388503319292, 2.000000000000000000 ) ) ;
#1220 = LINE ( 'NONE', #664, #1835 ) ;
#1221 = DIRECTION ( 'NONE',  ( -1.000000000000000000, 0.000000000000000000, 0.000000000000000000 ) ) ;
#1222 = VECTOR ( 'NONE', #5682, 999.9999999999998863 ) ;
#1223 = LINE ( 'NONE', #3710, #2203 ) ;
#1224 = LINE ( 'NONE', #1758, #803 ) ;
#1225 = PLANE ( 'NONE',  #217 ) ;
#1226 = ORIENTED_EDGE ( 'NONE', *, *, #5037, .F. ) ;
#1227 = DIRECTION ( 'NONE',  ( 0.05233595624294390403, 0.000000000000000000, -0.9986295347545739443 ) ) ;
#1228 = ORIENTED_EDGE ( 'NONE', *, *, #1371, .F. ) ;
#1229 = AXIS2_PLACEMENT_3D ( 'NONE', #1353, #1320, #4734 ) ;
#1230 = DIRECTION ( 'NONE',  ( -0.000000000000000000, -0.000000000000000000, -1.000000000000000000 ) ) ;
#1231 = CARTESIAN_POINT ( 'NONE',  ( -8.200092867000003949, -6.220646561000013897, 2.000000000000000000 ) ) ;
#1232 = LINE ( 'NONE', #227, #5605 ) ;
#1233 = VECTOR ( 'NONE', #3103, 1000.000000000000000 ) ;
#1234 = CARTESIAN_POINT ( 'NONE',  ( -6.410891652236004212, -5.439559934036612532, 5.500000000000000000 ) ) ;
#1235 = CONICAL_SURFACE ( 'NONE', #2852, 5.760897322021587996, 0.8377580409572876752 ) ;
#1236 = ORIENTED_EDGE ( 'NONE', *, *, #3695, .T. ) ;
#1237 = AXIS2_PLACEMENT_3D ( 'NONE', #322, #3341, #6080 ) ;
#1238 = AXIS2_PLACEMENT_3D ( 'NONE', #5502, #4017, #4587 ) ;
#1239 = DIRECTION ( 'NONE',  ( 0.7071067811959433902, 0.7071067811771516443, 0.000000000000000000 ) ) ;
#1240 = ORIENTED_EDGE ( 'NONE', *, *, #5394, .F. ) ;
#1241 = ORIENTED_EDGE ( 'NONE', *, *, #174, .F. ) ;
#1242 = DIRECTION ( 'NONE',  ( -2.019756517667898881E-11, -1.000000000000000000, 0.000000000000000000 ) ) ;
#1243 = VECTOR ( 'NONE', #359, 1000.000000000000000 ) ;
#1244 = ORIENTED_EDGE ( 'NONE', *, *, #1189, .F. ) ;
#1245 = ADVANCED_FACE ( 'NONE', ( #5092 ), #733, .T. ) ;
#1246 = DIRECTION ( 'NONE',  ( -0.000000000000000000, -0.000000000000000000, -1.000000000000000000 ) ) ;
#1247 = VECTOR ( 'NONE', #6249, 1000.000000000000227 ) ;
#1248 = CARTESIAN_POINT ( 'NONE',  ( -6.521800698145832520, -5.439559934000014252, 5.400137046535074425 ) ) ;
#1249 = LINE ( 'NONE', #2315, #3901 ) ;
#1250 = DIRECTION ( 'NONE',  ( -1.000000000000000000, 0.000000000000000000, 0.000000000000000000 ) ) ;
#1251 = CARTESIAN_POINT ( 'NONE',  ( -8.499652370000005064, -12.70032002400001048, 2.000000000000000000 ) ) ;
#1252 = ADVANCED_FACE ( 'NONE', ( #3133 ), #4682, .F. ) ;
#1253 = LINE ( 'NONE', #3686, #5953 ) ;
#1254 = ADVANCED_FACE ( 'NONE', ( #5152 ), #6023, .F. ) ;
#1255 = CARTESIAN_POINT ( 'NONE',  ( -10.64262635225207099, -8.530773457948239269, 5.466801042513798947 ) ) ;
#1256 = LINE ( 'NONE', #5979, #4818 ) ;
#1257 = ORIENTED_EDGE ( 'NONE', *, *, #826, .T. ) ;
#1258 = DIRECTION ( 'NONE',  ( -0.000000000000000000, -0.000000000000000000, -1.000000000000000000 ) ) ;
#1259 = VERTEX_POINT ( 'NONE', #6140 ) ;
#1260 = DIRECTION ( 'NONE',  ( 0.000000000000000000, 0.000000000000000000, 1.000000000000000000 ) ) ;
#1261 = EDGE_CURVE ( 'NONE', #2733, #3320, #5659, .T. ) ;
#1262 = PLANE ( 'NONE',  #1659 ) ;
#1263 = CARTESIAN_POINT ( 'NONE',  ( 8.672193906120968521, -6.707705297164720193, 5.500000000000000000 ) ) ;
#1264 = AXIS2_PLACEMENT_3D ( 'NONE', #2127, #145, #3966 ) ;
#1265 = CARTESIAN_POINT ( 'NONE',  ( -9.991086257774622226, 7.983313682227103136, 5.400137046526361395 ) ) ;
#1266 = LINE ( 'NONE', #530, #1273 ) ;
#1267 = VERTEX_POINT ( 'NONE', #6046 ) ;
#1268 = CARTESIAN_POINT ( 'NONE',  ( 5.487142739453717333, 3.012269005461953419, 2.000000000000000000 ) ) ;
#1269 = ORIENTED_EDGE ( 'NONE', *, *, #2016, .F. ) ;
#1270 = ORIENTED_EDGE ( 'NONE', *, *, #2110, .F. ) ;
#1271 = CARTESIAN_POINT ( 'NONE',  ( -8.200092867000003949, -6.220646561000013897, 5.400137046524553064 ) ) ;
#1272 = ORIENTED_EDGE ( 'NONE', *, *, #5613, .T. ) ;
#1273 = VECTOR ( 'NONE', #3374, 1000.000000000000114 ) ;
#1274 = LINE ( 'NONE', #211, #501 ) ;
#1275 = DIRECTION ( 'NONE',  ( 0.05233595625426984421, 0.000000000000000000, 0.9986295347539801970 ) ) ;
#1276 = EDGE_CURVE ( 'NONE', #888, #5127, #5563, .T. ) ;
#1277 = LINE ( 'NONE', #3179, #5414 ) ;
#1278 = CARTESIAN_POINT ( 'NONE',  ( -3.469446951953614189E-15, -1.387778780781445676E-14, 2.000000000000000000 ) ) ;
#1279 = DIRECTION ( 'NONE',  ( 1.429399335723344145E-10, -0.7431448254774006834, -0.6691306063588511321 ) ) ;
#1280 = DIRECTION ( 'NONE',  ( -0.5254827454565181855, 0.5254827455410064907, -0.6691306063588525754 ) ) ;
#1281 = CARTESIAN_POINT ( 'NONE',  ( -4.349643223672841508, -12.71116173827277684, 5.500000000000000000 ) ) ;
#1282 = LINE ( 'NONE', #6071, #1288 ) ;
#1283 = ORIENTED_EDGE ( 'NONE', *, *, #3578, .T. ) ;
#1284 = ORIENTED_EDGE ( 'NONE', *, *, #3649, .F. ) ;
#1285 = EDGE_CURVE ( 'NONE', #5332, #5519, #4143, .T. ) ;
#1286 = CARTESIAN_POINT ( 'NONE',  ( -8.200294732000003251, 6.219963096999987506, 2.000000000000000000 ) ) ;
#1287 = VERTEX_POINT ( 'NONE', #6112 ) ;
#1288 = VECTOR ( 'NONE', #220, 999.9999999999998863 ) ;
#1289 = FACE_OUTER_BOUND ( 'NONE', #6027, .T. ) ;
#1290 = DIRECTION ( 'NONE',  ( -0.000000000000000000, 0.000000000000000000, -1.000000000000000000 ) ) ;
#1291 = AXIS2_PLACEMENT_3D ( 'NONE', #308, #6036, #3151 ) ;
#1292 = LINE ( 'NONE', #2171, #5205 ) ;
#1293 = EDGE_CURVE ( 'NONE', #4590, #3497, #1232, .T. ) ;
#1294 = EDGE_CURVE ( 'NONE', #5053, #5708, #4088, .T. ) ;
#1295 = VERTEX_POINT ( 'NONE', #761 ) ;
#1296 = AXIS2_PLACEMENT_3D ( 'NONE', #1668, #3597, #5528 ) ;
#1297 = ORIENTED_EDGE ( 'NONE', *, *, #6151, .F. ) ;
#1298 = CARTESIAN_POINT ( 'NONE',  ( -8.799652370002569057, -12.70032349605210875, 2.000000000000044853 ) ) ;
#1299 = VERTEX_POINT ( 'NONE', #2154 ) ;
#1300 = ORIENTED_EDGE ( 'NONE', *, *, #1578, .F. ) ;
#1301 = EDGE_CURVE ( 'NONE', #5901, #1552, #5415, .T. ) ;
#1302 = LINE ( 'NONE', #1802, #3764 ) ;
#1303 = AXIS2_PLACEMENT_3D ( 'NONE', #1562, #4413, #2609 ) ;
#1304 = VECTOR ( 'NONE', #4902, 1000.000000000000114 ) ;
#1305 = ORIENTED_EDGE ( 'NONE', *, *, #1526, .T. ) ;
#1306 = CARTESIAN_POINT ( 'NONE',  ( -12.69964178458580051, -8.622027782157738685, 5.400137046524552176 ) ) ;
#1307 = AXIS2_PLACEMENT_3D ( 'NONE', #243, #2166, #4101 ) ;
#1308 = CARTESIAN_POINT ( 'NONE',  ( -8.190982032817800018, 6.225622184077839627, 5.500000000000000000 ) ) ;
#1309 = DIRECTION ( 'NONE',  ( 0.000000000000000000, 0.000000000000000000, 1.000000000000000000 ) ) ;
#1310 = CIRCLE ( 'NONE', #5658, 0.1218063680707235502 ) ;
#1311 = CARTESIAN_POINT ( 'NONE',  ( -6.612126364334579343, 4.137252629711625218, 2.000000000000000000 ) ) ;
#1312 = CARTESIAN_POINT ( 'NONE',  ( -4.349639349923354992, -13.00026441601081650, 2.000000000000000000 ) ) ;
#1313 = DIRECTION ( 'NONE',  ( -0.000000000000000000, -0.000000000000000000, -1.000000000000000000 ) ) ;
#1314 = CARTESIAN_POINT ( 'NONE',  ( -8.074738382618454224, 6.341217299419080078, 4.393768172221772517 ) ) ;
#1315 = ORIENTED_EDGE ( 'NONE', *, *, #643, .T. ) ;
#1316 = VERTEX_POINT ( 'NONE', #5027 ) ;
#1317 = CARTESIAN_POINT ( 'NONE',  ( 5.593411110756845162, 3.541994724519577087, 5.500000000000000000 ) ) ;
#1318 = ORIENTED_EDGE ( 'NONE', *, *, #5828, .T. ) ;
#1319 = AXIS2_PLACEMENT_3D ( 'NONE', #1980, #2105, #3566 ) ;
#1320 = DIRECTION ( 'NONE',  ( 0.000000000000000000, 0.000000000000000000, 1.000000000000000000 ) ) ;
#1321 = EDGE_CURVE ( 'NONE', #1707, #1621, #6020, .T. ) ;
#1322 = DIRECTION ( 'NONE',  ( -0.9986295346876913337, -1.155775376931470071E-05, 0.05233595624294390403 ) ) ;
#1323 = DIRECTION ( 'NONE',  ( 1.985712777636717435E-05, -0.9999999998028472614, -0.000000000000000000 ) ) ;
#1324 = FACE_OUTER_BOUND ( 'NONE', #2095, .T. ) ;
#1325 = ORIENTED_EDGE ( 'NONE', *, *, #1116, .F. ) ;
#1326 = EDGE_CURVE ( 'NONE', #1805, #2572, #1678, .T. ) ;
#1327 = EDGE_CURVE ( 'NONE', #5160, #3716, #3667, .T. ) ;
#1328 = CARTESIAN_POINT ( 'NONE',  ( 6.305247658620388052, -8.109765476576903609, 5.359675942001344673 ) ) ;
#1329 = VECTOR ( 'NONE', #1112, 1000.000000000000000 ) ;
#1330 = CIRCLE ( 'NONE', #1319, 0.1218063676901486314 ) ;
#1331 = EDGE_LOOP ( 'NONE', ( #6177, #3585, #1002, #709 ) ) ;
#1333 = CARTESIAN_POINT ( 'NONE',  ( -6.410891652236003324, 4.349384663997851064, 5.500000000000000000 ) ) ;
#1332 = CIRCLE ( 'NONE', #531, 5.871806367919236713 ) ;
#1334 = AXIS2_PLACEMENT_3D ( 'NONE', #1278, #1197, #3123 ) ;
#1335 = AXIS2_PLACEMENT_3D ( 'NONE', #3607, #3817, #291 ) ;
#1336 = EDGE_LOOP ( 'NONE', ( #1357, #5320, #6235, #4022 ) ) ;
#1337 = CARTESIAN_POINT ( 'NONE',  ( 8.467767435004773802, -6.912131753842751358, 2.000000000000000000 ) ) ;
#1338 = CIRCLE ( 'NONE', #4877, 0.1218063676931661898 ) ;
#1339 = CONICAL_SURFACE ( 'NONE', #3568, 0.01089732207824878341, 0.8377580409572852327 ) ;
#1340 = DIRECTION ( 'NONE',  ( -0.03700710956598227130, -0.03700710955255383239, -0.9986295347545739443 ) ) ;
#1341 = ORIENTED_EDGE ( 'NONE', *, *, #4735, .F. ) ;
#1342 = CARTESIAN_POINT ( 'NONE',  ( -4.349384663997906131, -6.410891652236014870, 5.500000000000000000 ) ) ;
#1343 = AXIS2_PLACEMENT_3D ( 'NONE', #850, #3242, #4020 ) ;
#1344 = CARTESIAN_POINT ( 'NONE',  ( -12.71092341592364861, 7.899934114177390221, 5.500000000000000000 ) ) ;
#1345 = DIRECTION ( 'NONE',  ( 1.157361500644497525E-05, -0.9999999999330256850, 0.000000000000000000 ) ) ;
#1346 = CARTESIAN_POINT ( 'NONE',  ( 11.42726392699999671, -6.699999727000014005, 2.000000000000000000 ) ) ;
#1347 = EDGE_LOOP ( 'NONE', ( #5560, #2157, #1305, #1115 ) ) ;
#1348 = VECTOR ( 'NONE', #2198, 1000.000000000000000 ) ;
#1349 = ORIENTED_EDGE ( 'NONE', *, *, #4113, .F. ) ;
#1350 = CARTESIAN_POINT ( 'NONE',  ( 5.361140813998435561, 3.138270930920583179, 5.400137046524544182 ) ) ;
#1351 = AXIS2_PLACEMENT_3D ( 'NONE', #4255, #1973, #1848 ) ;
#1352 = ORIENTED_EDGE ( 'NONE', *, *, #1321, .F. ) ;
#1353 = CARTESIAN_POINT ( 'NONE',  ( -14.99999592300000373, -14.99999592300001439, 2.000000000000000000 ) ) ;
#1354 = CARTESIAN_POINT ( 'NONE',  ( -0.3000000000000034861, 8.477655575999987647, 5.500000000000000000 ) ) ;
#1355 = LINE ( 'NONE', #860, #3458 ) ;
#1356 = ADVANCED_FACE ( 'NONE', ( #4649 ), #1965, .T. ) ;
#1357 = ORIENTED_EDGE ( 'NONE', *, *, #4704, .T. ) ;
#1358 = LINE ( 'NONE', #1298, #1547 ) ;
#1359 = CONICAL_SURFACE ( 'NONE', #680, 0.01089732201575970699, 0.8377580409572855658 ) ;
#1360 = ORIENTED_EDGE ( 'NONE', *, *, #5888, .F. ) ;
#1361 = EDGE_LOOP ( 'NONE', ( #622, #4083, #1367, #6133 ) ) ;
#1362 = EDGE_CURVE ( 'NONE', #478, #1557, #1292, .T. ) ;
#1363 = FACE_OUTER_BOUND ( 'NONE', #1869, .T. ) ;
#1364 = ORIENTED_EDGE ( 'NONE', *, *, #5542, .T. ) ;
#1365 = ADVANCED_FACE ( 'NONE', ( #4582 ), #3125, .T. ) ;
#1366 = CARTESIAN_POINT ( 'NONE',  ( -12.69964404000000435, -8.500221414000012743, 5.400137046524553064 ) ) ;
#1367 = ORIENTED_EDGE ( 'NONE', *, *, #2880, .T. ) ;
#1368 = ADVANCED_FACE ( 'NONE', ( #1574 ), #3417, .T. ) ;
#1369 = DIRECTION ( 'NONE',  ( -1.000000000000000000, 0.000000000000000000, 0.000000000000000000 ) ) ;
#1370 = VERTEX_POINT ( 'NONE', #4488 ) ;
#1371 = EDGE_CURVE ( 'NONE', #377, #6261, #3715, .T. ) ;
#1372 = DIRECTION ( 'NONE',  ( 1.000000000000000000, 0.000000000000000000, 0.000000000000000000 ) ) ;
#1373 = VECTOR ( 'NONE', #4484, 1000.000000000000000 ) ;
#1374 = CARTESIAN_POINT ( 'NONE',  ( -3.469446951953614189E-15, -1.387778780781445676E-14, 5.400137046524544182 ) ) ;
#1375 = DIRECTION ( 'NONE',  ( -0.000000000000000000, -0.000000000000000000, -1.000000000000000000 ) ) ;
#1376 = LINE ( 'NONE', #1815, #2838 ) ;
#1377 = VERTEX_POINT ( 'NONE', #3099 ) ;
#1378 = PLANE ( 'NONE',  #3859 ) ;
#1379 = ORIENTED_EDGE ( 'NONE', *, *, #1261, .T. ) ;
#1380 = CARTESIAN_POINT ( 'NONE',  ( -15.47787398835824568, 4.027801158663755210, 2.422189452490576045 ) ) ;
#1381 = CARTESIAN_POINT ( 'NONE',  ( 3.872219976059984248, -13.30000683214555934, 5.400137046524959850 ) ) ;
#1382 = FACE_OUTER_BOUND ( 'NONE', #2569, .T. ) ;
#1383 = DIRECTION ( 'NONE',  ( 0.05233595624294390403, 0.000000000000000000, 0.9986295347545739443 ) ) ;
#1384 = ORIENTED_EDGE ( 'NONE', *, *, #2174, .T. ) ;
#1385 = ORIENTED_EDGE ( 'NONE', *, *, #2402, .F. ) ;
#1386 = EDGE_CURVE ( 'NONE', #2337, #115, #1604, .T. ) ;
#1387 = DIRECTION ( 'NONE',  ( -1.489855786664454486E-10, -0.6691306063588525754, -0.7431448254773994622 ) ) ;
#1388 = ORIENTED_EDGE ( 'NONE', *, *, #3267, .F. ) ;
#1389 = VERTEX_POINT ( 'NONE', #5916 ) ;
#1390 = CIRCLE ( 'NONE', #5738, 0.01089732224873306982 ) ;
#1391 = CARTESIAN_POINT ( 'NONE',  ( -5.439559933949940529, -6.410891652015771491, 5.500000000000000000 ) ) ;
#1392 = EDGE_LOOP ( 'NONE', ( #1745, #4857, #314, #500 ) ) ;
#1393 = ADVANCED_FACE ( 'NONE', ( #252 ), #4936, .F. ) ;
#1394 = LINE ( 'NONE', #480, #4138 ) ;
#1395 = VERTEX_POINT ( 'NONE', #156 ) ;
#1396 = CIRCLE ( 'NONE', #4942, 0.2999999995595163393 ) ;
#1397 = LINE ( 'NONE', #5356, #3602 ) ;
#1398 = EDGE_LOOP ( 'NONE', ( #3107, #4801, #3381, #1661, #4847, #3962 ) ) ;
#1399 = AXIS2_PLACEMENT_3D ( 'NONE', #2545, #4032, #177 ) ;
#1400 = LINE ( 'NONE', #4852, #5042 ) ;
#1401 = EDGE_CURVE ( 'NONE', #3600, #620, #218, .T. ) ;
#1402 = AXIS2_PLACEMENT_3D ( 'NONE', #5577, #4188, #3177 ) ;
#1403 = CARTESIAN_POINT ( 'NONE',  ( 5.430017697697511636, 2.667847035229946151, 2.000000000000000000 ) ) ;
#1404 = DIRECTION ( 'NONE',  ( -0.2538816240308011118, -0.7256430297963787357, 0.6395203783206715453 ) ) ;
#1405 = DIRECTION ( 'NONE',  ( 0.000000000000000000, 0.000000000000000000, 1.000000000000000000 ) ) ;
#1406 = ORIENTED_EDGE ( 'NONE', *, *, #826, .F. ) ;
#1407 = CARTESIAN_POINT ( 'NONE',  ( -6.661860382196125308, 8.469499922947976600, 5.400137046524544182 ) ) ;
#1408 = ORIENTED_EDGE ( 'NONE', *, *, #3685, .F. ) ;
#1409 = CARTESIAN_POINT ( 'NONE',  ( 11.42726392699999671, -6.699999727000014005, 2.000000000000000000 ) ) ;
#1410 = PLANE ( 'NONE',  #4269 ) ;
#1411 = LINE ( 'NONE', #3345, #3044 ) ;
#1412 = CONICAL_SURFACE ( 'NONE', #5760, 0.3000000000462701988, 0.05235987755982995234 ) ;
#1413 = FACE_OUTER_BOUND ( 'NONE', #4535, .T. ) ;
#1414 = ADVANCED_FACE ( 'NONE', ( #3503 ), #5020, .F. ) ;
#1415 = ORIENTED_EDGE ( 'NONE', *, *, #191, .T. ) ;
#1416 = ORIENTED_EDGE ( 'NONE', *, *, #5471, .F. ) ;
#1417 = CARTESIAN_POINT ( 'NONE',  ( -8.189397409726574040, 6.219964218002621337, 5.500000000000000000 ) ) ;
#1418 = ORIENTED_EDGE ( 'NONE', *, *, #3189, .F. ) ;
#1419 = ORIENTED_EDGE ( 'NONE', *, *, #4834, .T. ) ;
#1420 = DIRECTION ( 'NONE',  ( -1.000000000000000000, 0.000000000000000000, 0.000000000000000000 ) ) ;
#1421 = ORIENTED_EDGE ( 'NONE', *, *, #3754, .F. ) ;
#1422 = DIRECTION ( 'NONE',  ( 0.9999999998687201241, 1.620369089684678009E-05, 0.000000000000000000 ) ) ;
#1423 = ORIENTED_EDGE ( 'NONE', *, *, #4340, .F. ) ;
#1424 = DIRECTION ( 'NONE',  ( 0.9999999999102268111, 1.339948558378241375E-05, -0.000000000000000000 ) ) ;
#1425 = VECTOR ( 'NONE', #3750, 1000.000000000000114 ) ;
#1426 = EDGE_CURVE ( 'NONE', #727, #3749, #5907, .T. ) ;
#1427 = ORIENTED_EDGE ( 'NONE', *, *, #58, .F. ) ;
#1428 = CIRCLE ( 'NONE', #3861, 0.1218063679134075428 ) ;
#1429 = AXIS2_PLACEMENT_3D ( 'NONE', #4276, #894, #2914 ) ;
#1430 = CARTESIAN_POINT ( 'NONE',  ( -6.699999727000003347, 11.42726392699998605, 5.400137046524544182 ) ) ;
#1431 = LINE ( 'NONE', #4345, #2921 ) ;
#1432 = LINE ( 'NONE', #3875, #6108 ) ;
#1433 = LINE ( 'NONE', #2776, #412 ) ;
#1434 = EDGE_LOOP ( 'NONE', ( #5591, #4824, #6148, #12 ) ) ;
#1435 = LINE ( 'NONE', #5366, #2753 ) ;
#1436 = EDGE_CURVE ( 'NONE', #1805, #1558, #599, .T. ) ;
#1437 = ORIENTED_EDGE ( 'NONE', *, *, #2734, .T. ) ;
#1438 = DIRECTION ( 'NONE',  ( 1.000000000000000000, 0.000000000000000000, 0.000000000000000000 ) ) ;
#1439 = DIRECTION ( 'NONE',  ( 1.758524546238221997E-05, -0.9999999998453795724, -0.000000000000000000 ) ) ;
#1440 = VECTOR ( 'NONE', #3289, 1000.000000000000000 ) ;
#1441 = EDGE_CURVE ( 'NONE', #1031, #1174, #1390, .T. ) ;
#1442 = CARTESIAN_POINT ( 'NONE',  ( -12.71092341592364861, 7.899934114177390221, 5.500000000000000000 ) ) ;
#1443 = DIRECTION ( 'NONE',  ( 0.05607295254125860273, 0.9984266743198050298, 0.000000000000000000 ) ) ;
#1444 = PLANE ( 'NONE',  #5073 ) ;
#1445 = ORIENTED_EDGE ( 'NONE', *, *, #4506, .F. ) ;
#1446 = AXIS2_PLACEMENT_3D ( 'NONE', #3396, #5330, #6191 ) ;
#1447 = CARTESIAN_POINT ( 'NONE',  ( 4.350413607999995769, -13.30000185100001531, 2.000000000000000000 ) ) ;
#1448 = EDGE_CURVE ( 'NONE', #4884, #6203, #5464, .T. ) ;
#1449 = ORIENTED_EDGE ( 'NONE', *, *, #4297, .T. ) ;
#1450 = DIRECTION ( 'NONE',  ( -0.05233595624294390403, 1.057058887300679063E-12, -0.9986295347545739443 ) ) ;
#1451 = ORIENTED_EDGE ( 'NONE', *, *, #2010, .T. ) ;
#1452 = CARTESIAN_POINT ( 'NONE',  ( -3.469446951953614189E-15, -1.387778780781445676E-14, 5.400137046524544182 ) ) ;
#1453 = ORIENTED_EDGE ( 'NONE', *, *, #216, .F. ) ;
#1454 = DIRECTION ( 'NONE',  ( -0.05610762023188192033, 0.9984247267330246256, 0.000000000000000000 ) ) ;
#1455 = VECTOR ( 'NONE', #2707, 1000.000000000000000 ) ;
#1456 = ORIENTED_EDGE ( 'NONE', *, *, #3473, .T. ) ;
#1457 = EDGE_LOOP ( 'NONE', ( #3349, #5958, #103, #5 ) ) ;
#1458 = CARTESIAN_POINT ( 'NONE',  ( 7.983841514712798570, -9.991192816970412949, 5.400137046524545958 ) ) ;
#1459 = AXIS2_PLACEMENT_3D ( 'NONE', #4411, #75, #2825 ) ;
#1460 = ORIENTED_EDGE ( 'NONE', *, *, #2098, .T. ) ;
#1461 = DIRECTION ( 'NONE',  ( 0.000000000000000000, 0.000000000000000000, -1.000000000000000000 ) ) ;
#1462 = CARTESIAN_POINT ( 'NONE',  ( -6.250395442077844699, -8.163374933192068639, 5.466801045665249603 ) ) ;
#1463 = LINE ( 'NONE', #2928, #1247 ) ;
#1464 = DIRECTION ( 'NONE',  ( -0.000000000000000000, -0.000000000000000000, -1.000000000000000000 ) ) ;
#1465 = ORIENTED_EDGE ( 'NONE', *, *, #2077, .T. ) ;
#1466 = PLANE ( 'NONE',  #4367 ) ;
#1467 = ORIENTED_EDGE ( 'NONE', *, *, #6043, .F. ) ;
#1468 = CARTESIAN_POINT ( 'NONE',  ( -13.50000000000000355, -14.99999999999999645, 0.000000000000000000 ) ) ;
#1469 = DIRECTION ( 'NONE',  ( -1.000000000000000000, 5.981805089575197430E-17, 0.000000000000000000 ) ) ;
#1470 = CONICAL_SURFACE ( 'NONE', #2474, 0.5891026778083365834, 0.8377580409572846776 ) ;
#1471 = DIRECTION ( 'NONE',  ( 1.000000000000000000, 0.000000000000000000, 0.000000000000000000 ) ) ;
#1472 = LINE ( 'NONE', #3915, #4653 ) ;
#1473 = EDGE_CURVE ( 'NONE', #2125, #3613, #3067, .T. ) ;
#1474 = DIRECTION ( 'NONE',  ( 0.3277019371932869407, -0.6669900089158791179, -0.6691306063588501329 ) ) ;
#1475 = ORIENTED_EDGE ( 'NONE', *, *, #4189, .T. ) ;
#1476 = ADVANCED_FACE ( 'NONE', ( #2139 ), #1697, .T. ) ;
#1477 = CARTESIAN_POINT ( 'NONE',  ( -13.29994605654849771, 3.760859782268985096, 5.500000000000000000 ) ) ;
#1478 = ORIENTED_EDGE ( 'NONE', *, *, #1061, .F. ) ;
#1479 = ADVANCED_FACE ( 'NONE', ( #186 ), #4042, .T. ) ;
#1480 = CARTESIAN_POINT ( 'NONE',  ( 6.990346330899979144, -8.879584528873682103, 5.400137046524545958 ) ) ;
#1481 = EDGE_CURVE ( 'NONE', #3761, #1744, #997, .T. ) ;
#1482 = ORIENTED_EDGE ( 'NONE', *, *, #3342, .F. ) ;
#1483 = CARTESIAN_POINT ( 'NONE',  ( 4.076663330426635312, -15.50000000000000000, 1.499999999999992673 ) ) ;
#1484 = ORIENTED_EDGE ( 'NONE', *, *, #5194, .F. ) ;
#1485 = LINE ( 'NONE', #5451, #1017 ) ;
#1486 = AXIS2_PLACEMENT_3D ( 'NONE', #250, #845, #4130 ) ;
#1487 = EDGE_LOOP ( 'NONE', ( #5008, #892, #5178, #3751 ) ) ;
#1488 = ORIENTED_EDGE ( 'NONE', *, *, #2499, .F. ) ;
#1489 = EDGE_CURVE ( 'NONE', #5317, #1801, #2913, .T. ) ;
#1490 = LINE ( 'NONE', #2922, #3282 ) ;
#1491 = ORIENTED_EDGE ( 'NONE', *, *, #5119, .F. ) ;
#1492 = DIRECTION ( 'NONE',  ( 0.000000000000000000, 0.000000000000000000, 1.000000000000000000 ) ) ;
#1493 = DIRECTION ( 'NONE',  ( -0.6926289027292616973, -0.3335925494642628664, 0.6395163907563216066 ) ) ;
#1494 = CARTESIAN_POINT ( 'NONE',  ( -8.074758391771677424, -6.342130162387146441, 4.393767210204043039 ) ) ;
#1495 = FACE_OUTER_BOUND ( 'NONE', #2656, .T. ) ;
#1496 = ORIENTED_EDGE ( 'NONE', *, *, #4723, .T. ) ;
#1497 = CARTESIAN_POINT ( 'NONE',  ( -5.439559934000004482, -6.399994330000013498, 2.000000000000000000 ) ) ;
#1498 = EDGE_LOOP ( 'NONE', ( #4702, #4121, #5566, #1658 ) ) ;
#1499 = CYLINDRICAL_SURFACE ( 'NONE', #4085, 0.9999999999999991118 ) ;
#1500 = CARTESIAN_POINT ( 'NONE',  ( 11.54907029509637795, -6.699999727000014005, 5.400137046524544182 ) ) ;
#1501 = AXIS2_PLACEMENT_3D ( 'NONE', #5013, #2032, #3559 ) ;
#1502 = AXIS2_PLACEMENT_3D ( 'NONE', #4312, #4252, #4788 ) ;
#1503 = CARTESIAN_POINT ( 'NONE',  ( -0.2891026777640011147, -1.390361072556659323E-14, 5.500000000000000000 ) ) ;
#1504 = LINE ( 'NONE', #974, #2344 ) ;
#1505 = FACE_OUTER_BOUND ( 'NONE', #4028, .T. ) ;
#1506 = DIRECTION ( 'NONE',  ( 1.000000000000000000, 0.000000000000000000, 0.000000000000000000 ) ) ;
#1507 = ORIENTED_EDGE ( 'NONE', *, *, #3046, .F. ) ;
#1508 = AXIS2_PLACEMENT_3D ( 'NONE', #2706, #4538, #6123 ) ;
#1509 = CARTESIAN_POINT ( 'NONE',  ( -12.71054136226445941, -8.500221605632098942, 5.500000000000000000 ) ) ;
#1510 = EDGE_CURVE ( 'NONE', #6081, #1130, #4193, .T. ) ;
#1511 = VERTEX_POINT ( 'NONE', #1311 ) ;
#1512 = AXIS2_PLACEMENT_3D ( 'NONE', #1268, #3639, #1239 ) ;
#1513 = CARTESIAN_POINT ( 'NONE',  ( -5.760897322021591549, -1.387778780781445676E-14, 5.500000000000000000 ) ) ;
#1514 = ORIENTED_EDGE ( 'NONE', *, *, #1301, .T. ) ;
#1515 = CARTESIAN_POINT ( 'NONE',  ( 8.672193906202926073, -6.707705297246679521, 5.500000000000000000 ) ) ;
#1516 = ADVANCED_FACE ( 'NONE', ( #4222 ), #4830, .T. ) ;
#1517 = ORIENTED_EDGE ( 'NONE', *, *, #2453, .F. ) ;
#1518 = AXIS2_PLACEMENT_3D ( 'NONE', #1346, #1405, #4757 ) ;
#1519 = ADVANCED_FACE ( 'NONE', ( #2683 ), #5639, .T. ) ;
#1520 = CARTESIAN_POINT ( 'NONE',  ( -14.48333333333333961, 14.98305084614873017, 0.000000000000000000 ) ) ;
#1521 = ORIENTED_EDGE ( 'NONE', *, *, #779, .F. ) ;
#1522 = ORIENTED_EDGE ( 'NONE', *, *, #3646, .F. ) ;
#1523 = CARTESIAN_POINT ( 'NONE',  ( -6.219804941000003140, -8.200290396000012194, 5.400137046524545958 ) ) ;
#1524 = AXIS2_PLACEMENT_3D ( 'NONE', #5655, #821, #287 ) ;
#1525 = ORIENTED_EDGE ( 'NONE', *, *, #6245, .T. ) ;
#1526 = EDGE_CURVE ( 'NONE', #2699, #4786, #1253, .T. ) ;
#1527 = CARTESIAN_POINT ( 'NONE',  ( 14.48332870112989212, -14.50000000000000000, 2.000000000000000000 ) ) ;
#1528 = FACE_OUTER_BOUND ( 'NONE', #3690, .T. ) ;
#1529 = DIRECTION ( 'NONE',  ( 1.000000000000000000, 0.000000000000000000, 0.000000000000000000 ) ) ;
#1530 = PLANE ( 'NONE',  #6087 ) ;
#1531 = CIRCLE ( 'NONE', #4672, 0.3000000000403634792 ) ;
#1532 = VERTEX_POINT ( 'NONE', #4637 ) ;
#1533 = LINE ( 'NONE', #5333, #3353 ) ;
#1534 = ORIENTED_EDGE ( 'NONE', *, *, #5402, .T. ) ;
#1535 = LINE ( 'NONE', #4898, #5890 ) ;
#1536 = LINE ( 'NONE', #691, #5976 ) ;
#1537 = AXIS2_PLACEMENT_3D ( 'NONE', #971, #1911, #3848 ) ;
#1538 = VECTOR ( 'NONE', #469, 1000.000000000000114 ) ;
#1539 = CONICAL_SURFACE ( 'NONE', #4769, 6.049999999814689389, 0.05235987755982995234 ) ;
#1540 = CARTESIAN_POINT ( 'NONE',  ( 0.000000000000000000, 0.000000000000000000, 0.000000000000000000 ) ) ;
#1541 = CONICAL_SURFACE ( 'NONE', #4575, 0.01089732179551747976, 0.8377580409572862319 ) ;
#1542 = CARTESIAN_POINT ( 'NONE',  ( 6.220397409999997684, -8.200088823000013960, 2.000000000000000000 ) ) ;
#1543 = CARTESIAN_POINT ( 'NONE',  ( -13.29971701800000439, -4.350274743000014155, 5.500000000000000000 ) ) ;
#1544 = CARTESIAN_POINT ( 'NONE',  ( -6.912131753737878803, 8.467767434989923458, 2.000000000000000000 ) ) ;
#1545 = ORIENTED_EDGE ( 'NONE', *, *, #2952, .T. ) ;
#1546 = FACE_OUTER_BOUND ( 'NONE', #5634, .T. ) ;
#1547 = VECTOR ( 'NONE', #5726, 1000.000000000000000 ) ;
#1548 = EDGE_LOOP ( 'NONE', ( #4030, #5443, #2316, #3354 ) ) ;
#1549 = VECTOR ( 'NONE', #878, 1000.000000000000114 ) ;
#1550 = DIRECTION ( 'NONE',  ( 0.4925986061719727638, -0.4528602229867467188, -0.7431448254773923567 ) ) ;
#1551 = EDGE_CURVE ( 'NONE', #2575, #5188, #3635, .T. ) ;
#1552 = VERTEX_POINT ( 'NONE', #3183 ) ;
#1553 = DIRECTION ( 'NONE',  ( 0.5254827454688272281, -0.5254827455287027771, 0.6691306063588484676 ) ) ;
#1554 = VERTEX_POINT ( 'NONE', #5615 ) ;
#1555 = DIRECTION ( 'NONE',  ( -1.000000000000000000, 0.000000000000000000, 0.000000000000000000 ) ) ;
#1556 = EDGE_CURVE ( 'NONE', #874, #1728, #4531, .T. ) ;
#1557 = VERTEX_POINT ( 'NONE', #5106 ) ;
#1558 = VERTEX_POINT ( 'NONE', #2711 ) ;
#1559 = EDGE_CURVE ( 'NONE', #4624, #5411, #1223, .T. ) ;
#1560 = CARTESIAN_POINT ( 'NONE',  ( -8.599310497314904822, -10.57676826913855805, 4.983758067321089946 ) ) ;
#1561 = ORIENTED_EDGE ( 'NONE', *, *, #6013, .F. ) ;
#1562 = CARTESIAN_POINT ( 'NONE',  ( -5.699274774000003596, 2.800136970999986374, 2.000000000000000000 ) ) ;
#1563 = CARTESIAN_POINT ( 'NONE',  ( -8.505888354630606329, -10.67126641588610347, 5.500000000000000000 ) ) ;
#1564 = EDGE_CURVE ( 'NONE', #5065, #3390, #5644, .T. ) ;
#1565 = CARTESIAN_POINT ( 'NONE',  ( 15.48332870112989390, -14.50000000000000000, 0.4999999999999970024 ) ) ;
#1566 = AXIS2_PLACEMENT_3D ( 'NONE', #4565, #6029, #3522 ) ;
#1567 = ORIENTED_EDGE ( 'NONE', *, *, #5427, .T. ) ;
#1568 = ADVANCED_FACE ( 'NONE', ( #4698 ), #5339, .T. ) ;
#1569 = PLANE ( 'NONE',  #2187 ) ;
#1570 = ORIENTED_EDGE ( 'NONE', *, *, #3175, .T. ) ;
#1571 = CARTESIAN_POINT ( 'NONE',  ( -8.986376224065770302, 6.936348864238136791, 5.500000000000000000 ) ) ;
#1572 = CARTESIAN_POINT ( 'NONE',  ( -12.99995560201478639, 4.349968417071295335, 2.000000000000257572 ) ) ;
#1573 = CARTESIAN_POINT ( 'NONE',  ( 6.220395521133919026, -7.900088822971544467, 2.000000000000000000 ) ) ;
#1574 = FACE_OUTER_BOUND ( 'NONE', #8, .T. ) ;
#1575 = FACE_OUTER_BOUND ( 'NONE', #4915, .T. ) ;
#1576 = LINE ( 'NONE', #2080, #4066 ) ;
#1577 = ORIENTED_EDGE ( 'NONE', *, *, #4966, .T. ) ;
#1578 = EDGE_CURVE ( 'NONE', #197, #2064, #310, .T. ) ;
#1579 = CARTESIAN_POINT ( 'NONE',  ( 8.131365950999994041, -6.699994329987282171, 2.000000000000000000 ) ) ;
#1580 = ORIENTED_EDGE ( 'NONE', *, *, #1042, .T. ) ;
#1581 = VECTOR ( 'NONE', #2788, 1000.000000000000227 ) ;
#1582 = DIRECTION ( 'NONE',  ( -4.984687952203693754E-11, -0.9986295347545739443, 0.05233595624294390403 ) ) ;
#1583 = CARTESIAN_POINT ( 'NONE',  ( 6.402127170160031966, -8.016693234350150021, 2.797922971688515226 ) ) ;
#1584 = ORIENTED_EDGE ( 'NONE', *, *, #2876, .F. ) ;
#1585 = CARTESIAN_POINT ( 'NONE',  ( -12.71061434028066195, -4.350264393272403218, 5.500000000000000000 ) ) ;
#1586 = ORIENTED_EDGE ( 'NONE', *, *, #4402, .F. ) ;
#1587 = EDGE_CURVE ( 'NONE', #816, #3600, #1725, .T. ) ;
#1588 = CARTESIAN_POINT ( 'NONE',  ( -14.99999592300000373, -14.99999592300001439, 2.000000000000000000 ) ) ;
#1589 = ORIENTED_EDGE ( 'NONE', *, *, #916, .T. ) ;
#1590 = ORIENTED_EDGE ( 'NONE', *, *, #2128, .F. ) ;
#1591 = DIRECTION ( 'NONE',  ( 0.000000000000000000, 0.000000000000000000, 1.000000000000000000 ) ) ;
#1592 = AXIS2_PLACEMENT_3D ( 'NONE', #635, #4518, #1141 ) ;
#1593 = VERTEX_POINT ( 'NONE', #3274 ) ;
#1594 = EDGE_CURVE ( 'NONE', #3416, #5127, #5206, .T. ) ;
#1595 = DIRECTION ( 'NONE',  ( 0.05233595624294390403, 0.000000000000000000, 0.9986295347545739443 ) ) ;
#1596 = FACE_OUTER_BOUND ( 'NONE', #5344, .T. ) ;
#1597 = CARTESIAN_POINT ( 'NONE',  ( -6.486124438910619183, -5.525690042923425693, 5.400137046524544182 ) ) ;
#1598 = DIRECTION ( 'NONE',  ( 1.000000000000000000, 0.000000000000000000, 0.000000000000000000 ) ) ;
#1599 = AXIS2_PLACEMENT_3D ( 'NONE', #2800, #5172, #4670 ) ;
#1600 = ORIENTED_EDGE ( 'NONE', *, *, #3083, .T. ) ;
#1601 = DIRECTION ( 'NONE',  ( 0.000000000000000000, 0.000000000000000000, 1.000000000000000000 ) ) ;
#1602 = LINE ( 'NONE', #2006, #976 ) ;
#1603 = EDGE_CURVE ( 'NONE', #4058, #4696, #6037, .T. ) ;
#1604 = LINE ( 'NONE', #2557, #2398 ) ;
#1605 = EDGE_CURVE ( 'NONE', #2325, #2268, #3624, .T. ) ;
#1606 = CYLINDRICAL_SURFACE ( 'NONE', #2225, 2.000000000000000000 ) ;
#1607 = PLANE ( 'NONE',  #4873 ) ;
#1608 = ORIENTED_EDGE ( 'NONE', *, *, #6256, .T. ) ;
#1609 = CARTESIAN_POINT ( 'NONE',  ( 3.616206485992451647, 5.675833382749009282, 5.400137046524544182 ) ) ;
#1610 = CONICAL_SURFACE ( 'NONE', #2820, 0.5891026777747219167, 0.8377580409572683573 ) ;
#1611 = VERTEX_POINT ( 'NONE', #4131 ) ;
#1612 = CARTESIAN_POINT ( 'NONE',  ( 8.022215863020980109, -12.69995888124512362, 5.400137046524545958 ) ) ;
#1613 = EDGE_CURVE ( 'NONE', #66, #957, #3821, .T. ) ;
#1614 = CIRCLE ( 'NONE', #2412, 0.1218063680963818451 ) ;
#1615 = CARTESIAN_POINT ( 'NONE',  ( -8.499650737779653298, -12.82212639214623628, 5.400137046524545958 ) ) ;
#1616 = ORIENTED_EDGE ( 'NONE', *, *, #3767, .T. ) ;
#1617 = DIRECTION ( 'NONE',  ( 0.000000000000000000, 0.000000000000000000, 1.000000000000000000 ) ) ;
#1618 = VECTOR ( 'NONE', #2505, 1000.000000000000000 ) ;
#1619 = ORIENTED_EDGE ( 'NONE', *, *, #3124, .F. ) ;
#1620 = CARTESIAN_POINT ( 'NONE',  ( -13.00002609401834874, 7.899928373428677375, 1.999999999999760636 ) ) ;
#1621 = VERTEX_POINT ( 'NONE', #1756 ) ;
#1622 = ORIENTED_EDGE ( 'NONE', *, *, #4588, .T. ) ;
#1623 = VECTOR ( 'NONE', #5880, 1000.000000000000114 ) ;
#1624 = LINE ( 'NONE', #657, #1969 ) ;
#1625 = ORIENTED_EDGE ( 'NONE', *, *, #714, .F. ) ;
#1626 = LINE ( 'NONE', #4444, #5245 ) ;
#1627 = CARTESIAN_POINT ( 'NONE',  ( -6.710897049859259056, 4.818578086362361062E-10, 5.500000000000000000 ) ) ;
#1628 = DIRECTION ( 'NONE',  ( -0.000000000000000000, -0.000000000000000000, -1.000000000000000000 ) ) ;
#1629 = AXIS2_PLACEMENT_3D ( 'NONE', #642, #1582, #225 ) ;
#1630 = EDGE_CURVE ( 'NONE', #3600, #2725, #5836, .T. ) ;
#1631 = DIRECTION ( 'NONE',  ( 0.7071068056651136358, -0.7071067567079806215, 0.000000000000000000 ) ) ;
#1632 = DIRECTION ( 'NONE',  ( -0.5254827453915305036, -0.5254827456059956159, -0.6691306063588515762 ) ) ;
#1633 = DIRECTION ( 'NONE',  ( 2.019756517667898558E-11, 1.000000000000000000, 2.016708714542146785E-28 ) ) ;
#1634 = DIRECTION ( 'NONE',  ( 0.000000000000000000, 0.000000000000000000, -1.000000000000000000 ) ) ;
#1635 = DIRECTION ( 'NONE',  ( -1.000000000000000000, 0.000000000000000000, 0.000000000000000000 ) ) ;
#1636 = CARTESIAN_POINT ( 'NONE',  ( -12.70002609400000360, 7.899931351999985196, 5.400137046524553064 ) ) ;
#1637 = ORIENTED_EDGE ( 'NONE', *, *, #5700, .F. ) ;
#1638 = EDGE_CURVE ( 'NONE', #2857, #66, #3519, .T. ) ;
#1639 = VECTOR ( 'NONE', #4986, 1000.000000000000000 ) ;
#1640 = CARTESIAN_POINT ( 'NONE',  ( -10.67058957190628909, -8.506396370210254076, 5.500000000000000000 ) ) ;
#1641 = VECTOR ( 'NONE', #4324, 1000.000000000000000 ) ;
#1642 = VECTOR ( 'NONE', #3017, 1000.000000000000114 ) ;
#1643 = ORIENTED_EDGE ( 'NONE', *, *, #2727, .F. ) ;
#1644 = ADVANCED_FACE ( 'NONE', ( #425 ), #5713, .T. ) ;
#1645 = VECTOR ( 'NONE', #4357, 999.9999999999998863 ) ;
#1646 = CARTESIAN_POINT ( 'NONE',  ( 11.42726392699999671, -6.699999727000014005, 2.000000000000000000 ) ) ;
#1647 = AXIS2_PLACEMENT_3D ( 'NONE', #1271, #2192, #2675 ) ;
#1648 = DIRECTION ( 'NONE',  ( 2.074952712614013193E-05, -0.9999999997847286437, -0.000000000000000000 ) ) ;
#1649 = EDGE_CURVE ( 'NONE', #293, #963, #5739, .T. ) ;
#1650 = VERTEX_POINT ( 'NONE', #5740 ) ;
#1651 = EDGE_CURVE ( 'NONE', #1395, #2757, #5293, .T. ) ;
#1652 = CARTESIAN_POINT ( 'NONE',  ( 7.472416927999995018, -9.151485954000014189, 2.000000000000000000 ) ) ;
#1653 = ORIENTED_EDGE ( 'NONE', *, *, #3844, .F. ) ;
#1654 = VECTOR ( 'NONE', #3700, 1000.000000000000114 ) ;
#1655 = CARTESIAN_POINT ( 'NONE',  ( 8.580894832975872077, -0.2353590915348570400, 5.400137046524543294 ) ) ;
#1656 = AXIS2_PLACEMENT_3D ( 'NONE', #5434, #4129, #1666 ) ;
#1657 = ORIENTED_EDGE ( 'NONE', *, *, #2215, .T. ) ;
#1658 = ORIENTED_EDGE ( 'NONE', *, *, #5164, .T. ) ;
#1659 = AXIS2_PLACEMENT_3D ( 'NONE', #1702, #1322, #2783 ) ;
#1660 = CARTESIAN_POINT ( 'NONE',  ( -8.583722413806686546, -10.59205502515562713, 5.400137046525551376 ) ) ;
#1661 = ORIENTED_EDGE ( 'NONE', *, *, #5471, .T. ) ;
#1662 = DIRECTION ( 'NONE',  ( 1.157361500644497695E-05, -0.9999999999330256850, -0.000000000000000000 ) ) ;
#1663 = FACE_OUTER_BOUND ( 'NONE', #2346, .T. ) ;
#1664 = CARTESIAN_POINT ( 'NONE',  ( -6.407699900468463383, -5.447265504449262608, 5.500000000000000000 ) ) ;
#1665 = CARTESIAN_POINT ( 'NONE',  ( -6.399994330000002840, -5.439559934000014252, 5.400137046524544182 ) ) ;
#1666 = DIRECTION ( 'NONE',  ( -1.000000000000000000, 0.000000000000000000, 0.000000000000000000 ) ) ;
#1667 = CARTESIAN_POINT ( 'NONE',  ( 3.216695468998995278, 5.282716275186759347, 5.500000000000000000 ) ) ;
#1668 = CARTESIAN_POINT ( 'NONE',  ( -3.469446951953614189E-15, -1.387778780781445676E-14, 2.000000000000000000 ) ) ;
#1669 = ADVANCED_FACE ( 'NONE', ( #964 ), #1610, .F. ) ;
#1670 = DIRECTION ( 'NONE',  ( -0.000000000000000000, -0.000000000000000000, -1.000000000000000000 ) ) ;
#1671 = AXIS2_PLACEMENT_3D ( 'NONE', #5736, #2443, #3934 ) ;
#1672 = CARTESIAN_POINT ( 'NONE',  ( -5.221081141659843716, -2.800136971000014352, 5.400137046524544182 ) ) ;
#1673 = ORIENTED_EDGE ( 'NONE', *, *, #1651, .T. ) ;
#1674 = DIRECTION ( 'NONE',  ( 1.000000000000000000, 0.000000000000000000, 0.000000000000000000 ) ) ;
#1675 = ORIENTED_EDGE ( 'NONE', *, *, #2480, .T. ) ;
#1676 = LINE ( 'NONE', #608, #2741 ) ;
#1677 = EDGE_CURVE ( 'NONE', #2176, #957, #2893, .T. ) ;
#1678 = LINE ( 'NONE', #1735, #5811 ) ;
#1679 = DIRECTION ( 'NONE',  ( 1.000000000000000000, 0.000000000000000000, 0.000000000000000000 ) ) ;
#1680 = EDGE_LOOP ( 'NONE', ( #2627, #2294, #1762, #1076 ) ) ;
#1681 = EDGE_CURVE ( 'NONE', #3880, #3158, #559, .T. ) ;
#1682 = AXIS2_PLACEMENT_3D ( 'NONE', #2134, #718, #1598 ) ;
#1683 = DIRECTION ( 'NONE',  ( -1.000000000000000000, 0.000000000000000000, 0.000000000000000000 ) ) ;
#1684 = ORIENTED_EDGE ( 'NONE', *, *, #5514, .F. ) ;
#1685 = ORIENTED_EDGE ( 'NONE', *, *, #5576, .T. ) ;
#1686 = DIRECTION ( 'NONE',  ( 0.000000000000000000, -0.05233595624294390403, -0.9986295347545739443 ) ) ;
#1687 = ORIENTED_EDGE ( 'NONE', *, *, #1217, .T. ) ;
#1688 = ADVANCED_FACE ( 'NONE', ( #2411 ), #902, .T. ) ;
#1689 = DIRECTION ( 'NONE',  ( -0.000000000000000000, -0.000000000000000000, -1.000000000000000000 ) ) ;
#1690 = FACE_OUTER_BOUND ( 'NONE', #4749, .T. ) ;
#1691 = LINE ( 'NONE', #4576, #1183 ) ;
#1692 = CARTESIAN_POINT ( 'NONE',  ( -3.469446951953614189E-15, -1.387778780781445676E-14, 5.400137046524545070 ) ) ;
#1693 = DIRECTION ( 'NONE',  ( -1.000000000000000000, 0.000000000000000000, 0.000000000000000000 ) ) ;
#1694 = DIRECTION ( 'NONE',  ( 0.7071067811959433902, 0.7071067811771516443, 0.000000000000000000 ) ) ;
#1695 = DIRECTION ( 'NONE',  ( 0.7071067813308421490, -0.7071067810422528854, 0.000000000000000000 ) ) ;
#1696 = CARTESIAN_POINT ( 'NONE',  ( 14.48332870112989212, -15.50000000000000000, 2.000000000000000000 ) ) ;
#1697 = CONICAL_SURFACE ( 'NONE', #4631, 0.01089732227935354125, 0.8377580409572847886 ) ;
#1698 = ORIENTED_EDGE ( 'NONE', *, *, #714, .T. ) ;
#1699 = CARTESIAN_POINT ( 'NONE',  ( -6.399994330000002840, 4.349384663999985356, 5.400137046524544182 ) ) ;
#1700 = ORIENTED_EDGE ( 'NONE', *, *, #2679, .T. ) ;
#1701 = DIRECTION ( 'NONE',  ( 0.03753404782510202931, -0.6680770641325928239, -0.7431448254774022377 ) ) ;
#1702 = CARTESIAN_POINT ( 'NONE',  ( -8.799652370001714630, -12.70032349605210875, 2.000000000000000000 ) ) ;
#1703 = DIRECTION ( 'NONE',  ( -7.180436279143188066E-11, -1.000000000000000000, 0.000000000000000000 ) ) ;
#1704 = VECTOR ( 'NONE', #521, 1000.000000000000114 ) ;
#1705 = EDGE_CURVE ( 'NONE', #4478, #2919, #5261, .T. ) ;
#1706 = CARTESIAN_POINT ( 'NONE',  ( 6.988901818811594779, -8.877968095873988830, 5.400137046524545958 ) ) ;
#1707 = VERTEX_POINT ( 'NONE', #3302 ) ;
#1708 = AXIS2_PLACEMENT_3D ( 'NONE', #5871, #2581, #2997 ) ;
#1709 = AXIS2_PLACEMENT_3D ( 'NONE', #2108, #5021, #695 ) ;
#1710 = LINE ( 'NONE', #2123, #407 ) ;
#1711 = EDGE_LOOP ( 'NONE', ( #5724, #1203, #4813, #2280, #448, #2143, #565, #818 ) ) ;
#1712 = VERTEX_POINT ( 'NONE', #3872 ) ;
#1713 = EDGE_CURVE ( 'NONE', #765, #4228, #1400, .T. ) ;
#1714 = VECTOR ( 'NONE', #2767, 1000.000000000000000 ) ;
#1715 = CARTESIAN_POINT ( 'NONE',  ( -5.447265513712807206, -6.407699890830942380, 5.500000000000000000 ) ) ;
#1716 = ORIENTED_EDGE ( 'NONE', *, *, #4537, .T. ) ;
#1717 = ADVANCED_FACE ( 'NONE', ( #5804 ), #3333, .F. ) ;
#1718 = VECTOR ( 'NONE', #2990, 1000.000000000000114 ) ;
#1719 = FACE_OUTER_BOUND ( 'NONE', #5927, .T. ) ;
#1720 = DIRECTION ( 'NONE',  ( -0.05607295254125860273, -0.9984266743198050298, 1.184620937921582988E-21 ) ) ;
#1721 = CARTESIAN_POINT ( 'NONE',  ( -10.67953712531760324, -8.800184006000023373, 2.000000000000000000 ) ) ;
#1722 = CARTESIAN_POINT ( 'NONE',  ( 11.42726392699705862, -6.710897049236016265, 5.500000000000000000 ) ) ;
#1723 = CARTESIAN_POINT ( 'NONE',  ( -9.867796590798375789, 8.112115839455549704, 2.000000000000000000 ) ) ;
#1724 = ADVANCED_FACE ( 'NONE', ( #2829 ), #6061, .T. ) ;
#1725 = LINE ( 'NONE', #1342, #4430 ) ;
#1726 = PLANE ( 'NONE',  #4436 ) ;
#1727 = LINE ( 'NONE', #3657, #2942 ) ;
#1728 = VERTEX_POINT ( 'NONE', #520 ) ;
#1729 = CARTESIAN_POINT ( 'NONE',  ( -4.349639349923354992, -13.00026441601620419, 2.000000000000282441 ) ) ;
#1730 = ORIENTED_EDGE ( 'NONE', *, *, #1510, .T. ) ;
#1731 = VECTOR ( 'NONE', #318, 999.9999999999998863 ) ;
#1732 = CARTESIAN_POINT ( 'NONE',  ( -14.50000000000000533, 14.48332870112990101, 2.000000000000000000 ) ) ;
#1733 = CARTESIAN_POINT ( 'NONE',  ( -8.499652370000005064, -12.70032002400001048, 5.400137046524545958 ) ) ;
#1734 = AXIS2_PLACEMENT_3D ( 'NONE', #3204, #747, #1275 ) ;
#1735 = CARTESIAN_POINT ( 'NONE',  ( -8.878097911875086012, 6.986276157999009584, 5.400137046524553064 ) ) ;
#1736 = VECTOR ( 'NONE', #351, 1000.000000000000000 ) ;
#1737 = DIRECTION ( 'NONE',  ( 9.691702238269570527E-07, -0.05233595623397023500, -0.9986295347545739443 ) ) ;
#1738 = ORIENTED_EDGE ( 'NONE', *, *, #5857, .F. ) ;
#1739 = AXIS2_PLACEMENT_3D ( 'NONE', #2104, #4072, #4578 ) ;
#1740 = VERTEX_POINT ( 'NONE', #4311 ) ;
#1741 = CIRCLE ( 'NONE', #1044, 0.1218063681740133297 ) ;
#1742 = ADVANCED_FACE ( 'NONE', ( #903 ), #4328, .F. ) ;
#1743 = CARTESIAN_POINT ( 'NONE',  ( 3.867028391879141935, -15.21089732223600421, 5.500000000000000000 ) ) ;
#1744 = VERTEX_POINT ( 'NONE', #6247 ) ;
#1745 = ORIENTED_EDGE ( 'NONE', *, *, #1952, .T. ) ;
#1746 = CARTESIAN_POINT ( 'NONE',  ( 2.540362452892682033, -5.170541225359684745, 5.500000000000000000 ) ) ;
#1747 = VECTOR ( 'NONE', #5618, 1000.000000000000114 ) ;
#1748 = EDGE_LOOP ( 'NONE', ( #5997, #4603, #4774, #5952 ) ) ;
#1749 = EDGE_CURVE ( 'NONE', #3016, #4259, #2861, .T. ) ;
#1750 = CARTESIAN_POINT ( 'NONE',  ( -3.871399583644016928, -15.32180636813364671, 5.400137046524545958 ) ) ;
#1751 = VECTOR ( 'NONE', #3336, 1000.000000000000000 ) ;
#1752 = DIRECTION ( 'NONE',  ( 1.000000000000000000, -5.981805089575197430E-17, 0.000000000000000000 ) ) ;
#1753 = EDGE_CURVE ( 'NONE', #1316, #765, #95, .T. ) ;
#1754 = FACE_OUTER_BOUND ( 'NONE', #2786, .T. ) ;
#1755 = CARTESIAN_POINT ( 'NONE',  ( -12.69964383838614452, -8.511118736277500929, 5.500000000000000000 ) ) ;
#1756 = CARTESIAN_POINT ( 'NONE',  ( 11.42726392699999671, -6.999999726962744973, 2.000000000000000000 ) ) ;
#1757 = EDGE_CURVE ( 'NONE', #4474, #1179, #47, .T. ) ;
#1758 = CARTESIAN_POINT ( 'NONE',  ( -8.510573072091743185, -10.68021948408902233, 5.500000000000000000 ) ) ;
#1759 = CARTESIAN_POINT ( 'NONE',  ( 4.349384663999996015, -6.699994329811234550, 2.000000000000000000 ) ) ;
#1760 = LINE ( 'NONE', #725, #113 ) ;
#1761 = EDGE_CURVE ( 'NONE', #1554, #5225, #4236, .T. ) ;
#1762 = ORIENTED_EDGE ( 'NONE', *, *, #2883, .F. ) ;
#1763 = B_SPLINE_CURVE_WITH_KNOTS ( 'NONE', 3,
 ( #5772, #1462, #3744, #4854 ),
 .UNSPECIFIED., .F., .F.,
 ( 4, 4 ),
 ( 0.000000000000000000, 0.0001493492372455181082 ),
 .UNSPECIFIED. ) ;
#1764 = CARTESIAN_POINT ( 'NONE',  ( -6.699994329622446010, -4.349384664000012890, 2.000000000000000000 ) ) ;
#1765 = ORIENTED_EDGE ( 'NONE', *, *, #3414, .F. ) ;
#1766 = DIRECTION ( 'NONE',  ( -1.000000000000000000, 0.000000000000000000, 0.000000000000000000 ) ) ;
#1767 = CARTESIAN_POINT ( 'NONE',  ( -6.410891650352136928, 2.220252345241632757E-09, 5.500000000000000000 ) ) ;
#1768 = CARTESIAN_POINT ( 'NONE',  ( -14.50000000000000533, 14.48332870112990101, 0.000000000000000000 ) ) ;
#1769 = EDGE_CURVE ( 'NONE', #891, #4363, #3725, .T. ) ;
#1770 = AXIS2_PLACEMENT_3D ( 'NONE', #4917, #4097, #5933 ) ;
#1771 = DIRECTION ( 'NONE',  ( 1.000000000000000000, 0.000000000000000000, 0.000000000000000000 ) ) ;
#1772 = EDGE_LOOP ( 'NONE', ( #1058, #4743, #3856, #3173 ) ) ;
#1773 = CARTESIAN_POINT ( 'NONE',  ( 8.131365951005268045, -6.410891652236014870, 5.500000000000000000 ) ) ;
#1774 = EDGE_LOOP ( 'NONE', ( #1899, #2091, #4642, #5453 ) ) ;
#1775 = EDGE_LOOP ( 'NONE', ( #1427, #5269, #510, #2416 ) ) ;
#1776 = CARTESIAN_POINT ( 'NONE',  ( -6.707705296899584724, 8.672193905981858464, 5.500000000000000000 ) ) ;
#1777 = VERTEX_POINT ( 'NONE', #77 ) ;
#1778 = DIRECTION ( 'NONE',  ( 0.000000000000000000, 0.000000000000000000, 1.000000000000000000 ) ) ;
#1779 = DIRECTION ( 'NONE',  ( 1.000000000000000000, 0.000000000000000000, 0.000000000000000000 ) ) ;
#1780 = ADVANCED_FACE ( 'NONE', ( #4002 ), #2521, .T. ) ;
#1781 = DIRECTION ( 'NONE',  ( 0.000000000000000000, 0.000000000000000000, -1.000000000000000000 ) ) ;
#1782 = CARTESIAN_POINT ( 'NONE',  ( 8.082084035854490978, -9.896463572754488069, 2.797922971608167497 ) ) ;
#1783 = CARTESIAN_POINT ( 'NONE',  ( -6.612126364341861517, -5.651691968406093558, 2.000000000000000000 ) ) ;
#1784 = DIRECTION ( 'NONE',  ( 0.6691306063140523008, 7.744260027026607490E-06, -0.7431448254773864726 ) ) ;
#1785 = DIRECTION ( 'NONE',  ( 0.7431448254773999063, 0.000000000000000000, 0.6691306063588519093 ) ) ;
#1786 = ORIENTED_EDGE ( 'NONE', *, *, #295, .T. ) ;
#1787 = VERTEX_POINT ( 'NONE', #4920 ) ;
#1788 = DIRECTION ( 'NONE',  ( 0.000000000000000000, 0.000000000000000000, 1.000000000000000000 ) ) ;
#1789 = ADVANCED_FACE ( 'NONE', ( #1163 ), #1998, .T. ) ;
#1790 = VERTEX_POINT ( 'NONE', #4981 ) ;
#1791 = VECTOR ( 'NONE', #5340, 1000.000000000000114 ) ;
#1792 = CARTESIAN_POINT ( 'NONE',  ( -15.00000000000000355, -15.50000000000006573, 2.000000000000000000 ) ) ;
#1793 = DIRECTION ( 'NONE',  ( 0.000000000000000000, 0.000000000000000000, -1.000000000000000000 ) ) ;
#1794 = CIRCLE ( 'NONE', #3412, 0.01089732230327017382 ) ;
#1795 = DIRECTION ( 'NONE',  ( 0.7071067813823205261, -0.7071067809907745083, 0.000000000000000000 ) ) ;
#1796 = VERTEX_POINT ( 'NONE', #1067 ) ;
#1797 = AXIS2_PLACEMENT_3D ( 'NONE', #2773, #2200, #847 ) ;
#1798 = EDGE_CURVE ( 'NONE', #4259, #586, #659, .T. ) ;
#1799 = ORIENTED_EDGE ( 'NONE', *, *, #574, .F. ) ;
#1800 = CARTESIAN_POINT ( 'NONE',  ( 6.308287739890889867, -8.106802840774143704, 5.278753724766326982 ) ) ;
#1801 = VERTEX_POINT ( 'NONE', #2096 ) ;
#1802 = CARTESIAN_POINT ( 'NONE',  ( -6.407699900093889234, -4.341679093906127385, 5.500000000000000000 ) ) ;
#1803 = AXIS2_PLACEMENT_3D ( 'NONE', #1971, #4283, #1873 ) ;
#1804 = VECTOR ( 'NONE', #4223, 1000.000000000000000 ) ;
#1805 = VERTEX_POINT ( 'NONE', #5428 ) ;
#1806 = LINE ( 'NONE', #4247, #2117 ) ;
#1807 = AXIS2_PLACEMENT_3D ( 'NONE', #5398, #1069, #1099 ) ;
#1808 = CARTESIAN_POINT ( 'NONE',  ( -3.469446951953614189E-15, -1.387778780781445676E-14, 2.000000000000000000 ) ) ;
#1809 = VERTEX_POINT ( 'NONE', #5968 ) ;
#1810 = CIRCLE ( 'NONE', #105, 28.00000000056289551 ) ;
#1811 = DIRECTION ( 'NONE',  ( -0.000000000000000000, -0.000000000000000000, -1.000000000000000000 ) ) ;
#1812 = DIRECTION ( 'NONE',  ( -1.000000000000000000, 0.000000000000000000, 0.000000000000000000 ) ) ;
#1813 = ADVANCED_FACE ( 'NONE', ( #2482 ), #209, .T. ) ;
#1814 = LINE ( 'NONE', #3580, #3575 ) ;
#1815 = CARTESIAN_POINT ( 'NONE',  ( 4.050413607918408765, -13.30000497597609943, 2.000000000000000000 ) ) ;
#1816 = VERTEX_POINT ( 'NONE', #3525 ) ;
#1817 = ORIENTED_EDGE ( 'NONE', *, *, #3048, .T. ) ;
#1818 = CARTESIAN_POINT ( 'NONE',  ( -8.878219546787804006, 6.988440628778382013, 5.400137046524552176 ) ) ;
#1819 = VERTEX_POINT ( 'NONE', #2511 ) ;
#1820 = VECTOR ( 'NONE', #2588, 1000.000000000000114 ) ;
#1821 = VECTOR ( 'NONE', #430, 1000.000000000000341 ) ;
#1822 = CARTESIAN_POINT ( 'NONE',  ( -12.70003164975509158, 8.199931351990825235, 2.000000000000000000 ) ) ;
#1823 = DIRECTION ( 'NONE',  ( -4.229774942574804743E-17, -0.7071067811865440200, -0.7071067811865511255 ) ) ;
#1824 = EDGE_CURVE ( 'NONE', #5123, #3882, #4479, .T. ) ;
#1825 = PLANE ( 'NONE',  #737 ) ;
#1826 = EDGE_CURVE ( 'NONE', #5753, #3338, #1626, .T. ) ;
#1827 = ORIENTED_EDGE ( 'NONE', *, *, #179, .T. ) ;
#1828 = CONICAL_SURFACE ( 'NONE', #6181, 0.2999999996314683393, 0.05235987755982995234 ) ;
#1829 = ORIENTED_EDGE ( 'NONE', *, *, #1594, .F. ) ;
#1830 = EDGE_CURVE ( 'NONE', #433, #4146, #2920, .T. ) ;
#1831 = DIRECTION ( 'NONE',  ( 0.000000000000000000, 0.000000000000000000, -1.000000000000000000 ) ) ;
#1832 = ORIENTED_EDGE ( 'NONE', *, *, #4810, .F. ) ;
#1833 = EDGE_CURVE ( 'NONE', #2325, #197, #3527, .T. ) ;
#1834 = ORIENTED_EDGE ( 'NONE', *, *, #2696, .F. ) ;
#1836 = FACE_OUTER_BOUND ( 'NONE', #4327, .T. ) ;
#1835 = VECTOR ( 'NONE', #3122, 1000.000000000000000 ) ;
#1837 = AXIS2_PLACEMENT_3D ( 'NONE', #1917, #3756, #3286 ) ;
#1838 = CIRCLE ( 'NONE', #2854, 0.5891026782378090410 ) ;
#1839 = EDGE_LOOP ( 'NONE', ( #1415, #2115, #5967, #948, #1507 ) ) ;
#1840 = VECTOR ( 'NONE', #4765, 1000.000000000000227 ) ;
#1841 = DIRECTION ( 'NONE',  ( -0.000000000000000000, -0.000000000000000000, -1.000000000000000000 ) ) ;
#1842 = VECTOR ( 'NONE', #3201, 1000.000000000000114 ) ;
#1843 = CARTESIAN_POINT ( 'NONE',  ( 8.679899476999997532, -6.699999727000014005, 5.400137046524544182 ) ) ;
#1844 = ORIENTED_EDGE ( 'NONE', *, *, #4455, .F. ) ;
#1845 = CARTESIAN_POINT ( 'NONE',  ( 5.585312744999996859, 3.534703078999986037, 5.500000000000000000 ) ) ;
#1846 = VECTOR ( 'NONE', #429, 1000.000000000000114 ) ;
#1847 = DIRECTION ( 'NONE',  ( 0.000000000000000000, 0.000000000000000000, -1.000000000000000000 ) ) ;
#1848 = DIRECTION ( 'NONE',  ( 1.000000000000000000, 0.000000000000000000, 0.000000000000000000 ) ) ;
#1849 = DIRECTION ( 'NONE',  ( -1.893958013704423137E-05, 0.7431448252360463025, 0.6691306063588620123 ) ) ;
#1850 = EDGE_LOOP ( 'NONE', ( #6238, #1958, #4450, #3701 ) ) ;
#1851 = DIRECTION ( 'NONE',  ( 1.000000000000000000, 0.000000000000000000, 0.000000000000000000 ) ) ;
#1852 = ORIENTED_EDGE ( 'NONE', *, *, #2249, .T. ) ;
#1853 = CARTESIAN_POINT ( 'NONE',  ( 8.547924463986690924, -6.583435846444552375, 5.500000000000000000 ) ) ;
#1854 = CARTESIAN_POINT ( 'NONE',  ( 4.350403602164541361, -13.00000185105849049, 2.000000000000000000 ) ) ;
#1855 = CARTESIAN_POINT ( 'NONE',  ( -5.282716275211724266, 3.216695469023930887, 5.500000000000000000 ) ) ;
#1856 = DIRECTION ( 'NONE',  ( 0.9970564203448629703, 0.05603072668835056003, 0.05233595624294390403 ) ) ;
#1857 = ORIENTED_EDGE ( 'NONE', *, *, #447, .T. ) ;
#1858 = EDGE_CURVE ( 'NONE', #1593, #5025, #2130, .T. ) ;
#1859 = ORIENTED_EDGE ( 'NONE', *, *, #4383, .F. ) ;
#1860 = DIRECTION ( 'NONE',  ( 1.000000000000000000, -1.472343906186474673E-15, 0.000000000000000000 ) ) ;
#1861 = VECTOR ( 'NONE', #4814, 1000.000000000000000 ) ;
#1862 = ORIENTED_EDGE ( 'NONE', *, *, #3990, .T. ) ;
#1863 = EDGE_LOOP ( 'NONE', ( #898, #2860, #5029, #4178 ) ) ;
#1864 = CIRCLE ( 'NONE', #6118, 0.3000000000672586320 ) ;
#1865 = LINE ( 'NONE', #3800, #2247 ) ;
#1866 = EDGE_CURVE ( 'NONE', #921, #2004, #5136, .T. ) ;
#1867 = ORIENTED_EDGE ( 'NONE', *, *, #328, .F. ) ;
#1868 = CARTESIAN_POINT ( 'NONE',  ( -5.270084710714813880, -2.589269620307853348, 5.400137046524544182 ) ) ;
#1869 = EDGE_LOOP ( 'NONE', ( #5777, #4778, #5159, #4658 ) ) ;
#1870 = DIRECTION ( 'NONE',  ( 0.5254827461180512360, 0.5254827448794748834, 0.6691306063588516873 ) ) ;
#1871 = ORIENTED_EDGE ( 'NONE', *, *, #1426, .T. ) ;
#1872 = EDGE_CURVE ( 'NONE', #199, #581, #5456, .T. ) ;
#1873 = DIRECTION ( 'NONE',  ( 0.7071067810640088158, 0.7071067813090862186, 0.000000000000000000 ) ) ;
#1874 = AXIS2_PLACEMENT_3D ( 'NONE', #3530, #4513, #5911 ) ;
#1875 = DIRECTION ( 'NONE',  ( 0.000000000000000000, 0.000000000000000000, 1.000000000000000000 ) ) ;
#1876 = CARTESIAN_POINT ( 'NONE',  ( -8.085549666877223984, -6.331050452469984435, 4.688762692899128837 ) ) ;
#1877 = CARTESIAN_POINT ( 'NONE',  ( 4.350403711903076953, -12.82180821915066637, 5.400137046524545958 ) ) ;
#1878 = ORIENTED_EDGE ( 'NONE', *, *, #65, .T. ) ;
#1879 = FACE_OUTER_BOUND ( 'NONE', #42, .T. ) ;
#1880 = ORIENTED_EDGE ( 'NONE', *, *, #108, .T. ) ;
#1881 = DIRECTION ( 'NONE',  ( -1.000000000000000000, 0.000000000000000000, 0.000000000000000000 ) ) ;
#1882 = CARTESIAN_POINT ( 'NONE',  ( -10.67954042527501990, -8.621990374094844256, 5.400137046524553064 ) ) ;
#1883 = FACE_OUTER_BOUND ( 'NONE', #3930, .T. ) ;
#1884 = CARTESIAN_POINT ( 'NONE',  ( 14.48332870112989212, -15.00000000000000178, 2.000000000000000000 ) ) ;
#1885 = EDGE_LOOP ( 'NONE', ( #755, #4654, #3436, #2246 ) ) ;
#1886 = ORIENTED_EDGE ( 'NONE', *, *, #560, .F. ) ;
#1887 = LINE ( 'NONE', #5701, #5587 ) ;
#1888 = EDGE_CURVE ( 'NONE', #3497, #2268, #494, .T. ) ;
#1889 = ORIENTED_EDGE ( 'NONE', *, *, #5149, .F. ) ;
#1890 = EDGE_LOOP ( 'NONE', ( #2815, #298, #1657, #4821 ) ) ;
#1891 = DIRECTION ( 'NONE',  ( 0.05233595624294390403, 0.000000000000000000, -0.9986295347545739443 ) ) ;
#1892 = ORIENTED_EDGE ( 'NONE', *, *, #4268, .T. ) ;
#1893 = CARTESIAN_POINT ( 'NONE',  ( 5.487142739453717333, 3.012269005461953419, 2.000000000000000000 ) ) ;
#1894 = EDGE_CURVE ( 'NONE', #586, #1210, #4063, .T. ) ;
#1895 = ORIENTED_EDGE ( 'NONE', *, *, #5975, .T. ) ;
#1896 = AXIS2_PLACEMENT_3D ( 'NONE', #2319, #1847, #3395 ) ;
#1897 = ADVANCED_FACE ( 'NONE', ( #3591 ), #3118, .F. ) ;
#1898 = DIRECTION ( 'NONE',  ( -0.000000000000000000, -0.000000000000000000, -1.000000000000000000 ) ) ;
#1899 = ORIENTED_EDGE ( 'NONE', *, *, #4051, .F. ) ;
#1900 = DIRECTION ( 'NONE',  ( 1.239120207665057250E-05, -0.6691306062441125801, -0.7431448254774062345 ) ) ;
#1901 = AXIS2_PLACEMENT_3D ( 'NONE', #2099, #3938, #561 ) ;
#1902 = DIRECTION ( 'NONE',  ( -0.000000000000000000, -0.000000000000000000, 1.000000000000000000 ) ) ;
#1903 = EDGE_CURVE ( 'NONE', #5143, #5988, #4099, .T. ) ;
#1904 = CARTESIAN_POINT ( 'NONE',  ( -5.361140813964092366, -3.138270931058888547, 5.400137046524543294 ) ) ;
#1905 = CARTESIAN_POINT ( 'NONE',  ( -6.999999726802730748, 11.42726392699998250, 2.000000000000000000 ) ) ;
#1906 = ORIENTED_EDGE ( 'NONE', *, *, #1649, .T. ) ;
#1907 = ADVANCED_FACE ( 'NONE', ( #2643 ), #2431, .T. ) ;
#1908 = FACE_OUTER_BOUND ( 'NONE', #4905, .T. ) ;
#1909 = VECTOR ( 'NONE', #2672, 1000.000000000000000 ) ;
#1910 = ORIENTED_EDGE ( 'NONE', *, *, #2958, .T. ) ;
#1911 = DIRECTION ( 'NONE',  ( 0.000000000000000000, 0.000000000000000000, 1.000000000000000000 ) ) ;
#1912 = CARTESIAN_POINT ( 'NONE',  ( -5.439559934000004482, -6.699994329811233662, 2.000000000000000000 ) ) ;
#1913 =( LENGTH_UNIT ( ) NAMED_UNIT ( * ) SI_UNIT ( .MILLI., .METRE. ) );
#1914 = DIRECTION ( 'NONE',  ( 0.7071067813308421490, -0.7071067810422528854, 0.000000000000000000 ) ) ;
#1915 = CARTESIAN_POINT ( 'NONE',  ( -13.29971701800000439, -4.350274743000014155, 2.000000000000000000 ) ) ;
#1916 = AXIS2_PLACEMENT_3D ( 'NONE', #4358, #5722, #5274 ) ;
#1917 = CARTESIAN_POINT ( 'NONE',  ( -5.487142739410919567, -3.012269005591804660, 2.000000000000000000 ) ) ;
#1918 = ORIENTED_EDGE ( 'NONE', *, *, #1401, .F. ) ;
#1919 = CARTESIAN_POINT ( 'NONE',  ( -6.610108074038421044, 11.71347973829136357, 2.000000000000000000 ) ) ;
#1920 = ORIENTED_EDGE ( 'NONE', *, *, #5037, .T. ) ;
#1921 = DIRECTION ( 'NONE',  ( -1.000000000000000000, 0.000000000000000000, 0.000000000000000000 ) ) ;
#1922 = VERTEX_POINT ( 'NONE', #4112 ) ;
#1923 = DIRECTION ( 'NONE',  ( 1.000000000000000000, 0.000000000000000000, 0.000000000000000000 ) ) ;
#1924 = ORIENTED_EDGE ( 'NONE', *, *, #5436, .T. ) ;
#1925 = EDGE_CURVE ( 'NONE', #2454, #5501, #5263, .T. ) ;
#1926 = LINE ( 'NONE', #3326, #1714 ) ;
#1927 = ORIENTED_EDGE ( 'NONE', *, *, #1217, .F. ) ;
#1928 = ORIENTED_EDGE ( 'NONE', *, *, #660, .F. ) ;
#1929 = AXIS2_PLACEMENT_3D ( 'NONE', #2999, #1464, #3432 ) ;
#1930 = VECTOR ( 'NONE', #2387, 1000.000000000000227 ) ;
#1931 = CONICAL_SURFACE ( 'NONE', #2752, 0.2999999998564619741, 0.05235987755982995234 ) ;
#1932 = CARTESIAN_POINT ( 'NONE',  ( 11.42726392699999671, -6.999999726962744973, 2.000000000000000000 ) ) ;
#1933 = ORIENTED_EDGE ( 'NONE', *, *, #2889, .T. ) ;
#1934 = EDGE_CURVE ( 'NONE', #2973, #1511, #224, .T. ) ;
#1935 = AXIS2_PLACEMENT_3D ( 'NONE', #1509, #604, #4869 ) ;
#1936 = VECTOR ( 'NONE', #2341, 1000.000000000000000 ) ;
#1937 = DIRECTION ( 'NONE',  ( -1.000000000000000000, 0.000000000000000000, 0.000000000000000000 ) ) ;
#1938 = EDGE_CURVE ( 'NONE', #230, #1101, #4461, .T. ) ;
#1939 = DIRECTION ( 'NONE',  ( 0.000000000000000000, -0.05233595624979574257, -0.9986295347542147871 ) ) ;
#1940 = LINE ( 'NONE', #3906, #1751 ) ;
#1941 = FACE_OUTER_BOUND ( 'NONE', #942, .T. ) ;
#1942 = EDGE_LOOP ( 'NONE', ( #2386, #1945, #4560, #3400 ) ) ;
#1943 = B_SPLINE_CURVE_WITH_KNOTS ( 'NONE', 3,
 ( #3010, #576, #2496, #5885 ),
 .UNSPECIFIED., .F., .F.,
 ( 4, 4 ),
 ( 0.000000000000000000, 0.0001494334324801642878 ),
 .UNSPECIFIED. ) ;
#1944 = FACE_OUTER_BOUND ( 'NONE', #2594, .T. ) ;
#1945 = ORIENTED_EDGE ( 'NONE', *, *, #1448, .F. ) ;
#1946 = DIRECTION ( 'NONE',  ( 0.000000000000000000, 0.000000000000000000, -1.000000000000000000 ) ) ;
#1947 = CARTESIAN_POINT ( 'NONE',  ( -5.699274774000003596, 2.800136970999986374, 5.500000000000000000 ) ) ;
#1948 = ADVANCED_FACE ( 'NONE', ( #2054 ), #131, .T. ) ;
#1949 = VECTOR ( 'NONE', #1450, 1000.000000000000000 ) ;
#1950 = DIRECTION ( 'NONE',  ( -0.000000000000000000, -0.000000000000000000, -1.000000000000000000 ) ) ;
#1951 = DIRECTION ( 'NONE',  ( 0.000000000000000000, 0.000000000000000000, 1.000000000000000000 ) ) ;
#1952 = EDGE_CURVE ( 'NONE', #2013, #3824, #3075, .T. ) ;
#1953 = DIRECTION ( 'NONE',  ( 1.758524546238221997E-05, -0.9999999998453795724, 0.000000000000000000 ) ) ;
#1954 = CARTESIAN_POINT ( 'NONE',  ( -5.221081141954043936, 2.800136970999986374, 5.400137046524544182 ) ) ;
#1955 = ORIENTED_EDGE ( 'NONE', *, *, #2598, .T. ) ;
#1956 = AXIS2_PLACEMENT_3D ( 'NONE', #1231, #6139, #5692 ) ;
#1957 = DIRECTION ( 'NONE',  ( 0.000000000000000000, 0.000000000000000000, 1.000000000000000000 ) ) ;
#1958 = ORIENTED_EDGE ( 'NONE', *, *, #333, .F. ) ;
#1959 = ADVANCED_FACE ( 'NONE', ( #1148 ), #2084, .T. ) ;
#1960 = LINE ( 'NONE', #1513, #743 ) ;
#1961 = EDGE_LOOP ( 'NONE', ( #1241, #2851, #301, #6185 ) ) ;
#1962 = LINE ( 'NONE', #3896, #1936 ) ;
#1963 = ORIENTED_EDGE ( 'NONE', *, *, #5358, .F. ) ;
#1964 = CARTESIAN_POINT ( 'NONE',  ( -4.062678695362562209, -15.24965714859727584, 1.750342851402719724 ) ) ;
#1965 = CONICAL_SURFACE ( 'NONE', #1172, 0.4999999999999987232, 0.7853981633974526089 ) ;
#1966 = VERTEX_POINT ( 'NONE', #2180 ) ;
#1967 = ORIENTED_EDGE ( 'NONE', *, *, #643, .F. ) ;
#1968 = CARTESIAN_POINT ( 'NONE',  ( -6.305365341352696440, -8.110639479944966368, 5.359675854823074737 ) ) ;
#1969 = VECTOR ( 'NONE', #239, 999.9999999999998863 ) ;
#1970 = EDGE_LOOP ( 'NONE', ( #968, #3393, #3259, #1927 ) ) ;
#1971 = CARTESIAN_POINT ( 'NONE',  ( -4.137252629733029430, -6.612126364266986300, 2.000000000000000000 ) ) ;
#1972 = DIRECTION ( 'NONE',  ( -1.000000000000000000, 0.000000000000000000, 0.000000000000000000 ) ) ;
#1973 = DIRECTION ( 'NONE',  ( 0.000000000000000000, 0.000000000000000000, 1.000000000000000000 ) ) ;
#1974 = CARTESIAN_POINT ( 'NONE',  ( -6.410891652236004212, -5.439559934000014252, 5.500000000000000000 ) ) ;
#1975 = ORIENTED_EDGE ( 'NONE', *, *, #5625, .F. ) ;
#1976 = ADVANCED_FACE ( 'NONE', ( #3546 ), #5472, .F. ) ;
#1977 = CARTESIAN_POINT ( 'NONE',  ( 7.072588557999996084, -8.704193965000012412, 2.000000000000000000 ) ) ;
#1978 = ORIENTED_EDGE ( 'NONE', *, *, #551, .F. ) ;
#1979 = CARTESIAN_POINT ( 'NONE',  ( -6.612126364341861517, -5.651691968406093558, 2.000000000000000000 ) ) ;
#1980 = CARTESIAN_POINT ( 'NONE',  ( 3.534703078999996251, 5.585312744999986201, 5.400137046524544182 ) ) ;
#1981 = CARTESIAN_POINT ( 'NONE',  ( 4.350413607999995769, -13.30000185100001531, 5.400137046524545958 ) ) ;
#1982 = PLANE ( 'NONE',  #1916 ) ;
#1983 = CARTESIAN_POINT ( 'NONE',  ( -8.189203389253091103, -6.220233151057160015, 5.500000000000000000 ) ) ;
#1984 = EDGE_LOOP ( 'NONE', ( #4721, #1545, #2349, #770 ) ) ;
#1985 = EDGE_CURVE ( 'NONE', #712, #3378, #3988, .T. ) ;
#1986 = DIRECTION ( 'NONE',  ( 1.000000000000000000, 0.000000000000000000, 0.000000000000000000 ) ) ;
#1987 = EDGE_CURVE ( 'NONE', #358, #5036, #3631, .T. ) ;
#1988 = EDGE_LOOP ( 'NONE', ( #1027, #627, #1158, #1577 ) ) ;
#1989 = LINE ( 'NONE', #4874, #2668 ) ;
#1990 = ORIENTED_EDGE ( 'NONE', *, *, #166, .T. ) ;
#1991 = DIRECTION ( 'NONE',  ( 3.463272106474435838E-10, 1.000000000000000000, -3.226733943267434856E-27 ) ) ;
#1992 = ORIENTED_EDGE ( 'NONE', *, *, #5705, .T. ) ;
#1993 = CARTESIAN_POINT ( 'NONE',  ( 11.42726392699999671, -6.710897049236016265, 5.500000000000000000 ) ) ;
#1994 = ORIENTED_EDGE ( 'NONE', *, *, #1481, .F. ) ;
#1995 = ORIENTED_EDGE ( 'NONE', *, *, #1578, .T. ) ;
#1996 = CARTESIAN_POINT ( 'NONE',  ( -6.330514407373356356, -8.086042583497247804, 4.688762592532190965 ) ) ;
#1997 = ORIENTED_EDGE ( 'NONE', *, *, #1613, .F. ) ;
#1998 = PLANE ( 'NONE',  #1399 ) ;
#1999 =( LENGTH_UNIT ( ) NAMED_UNIT ( * ) SI_UNIT ( .MILLI., .METRE. ) );
#2000 = CARTESIAN_POINT ( 'NONE',  ( 5.671442853565227260, 3.448572970434755192, 5.400137046526188200 ) ) ;
#2001 = CARTESIAN_POINT ( 'NONE',  ( -3.216695469416878339, -5.282716275748700063, 5.500000000000000000 ) ) ;
#2002 = ORIENTED_EDGE ( 'NONE', *, *, #2331, .T. ) ;
#2003 = CARTESIAN_POINT ( 'NONE',  ( -12.70002834975450412, 8.021737720152747997, 5.400137046524433160 ) ) ;
#2004 = VERTEX_POINT ( 'NONE', #3512 ) ;
#2005 = DIRECTION ( 'NONE',  ( 0.7071067811865451302, 0.000000000000000000, 0.7071067811865500152 ) ) ;
#2006 = CARTESIAN_POINT ( 'NONE',  ( -6.521800698057266032, 8.131365950996382708, 5.400137046524544182 ) ) ;
#2007 = VECTOR ( 'NONE', #5935, 1000.000000000000114 ) ;
#2008 = AXIS2_PLACEMENT_3D ( 'NONE', #906, #5679, #5262 ) ;
#2009 = DIRECTION ( 'NONE',  ( 0.000000000000000000, 0.000000000000000000, 1.000000000000000000 ) ) ;
#2010 = EDGE_CURVE ( 'NONE', #3586, #3824, #5984, .T. ) ;
#2011 = DIRECTION ( 'NONE',  ( 1.000000000000000000, 0.000000000000000000, 0.000000000000000000 ) ) ;
#2012 = CARTESIAN_POINT ( 'NONE',  ( -8.799675749893669519, -10.68022070713599980, 2.000000000000000000 ) ) ;
#2013 = VERTEX_POINT ( 'NONE', #1612 ) ;
#2014 = CIRCLE ( 'NONE', #4841, 0.01089732218555829017 ) ;
#2015 = CARTESIAN_POINT ( 'NONE',  ( 4.349384663999996015, -6.399994330000013498, 5.400137046524544182 ) ) ;
#2016 = EDGE_CURVE ( 'NONE', #1557, #18, #2945, .T. ) ;
#2017 = AXIS2_PLACEMENT_3D ( 'NONE', #2887, #5227, #584 ) ;
#2018 = EDGE_CURVE ( 'NONE', #3301, #2780, #731, .T. ) ;
#2019 = FACE_OUTER_BOUND ( 'NONE', #4794, .T. ) ;
#2020 = VERTEX_POINT ( 'NONE', #2596 ) ;
#2021 = CARTESIAN_POINT ( 'NONE',  ( 3.448572970425295203, 5.671442853476020396, 5.400137046524544182 ) ) ;
#2022 = ORIENTED_EDGE ( 'NONE', *, *, #4429, .F. ) ;
#2023 = VECTOR ( 'NONE', #4134, 1000.000000000000114 ) ;
#2024 = EDGE_CURVE ( 'NONE', #5758, #2923, #1676, .T. ) ;
#2025 = ADVANCED_FACE ( 'NONE', ( #2628 ), #5882, .T. ) ;
#2026 = CARTESIAN_POINT ( 'NONE',  ( -6.699994329923615766, 8.131365950999983383, 2.000000000000000000 ) ) ;
#2027 = VERTEX_POINT ( 'NONE', #3605 ) ;
#2028 = ORIENTED_EDGE ( 'NONE', *, *, #2213, .T. ) ;
#2029 = CARTESIAN_POINT ( 'NONE',  ( -8.711810228172748083, -10.46808976769198019, 2.000000000000000000 ) ) ;
#2030 = CIRCLE ( 'NONE', #1229, 28.00000000046042103 ) ;
#2031 = ORIENTED_EDGE ( 'NONE', *, *, #4694, .F. ) ;
#2032 = DIRECTION ( 'NONE',  ( 0.000000000000000000, 0.000000000000000000, 1.000000000000000000 ) ) ;
#2033 = AXIS2_PLACEMENT_3D ( 'NONE', #1001, #1134, #5875 ) ;
#2034 = FACE_OUTER_BOUND ( 'NONE', #5182, .T. ) ;
#2035 = CARTESIAN_POINT ( 'NONE',  ( 3.012269005276120737, -5.487142739223888732, 2.000000000000000000 ) ) ;
#2036 = CONICAL_SURFACE ( 'NONE', #5377, 0.3000000000127310829, 0.05235987755982995234 ) ;
#2037 = ORIENTED_EDGE ( 'NONE', *, *, #571, .F. ) ;
#2038 = CARTESIAN_POINT ( 'NONE',  ( 2.800136970999997033, -5.699274774000014254, 5.500000000000000000 ) ) ;
#2039 = EDGE_LOOP ( 'NONE', ( #2836, #2086, #6241, #2987, #3763 ) ) ;
#2040 = DIRECTION ( 'NONE',  ( 2.093936027510293716E-05, -0.9986295345350446606, 0.05233595624294389709 ) ) ;
#2041 = CARTESIAN_POINT ( 'NONE',  ( 5.675833383149800682, 3.616206485660040659, 5.400137046524543294 ) ) ;
#2042 = VECTOR ( 'NONE', #2870, 1000.000000000000114 ) ;
#2043 = VECTOR ( 'NONE', #5989, 999.9999999999998863 ) ;
#2044 = CARTESIAN_POINT ( 'NONE',  ( 1.033010403019565038, -1.033010403047035286, 5.500000000000000000 ) ) ;
#2045 = AXIS2_PLACEMENT_3D ( 'NONE', #2840, #3375, #4864 ) ;
#2046 = CARTESIAN_POINT ( 'NONE',  ( -14.18340464035574833, 1.391190090822775227, 10.45219283548961364 ) ) ;
#2047 = CARTESIAN_POINT ( 'NONE',  ( 5.585312744999996859, 3.534703078999986037, 2.000000000000000000 ) ) ;
#2048 = CARTESIAN_POINT ( 'NONE',  ( 2.540362453168775403, 5.170541225749182068, 5.500000000000000000 ) ) ;
#2049 = ORIENTED_EDGE ( 'NONE', *, *, #2571, .F. ) ;
#2050 = FACE_OUTER_BOUND ( 'NONE', #4941, .T. ) ;
#2051 = ADVANCED_FACE ( 'NONE', ( #4555 ), #2646, .T. ) ;
#2052 = VECTOR ( 'NONE', #2848, 1000.000000000000000 ) ;
#2053 = ORIENTED_EDGE ( 'NONE', *, *, #3840, .F. ) ;
#2054 = FACE_OUTER_BOUND ( 'NONE', #2067, .T. ) ;
#2055 = AXIS2_PLACEMENT_3D ( 'NONE', #4167, #3185, #5208 ) ;
#2056 = CARTESIAN_POINT ( 'NONE',  ( 8.343497993012762848, -6.787862303264844854, 2.000000000000000000 ) ) ;
#2057 = VERTEX_POINT ( 'NONE', #2663 ) ;
#2058 = EDGE_CURVE ( 'NONE', #2824, #433, #4591, .T. ) ;
#2059 = DIRECTION ( 'NONE',  ( 1.000000000000000000, 0.000000000000000000, 0.000000000000000000 ) ) ;
#2060 = AXIS2_PLACEMENT_3D ( 'NONE', #2044, #3007, #4453 ) ;
#2061 = ORIENTED_EDGE ( 'NONE', *, *, #5823, .T. ) ;
#2062 = DIRECTION ( 'NONE',  ( 0.000000000000000000, 0.000000000000000000, 1.000000000000000000 ) ) ;
#2063 = ORIENTED_EDGE ( 'NONE', *, *, #4089, .T. ) ;
#2064 = VERTEX_POINT ( 'NONE', #2810 ) ;
#2065 = ADVANCED_FACE ( 'NONE', ( #5626 ), #631, .T. ) ;
#2066 = CARTESIAN_POINT ( 'NONE',  ( -13.29995560200000249, 4.349962459999986208, 5.500000000000000000 ) ) ;
#2067 = EDGE_LOOP ( 'NONE', ( #4871, #3110, #5433, #5629 ) ) ;
#2068 = DIRECTION ( 'NONE',  ( 1.000000000000000000, 0.000000000000000000, 0.000000000000000000 ) ) ;
#2069 = AXIS2_PLACEMENT_3D ( 'NONE', #3220, #2667, #2630 ) ;
#2070 = DIRECTION ( 'NONE',  ( 0.9999999998285351577, 1.851836092818829135E-05, 5.784281923445228516E-25 ) ) ;
#2071 = CARTESIAN_POINT ( 'NONE',  ( 14.48332870112989212, -15.50000000000000000, 0.4999999999999970024 ) ) ;
#2072 = VECTOR ( 'NONE', #4000, 1000.000000000000114 ) ;
#2073 = DIRECTION ( 'NONE',  ( -1.000000000000000000, 0.000000000000000000, 0.000000000000000000 ) ) ;
#2074 = ORIENTED_EDGE ( 'NONE', *, *, #4694, .T. ) ;
#2075 = DIRECTION ( 'NONE',  ( -0.000000000000000000, -0.000000000000000000, 1.000000000000000000 ) ) ;
#2076 = CARTESIAN_POINT ( 'NONE',  ( -15.49398969044918317, -4.044299988679645352, 2.114683538074687341 ) ) ;
#2077 = EDGE_CURVE ( 'NONE', #1777, #744, #3648, .T. ) ;
#2078 = CARTESIAN_POINT ( 'NONE',  ( 6.277228676283695741, -8.137116686028454282, 5.433449322437490459 ) ) ;
#2079 = CARTESIAN_POINT ( 'NONE',  ( -5.270084709924289790, 2.589269621449080905, 5.400137046524544182 ) ) ;
#2080 = CARTESIAN_POINT ( 'NONE',  ( -10.07992489404735714, 7.910877194253417066, 5.500000000000000000 ) ) ;
#2081 = VERTEX_POINT ( 'NONE', #2208 ) ;
#2082 = LINE ( 'NONE', #3509, #427 ) ;
#2083 = VERTEX_POINT ( 'NONE', #1854 ) ;
#2084 = PLANE ( 'NONE',  #1629 ) ;
#2085 = FACE_OUTER_BOUND ( 'NONE', #162, .T. ) ;
#2086 = ORIENTED_EDGE ( 'NONE', *, *, #2077, .F. ) ;
#2087 = LINE ( 'NONE', #2021, #2342 ) ;
#2088 = ORIENTED_EDGE ( 'NONE', *, *, #4144, .F. ) ;
#2089 = EDGE_CURVE ( 'NONE', #4146, #4843, #5670, .T. ) ;
#2090 = CARTESIAN_POINT ( 'NONE',  ( 7.900412600322863632, -12.82173378222428717, 5.400137046524647211 ) ) ;
#2091 = ORIENTED_EDGE ( 'NONE', *, *, #5946, .T. ) ;
#2092 = VERTEX_POINT ( 'NONE', #3665 ) ;
#2093 = CARTESIAN_POINT ( 'NONE',  ( -8.588265432209691852, -10.58759724294700000, 5.278753466963938656 ) ) ;
#2094 = AXIS2_PLACEMENT_3D ( 'NONE', #4078, #1170, #5022 ) ;
#2095 = EDGE_LOOP ( 'NONE', ( #1419, #1300, #3510, #2604 ) ) ;
#2096 = CARTESIAN_POINT ( 'NONE',  ( -6.407699900507313195, 4.341679093652087040, 5.500000000000000000 ) ) ;
#2097 = CIRCLE ( 'NONE', #1291, 0.5891026782378090410 ) ;
#2098 = EDGE_CURVE ( 'NONE', #2725, #1966, #5163, .T. ) ;
#2099 = CARTESIAN_POINT ( 'NONE',  ( -11.76711037002885263, -9.514522072692813026, 5.500000000000000000 ) ) ;
#2100 = CARTESIAN_POINT ( 'NONE',  ( 3.735439892068655787, 5.808258324935847483, 2.000000000000000000 ) ) ;
#2101 = ADVANCED_FACE ( 'NONE', ( #2693 ), #5148, .F. ) ;
#2102 = FACE_OUTER_BOUND ( 'NONE', #5247, .T. ) ;
#2103 = AXIS2_PLACEMENT_3D ( 'NONE', #1542, #3475, #4454 ) ;
#2104 = CARTESIAN_POINT ( 'NONE',  ( 7.900409495999997311, -12.69992741400001357, 2.000000000000000000 ) ) ;
#2105 = DIRECTION ( 'NONE',  ( -0.000000000000000000, -0.000000000000000000, -1.000000000000000000 ) ) ;
#2106 = CARTESIAN_POINT ( 'NONE',  ( 6.303728809543226674, -8.111248127529684382, 5.400137046526350737 ) ) ;
#2107 = EDGE_CURVE ( 'NONE', #4259, #1091, #6082, .T. ) ;
#2108 = CARTESIAN_POINT ( 'NONE',  ( 14.48332870112989212, -14.50000000000000000, 0.4999999999999970024 ) ) ;
#2109 = DIRECTION ( 'NONE',  ( 0.000000000000000000, 0.000000000000000000, 1.000000000000000000 ) ) ;
#2110 = EDGE_CURVE ( 'NONE', #1650, #1370, #885, .T. ) ;
#2111 = ORIENTED_EDGE ( 'NONE', *, *, #5045, .T. ) ;
#2112 = DIRECTION ( 'NONE',  ( 0.7071067810582568613, -0.7071067813148382841, 0.000000000000000000 ) ) ;
#2113 = VECTOR ( 'NONE', #111, 1000.000000000000000 ) ;
#2114 = AXIS2_PLACEMENT_3D ( 'NONE', #282, #6103, #753 ) ;
#2115 = ORIENTED_EDGE ( 'NONE', *, *, #2300, .F. ) ;
#2116 = DIRECTION ( 'NONE',  ( 0.000000000000000000, 0.000000000000000000, -1.000000000000000000 ) ) ;
#2117 = VECTOR ( 'NONE', #3804, 1000.000000000000000 ) ;
#2118 = FACE_OUTER_BOUND ( 'NONE', #2791, .T. ) ;
#2119 = ORIENTED_EDGE ( 'NONE', *, *, #796, .T. ) ;
#2120 = DIRECTION ( 'NONE',  ( -2.083316576129790536E-05, 0.9999999997829897014, 0.000000000000000000 ) ) ;
#2121 = AXIS2_PLACEMENT_3D ( 'NONE', #5671, #870, #451 ) ;
#2122 = ORIENTED_EDGE ( 'NONE', *, *, #828, .F. ) ;
#2123 = CARTESIAN_POINT ( 'NONE',  ( -5.439559934000004482, -6.699994329811232774, 2.000000000000000000 ) ) ;
#2124 = ORIENTED_EDGE ( 'NONE', *, *, #4904, .T. ) ;
#2125 = VERTEX_POINT ( 'NONE', #4233 ) ;
#2126 = CIRCLE ( 'NONE', #5663, 1.499999999999999556 ) ;
#2127 = CARTESIAN_POINT ( 'NONE',  ( -10.07992469200000407, 7.899979871999986081, 5.500000000000000000 ) ) ;
#2128 = EDGE_CURVE ( 'NONE', #1377, #3330, #2030, .T. ) ;
#2129 = ORIENTED_EDGE ( 'NONE', *, *, #4933, .T. ) ;
#2130 = LINE ( 'NONE', #3463, #802 ) ;
#2131 = CARTESIAN_POINT ( 'NONE',  ( -6.219805092363929866, -8.189393073812988533, 5.500000000000000000 ) ) ;
#2132 = CARTESIAN_POINT ( 'NONE',  ( 5.361140813998435561, 3.138270930920583179, 5.400137046524544182 ) ) ;
#2133 = AXIS2_PLACEMENT_3D ( 'NONE', #1822, #6137, #4262 ) ;
#2134 = CARTESIAN_POINT ( 'NONE',  ( -13.29995560200000249, 4.349962459999986208, 2.000000000000000000 ) ) ;
#2135 = EDGE_CURVE ( 'NONE', #293, #5290, #6166, .T. ) ;
#2136 = FACE_OUTER_BOUND ( 'NONE', #4018, .T. ) ;
#2137 = LINE ( 'NONE', #809, #189 ) ;
#2138 = ADVANCED_FACE ( 'NONE', ( #786 ), #1828, .T. ) ;
#2139 = FACE_OUTER_BOUND ( 'NONE', #993, .T. ) ;
#2140 = LINE ( 'NONE', #4456, #2514 ) ;
#2141 = CIRCLE ( 'NONE', #3752, 0.3000000000319986149 ) ;
#2142 = DIRECTION ( 'NONE',  ( -0.000000000000000000, -0.000000000000000000, -1.000000000000000000 ) ) ;
#2143 = ORIENTED_EDGE ( 'NONE', *, *, #1903, .F. ) ;
#2144 = AXIS2_PLACEMENT_3D ( 'NONE', #3032, #2075, #2648 ) ;
#2145 = CARTESIAN_POINT ( 'NONE',  ( -6.699994330012733812, -5.439559934000014252, 2.000000000000000000 ) ) ;
#2146 = VECTOR ( 'NONE', #3346, 999.9999999999998863 ) ;
#2147 = VECTOR ( 'NONE', #1991, 1000.000000000000000 ) ;
#2148 = ADVANCED_FACE ( 'NONE', ( #4173 ), #3789, .T. ) ;
#2149 = ORIENTED_EDGE ( 'NONE', *, *, #1934, .T. ) ;
#2150 = CIRCLE ( 'NONE', #5581, 0.4781936318770793060 ) ;
#2151 = DIRECTION ( 'NONE',  ( -0.7431448253174038898, -1.541990371860517761E-05, 0.6691306063588721154 ) ) ;
#2152 = CONICAL_SURFACE ( 'NONE', #3065, 5.760897322533535814, 0.8377580409572839004 ) ;
#2153 = VECTOR ( 'NONE', #5196, 1000.000000000000114 ) ;
#2154 = CARTESIAN_POINT ( 'NONE',  ( 4.350403711903076953, -12.82180821915066637, 5.400137046524545958 ) ) ;
#2155 = LINE ( 'NONE', #2632, #639 ) ;
#2156 = EDGE_CURVE ( 'NONE', #5708, #3309, #3448, .T. ) ;
#2157 = ORIENTED_EDGE ( 'NONE', *, *, #5194, .T. ) ;
#2158 = AXIS2_PLACEMENT_3D ( 'NONE', #1018, #1057, #4909 ) ;
#2159 = DIRECTION ( 'NONE',  ( 1.000000000000000000, 0.000000000000000000, 0.000000000000000000 ) ) ;
#2160 = AXIS2_PLACEMENT_3D ( 'NONE', #5494, #2681, #4486 ) ;
#2161 = VERTEX_POINT ( 'NONE', #2719 ) ;
#2162 = ORIENTED_EDGE ( 'NONE', *, *, #2915, .F. ) ;
#2163 = CARTESIAN_POINT ( 'NONE',  ( -9.215224768326708116, 7.290038038296754230, 5.400137046524553064 ) ) ;
#2164 = ORIENTED_EDGE ( 'NONE', *, *, #5625, .T. ) ;
#2165 = DIRECTION ( 'NONE',  ( 1.000000000000000000, 1.196361017915039486E-16, -0.000000000000000000 ) ) ;
#2166 = DIRECTION ( 'NONE',  ( 1.158701329664907087E-10, 0.6691306063588520203, -0.7431448254773997952 ) ) ;
#2167 = CARTESIAN_POINT ( 'NONE',  ( -15.50000000000000533, 4.076130701437469916, 1.499999999999992673 ) ) ;
#2168 = DIRECTION ( 'NONE',  ( -2.074952712614013193E-05, 0.9999999997847285327, 0.000000000000000000 ) ) ;
#2169 = CARTESIAN_POINT ( 'NONE',  ( -4.075793392923191760, -15.49999999999999822, 1.499999999999996225 ) ) ;
#2170 = DIRECTION ( 'NONE',  ( -1.000000000000000000, 2.226554535850135254E-10, 0.000000000000000000 ) ) ;
#2171 = CARTESIAN_POINT ( 'NONE',  ( -13.50000000000000355, -14.99999999999999645, 0.000000000000000000 ) ) ;
#2172 = CARTESIAN_POINT ( 'NONE',  ( 8.486891804249159676, -0.2942169461278140163, 5.500000000000000000 ) ) ;
#2173 = VECTOR ( 'NONE', #5493, 1000.000000000000227 ) ;
#2174 = EDGE_CURVE ( 'NONE', #3158, #1805, #3249, .T. ) ;
#2175 = DIRECTION ( 'NONE',  ( -1.000000000000000000, 0.000000000000000000, 0.000000000000000000 ) ) ;
#2176 = VERTEX_POINT ( 'NONE', #4646 ) ;
#2177 = CONICAL_SURFACE ( 'NONE', #4401, 0.3000000000107291842, 0.05235987755982995234 ) ;
#2178 = CARTESIAN_POINT ( 'NONE',  ( -4.263254555211821284, -6.486124438831867067, 5.400137046524544182 ) ) ;
#2179 = VERTEX_POINT ( 'NONE', #1381 ) ;
#2180 = CARTESIAN_POINT ( 'NONE',  ( -5.525690052580982226, -6.486124428883271342, 5.400137046525365747 ) ) ;
#2181 = DIRECTION ( 'NONE',  ( -0.000000000000000000, -0.000000000000000000, -1.000000000000000000 ) ) ;
#2182 = ADVANCED_FACE ( 'NONE', ( #6110 ), #4875, .T. ) ;
#2183 = DIRECTION ( 'NONE',  ( 0.000000000000000000, 0.000000000000000000, 1.000000000000000000 ) ) ;
#2184 = ADVANCED_FACE ( 'NONE', ( #1289 ), #4069, .T. ) ;
#2185 = CARTESIAN_POINT ( 'NONE',  ( -12.71085292430287694, 4.349974157755517545, 5.500000000000000000 ) ) ;
#2186 = ORIENTED_EDGE ( 'NONE', *, *, #6049, .F. ) ;
#2187 = AXIS2_PLACEMENT_3D ( 'NONE', #4008, #3030, #1631 ) ;
#2188 = DIRECTION ( 'NONE',  ( 0.7071067811959433902, 0.7071067811771516443, 0.000000000000000000 ) ) ;
#2189 = ORIENTED_EDGE ( 'NONE', *, *, #4200, .T. ) ;
#2190 = ORIENTED_EDGE ( 'NONE', *, *, #5936, .F. ) ;
#2191 = ADVANCED_FACE ( 'NONE', ( #3217 ), #467, .F. ) ;
#2192 = DIRECTION ( 'NONE',  ( -0.000000000000000000, -0.000000000000000000, -1.000000000000000000 ) ) ;
#2193 = ORIENTED_EDGE ( 'NONE', *, *, #5343, .F. ) ;
#2194 = CARTESIAN_POINT ( 'NONE',  ( -15.50000000000000711, 14.48332870112990101, 1.499999999999992673 ) ) ;
#2195 = DIRECTION ( 'NONE',  ( 4.229774942574841105E-17, 0.7071067811865501263, -0.7071067811865450192 ) ) ;
#2196 = PRODUCT_DEFINITION_CONTEXT ( 'detailed design', #4209, 'design' ) ;
#2197 = FACE_OUTER_BOUND ( 'NONE', #2278, .T. ) ;
#2198 = DIRECTION ( 'NONE',  ( 0.05233595623607350394, 8.480195946068460636E-07, -0.9986295347545739443 ) ) ;
#2199 = FACE_OUTER_BOUND ( 'NONE', #2473, .T. ) ;
#2200 = DIRECTION ( 'NONE',  ( 0.000000000000000000, 0.000000000000000000, 1.000000000000000000 ) ) ;
#2201 = FACE_OUTER_BOUND ( 'NONE', #5479, .T. ) ;
#2202 = LINE ( 'NONE', #5142, #2023 ) ;
#2203 = VECTOR ( 'NONE', #777, 1000.000000000000114 ) ;
#2204 = ORIENTED_EDGE ( 'NONE', *, *, #1301, .F. ) ;
#2205 = CARTESIAN_POINT ( 'NONE',  ( 11.71347973669846354, -6.610108068893667088, 2.000000000000000000 ) ) ;
#2206 = VERTEX_POINT ( 'NONE', #3850 ) ;
#2207 = EDGE_CURVE ( 'NONE', #2322, #3630, #3914, .T. ) ;
#2208 = CARTESIAN_POINT ( 'NONE',  ( -10.67954247919313104, -8.511081328285607484, 5.500000000000000000 ) ) ;
#2209 = DIRECTION ( 'NONE',  ( 0.000000000000000000, 0.000000000000000000, -1.000000000000000000 ) ) ;
#2210 = CARTESIAN_POINT ( 'NONE',  ( 8.679899476999997532, -6.999999727076401612, 2.000000000000000000 ) ) ;
#2211 = AXIS2_PLACEMENT_3D ( 'NONE', #3687, #5051, #2264 ) ;
#2212 = CARTESIAN_POINT ( 'NONE',  ( -4.072597187119535889, -8.367772262608564660, 5.500000000000000000 ) ) ;
#2213 = EDGE_CURVE ( 'NONE', #3446, #3929, #1046, .T. ) ;
#2214 = ORIENTED_EDGE ( 'NONE', *, *, #484, .F. ) ;
#2215 = EDGE_CURVE ( 'NONE', #606, #1707, #1504, .T. ) ;
#2216 =( GEOMETRIC_REPRESENTATION_CONTEXT ( 3 ) GLOBAL_UNCERTAINTY_ASSIGNED_CONTEXT ( ( #4156 ) ) GLOBAL_UNIT_ASSIGNED_CONTEXT ( ( #1999, #5361, #4414 ) ) REPRESENTATION_CONTEXT ( 'NONE', 'WORKASPACE' ) );
#2217 = DIRECTION ( 'NONE',  ( -1.000000000000000000, 0.000000000000000000, 0.000000000000000000 ) ) ;
#2218 = ORIENTED_EDGE ( 'NONE', *, *, #381, .T. ) ;
#2219 = ORIENTED_EDGE ( 'NONE', *, *, #1769, .F. ) ;
#2220 = VECTOR ( 'NONE', #2538, 1000.000000000000114 ) ;
#2221 = DIRECTION ( 'NONE',  ( 1.000000000000000000, 0.000000000000000000, 0.000000000000000000 ) ) ;
#2222 = EDGE_CURVE ( 'NONE', #5225, #2789, #3255, .T. ) ;
#2223 = ORIENTED_EDGE ( 'NONE', *, *, #259, .F. ) ;
#2224 = EDGE_CURVE ( 'NONE', #4172, #5130, #5241, .T. ) ;
#2225 = AXIS2_PLACEMENT_3D ( 'NONE', #5499, #634, #5978 ) ;
#2226 = CARTESIAN_POINT ( 'NONE',  ( -8.200092867000003949, -6.220646561000013897, 2.000000000000000000 ) ) ;
#2227 = CARTESIAN_POINT ( 'NONE',  ( -15.32180636813364849, -3.872113876336173988, 5.400137046524553952 ) ) ;
#2228 = LINE ( 'NONE', #4158, #5825 ) ;
#2229 = CARTESIAN_POINT ( 'NONE',  ( -10.67953712531760324, -8.800184006000023373, 2.000000000000000000 ) ) ;
#2230 = CARTESIAN_POINT ( 'NONE',  ( -13.50000000000000355, -15.49999999999999822, 1.499999999999996225 ) ) ;
#2231 = DIRECTION ( 'NONE',  ( -0.000000000000000000, -0.000000000000000000, -1.000000000000000000 ) ) ;
#2232 = DIRECTION ( 'NONE',  ( 0.05233595625101393478, 0.000000000000000000, 0.9986295347541508383 ) ) ;
#2233 = CARTESIAN_POINT ( 'NONE',  ( -8.953735274633896069, 6.907182453567479286, 5.500000000000000000 ) ) ;
#2234 = DIRECTION ( 'NONE',  ( -0.000000000000000000, -0.000000000000000000, -1.000000000000000000 ) ) ;
#2235 = ORIENTED_EDGE ( 'NONE', *, *, #1681, .T. ) ;
#2236 = CARTESIAN_POINT ( 'NONE',  ( -7.987549735179151789, -6.432366699815232458, 2.000000000000000000 ) ) ;
#2237 = VERTEX_POINT ( 'NONE', #88 ) ;
#2238 = DIRECTION ( 'NONE',  ( 1.000000000000000000, 0.000000000000000000, 0.000000000000000000 ) ) ;
#2239 = DIRECTION ( 'NONE',  ( 1.000000000000000000, 0.000000000000000000, 0.000000000000000000 ) ) ;
#2240 = VECTOR ( 'NONE', #6033, 1000.000000000000114 ) ;
#2241 = DIRECTION ( 'NONE',  ( 0.4731467891248143376, 0.4731467893868097629, -0.7431448254773980189 ) ) ;
#2242 = CONICAL_SURFACE ( 'NONE', #331, 0.3000000003992300268, 0.05235987755982995234 ) ;
#2243 = EDGE_CURVE ( 'NONE', #1299, #2179, #5680, .T. ) ;
#2244 = CIRCLE ( 'NONE', #4062, 0.5891026777767298661 ) ;
#2245 = CARTESIAN_POINT ( 'NONE',  ( -8.557320171676281007, -10.61798365944751588, 5.433438435342356598 ) ) ;
#2246 = ORIENTED_EDGE ( 'NONE', *, *, #4239, .T. ) ;
#2247 = VECTOR ( 'NONE', #5796, 1000.000000000000000 ) ;
#2248 = CARTESIAN_POINT ( 'NONE',  ( -12.70002609400000360, 7.899931351999985196, 5.500000000000000000 ) ) ;
#2249 = EDGE_CURVE ( 'NONE', #6229, #2092, #2461, .T. ) ;
#2250 = B_SPLINE_CURVE_WITH_KNOTS ( 'NONE', 3,
 ( #908, #460, #4199, #3243 ),
 .UNSPECIFIED., .F., .F.,
 ( 4, 4 ),
 ( 0.000000000000000000, 0.0001886933735193638804 ),
 .UNSPECIFIED. ) ;
#2251 = VERTEX_POINT ( 'NONE', #1442 ) ;
#2252 = EDGE_LOOP ( 'NONE', ( #612, #3828, #1445, #5998 ) ) ;
#2253 = LINE ( 'NONE', #5161, #4580 ) ;
#2254 = AXIS2_PLACEMENT_3D ( 'NONE', #5382, #4937, #2430 ) ;
#2255 = ORIENTED_EDGE ( 'NONE', *, *, #2996, .F. ) ;
#2256 = CARTESIAN_POINT ( 'NONE',  ( 5.337927256148645050, -10.65671937303268990, 7.082573436851547832 ) ) ;
#2257 = ADVANCED_FACE ( 'NONE', ( #3946 ), #2358, .T. ) ;
#2258 = CIRCLE ( 'NONE', #3077, 6.050000000297532488 ) ;
#2259 = CARTESIAN_POINT ( 'NONE',  ( -8.499675750000003305, -10.68021935800001465, 5.500000000000000000 ) ) ;
#2260 = DIRECTION ( 'NONE',  ( -0.05226334185951427708, -0.05226443066282598915, -0.9972647453836750442 ) ) ;
#2261 = CARTESIAN_POINT ( 'NONE',  ( 6.432526034128756010, -7.987953378450780129, 2.000000000000000000 ) ) ;
#2262 = AXIS2_PLACEMENT_3D ( 'NONE', #496, #1950, #5370 ) ;
#2263 = CARTESIAN_POINT ( 'NONE',  ( 7.985204956444157176, -9.989536264887178163, 5.359675941985305059 ) ) ;
#2264 = DIRECTION ( 'NONE',  ( 1.000000000000000000, 0.000000000000000000, 0.000000000000000000 ) ) ;
#2265 = LINE ( 'NONE', #5175, #1549 ) ;
#2266 = CARTESIAN_POINT ( 'NONE',  ( -5.439559933949940529, -6.410891652015771491, 5.500000000000000000 ) ) ;
#2267 = VERTEX_POINT ( 'NONE', #6258 ) ;
#2268 = VERTEX_POINT ( 'NONE', #5817 ) ;
#2269 = EDGE_CURVE ( 'NONE', #4880, #3583, #5883, .T. ) ;
#2270 = CARTESIAN_POINT ( 'NONE',  ( 7.983686114254484600, -9.991018922899039367, 5.400137046526352513 ) ) ;
#2271 = EDGE_LOOP ( 'NONE', ( #4079, #3244, #5897, #4406 ) ) ;
#2272 = DIRECTION ( 'NONE',  ( 0.000000000000000000, 0.000000000000000000, 1.000000000000000000 ) ) ;
#2273 = PLANE ( 'NONE',  #149 ) ;
#2274 = AXIS2_PLACEMENT_3D ( 'NONE', #356, #2183, #5597 ) ;
#2275 = CARTESIAN_POINT ( 'NONE',  ( -14.31751903269153026, 2.867465004502913306, 6.304401424993725911 ) ) ;
#2276 = VECTOR ( 'NONE', #1870, 1000.000000000000000 ) ;
#2277 = ORIENTED_EDGE ( 'NONE', *, *, #5505, .T. ) ;
#2278 = EDGE_LOOP ( 'NONE', ( #5422, #2204, #271, #1522 ) ) ;
#2279 = DIRECTION ( 'NONE',  ( -1.000000000000000000, 0.000000000000000000, 0.000000000000000000 ) ) ;
#2280 = ORIENTED_EDGE ( 'NONE', *, *, #14, .T. ) ;
#2281 = LINE ( 'NONE', #3703, #363 ) ;
#2282 = VECTOR ( 'NONE', #5291, 1000.000000000000227 ) ;
#2283 = ORIENTED_EDGE ( 'NONE', *, *, #1587, .F. ) ;
#2284 = EDGE_CURVE ( 'NONE', #3880, #332, #840, .T. ) ;
#2285 = CARTESIAN_POINT ( 'NONE',  ( 8.547924463986690924, -6.583435846444552375, 5.500000000000000000 ) ) ;
#2286 = CARTESIAN_POINT ( 'NONE',  ( 8.477655575999998305, -0.3000000000000139222, 2.000000000000000000 ) ) ;
#2287 = ORIENTED_EDGE ( 'NONE', *, *, #3523, .T. ) ;
#2288 = EDGE_CURVE ( 'NONE', #6229, #3642, #2150, .T. ) ;
#2289 = CARTESIAN_POINT ( 'NONE',  ( 5.487142739453717333, 3.012269005461953419, 2.000000000000000000 ) ) ;
#2290 = EDGE_CURVE ( 'NONE', #5758, #2081, #6226, .T. ) ;
#2291 = DIRECTION ( 'NONE',  ( 0.000000000000000000, -0.05233595624762939907, -0.9986295347543282519 ) ) ;
#2292 = CARTESIAN_POINT ( 'NONE',  ( 7.494979101016368439, -8.729078706861981729, 2.022114009934093293 ) ) ;
#2293 = DIRECTION ( 'NONE',  ( 0.05233595624294390403, -1.073421657260403088E-11, -0.9986295347545739443 ) ) ;
#2294 = ORIENTED_EDGE ( 'NONE', *, *, #1638, .F. ) ;
#2295 = ORIENTED_EDGE ( 'NONE', *, *, #3473, .F. ) ;
#2296 = DIRECTION ( 'NONE',  ( -0.000000000000000000, -0.000000000000000000, 1.000000000000000000 ) ) ;
#2297 = ORIENTED_EDGE ( 'NONE', *, *, #3803, .F. ) ;
#2298 = ADVANCED_FACE ( 'NONE', ( #3819 ), #1410, .F. ) ;
#2299 = DIRECTION ( 'NONE',  ( 1.000000000000000000, 0.000000000000000000, 0.000000000000000000 ) ) ;
#2300 = EDGE_CURVE ( 'NONE', #4300, #2551, #2960, .T. ) ;
#2301 = PLANE ( 'NONE',  #6010 ) ;
#2302 = CONICAL_SURFACE ( 'NONE', #5842, 0.01089732230327017382, 0.8377580409572848996 ) ;
#2303 = CARTESIAN_POINT ( 'NONE',  ( -12.70002629589645693, 7.910828674276409345, 5.500000000000000000 ) ) ;
#2304 = ORIENTED_EDGE ( 'NONE', *, *, #4051, .T. ) ;
#2305 = ORIENTED_EDGE ( 'NONE', *, *, #5854, .F. ) ;
#2306 = LINE ( 'NONE', #2816, #1654 ) ;
#2307 = ORIENTED_EDGE ( 'NONE', *, *, #4427, .T. ) ;
#2308 = CARTESIAN_POINT ( 'NONE',  ( -8.728260421999999963, 7.495871411999987188, 2.000000000000000000 ) ) ;
#2309 = VECTOR ( 'NONE', #3780, 1000.000000000000000 ) ;
#2310 = CIRCLE ( 'NONE', #705, 0.2999999995595163393 ) ;
#2311 = ORIENTED_EDGE ( 'NONE', *, *, #3640, .F. ) ;
#2312 = DIRECTION ( 'NONE',  ( -1.000000000000000000, 0.000000000000000000, 0.000000000000000000 ) ) ;
#2313 = CIRCLE ( 'NONE', #5861, 0.3000000000891178686 ) ;
#2314 = ADVANCED_FACE ( 'NONE', ( #5337 ), #1541, .T. ) ;
#2315 = CARTESIAN_POINT ( 'NONE',  ( -4.049589503275984548, -15.49999999999999822, 2.000000000000000000 ) ) ;
#2316 = ORIENTED_EDGE ( 'NONE', *, *, #2058, .F. ) ;
#2317 = VECTOR ( 'NONE', #5006, 1000.000000000000114 ) ;
#2318 = DIRECTION ( 'NONE',  ( -0.04697275507847366999, -0.02307840107548754169, -0.9986295347545739443 ) ) ;
#2319 = CARTESIAN_POINT ( 'NONE',  ( 7.900409495999997311, -12.69992741400001357, 5.500000000000000000 ) ) ;
#2320 = CARTESIAN_POINT ( 'NONE',  ( -13.50000000000000355, -13.50000000000000000, 1.499999999999996225 ) ) ;
#2321 = FACE_OUTER_BOUND ( 'NONE', #804, .T. ) ;
#2322 = VERTEX_POINT ( 'NONE', #6016 ) ;
#2323 = EDGE_CURVE ( 'NONE', #1120, #3814, #2082, .T. ) ;
#2324 = DIRECTION ( 'NONE',  ( 0.000000000000000000, 0.000000000000000000, 1.000000000000000000 ) ) ;
#2325 = VERTEX_POINT ( 'NONE', #4110 ) ;
#2326 = FACE_OUTER_BOUND ( 'NONE', #4919, .T. ) ;
#2327 = CIRCLE ( 'NONE', #5873, 0.5891026779436085992 ) ;
#2328 = DIRECTION ( 'NONE',  ( -0.000000000000000000, -0.000000000000000000, -1.000000000000000000 ) ) ;
#2329 = DIRECTION ( 'NONE',  ( -0.7431448254773980189, 1.524305174927912652E-10, 0.6691306063588539077 ) ) ;
#2330 = CARTESIAN_POINT ( 'NONE',  ( 14.48332870112989212, -15.00000000000000000, 0.000000000000000000 ) ) ;
#2331 = EDGE_CURVE ( 'NONE', #2013, #5282, #3967, .T. ) ;
#2332 = AXIS2_PLACEMENT_3D ( 'NONE', #1792, #5214, #5691 ) ;
#2333 = EDGE_CURVE ( 'NONE', #5912, #6222, #3760, .T. ) ;
#2334 = ORIENTED_EDGE ( 'NONE', *, *, #1833, .F. ) ;
#2335 = CARTESIAN_POINT ( 'NONE',  ( -13.29971701800000439, -4.350274743000014155, 2.000000000000000000 ) ) ;
#2336 = VECTOR ( 'NONE', #6252, 1000.000000000000114 ) ;
#2337 = VERTEX_POINT ( 'NONE', #5442 ) ;
#2338 = ORIENTED_EDGE ( 'NONE', *, *, #4463, .F. ) ;
#2339 = EDGE_CURVE ( 'NONE', #3658, #1377, #4553, .T. ) ;
#2341 = DIRECTION ( 'NONE',  ( -0.000000000000000000, -0.000000000000000000, -1.000000000000000000 ) ) ;
#2340 = VECTOR ( 'NONE', #2587, 1000.000000000000000 ) ;
#2342 = VECTOR ( 'NONE', #1553, 1000.000000000000114 ) ;
#2343 = ORIENTED_EDGE ( 'NONE', *, *, #571, .T. ) ;
#2344 = VECTOR ( 'NONE', #4321, 1000.000000000000000 ) ;
#2345 = CARTESIAN_POINT ( 'NONE',  ( -6.219804941000003140, -8.200290396000012194, 5.500000000000000000 ) ) ;
#2346 = EDGE_LOOP ( 'NONE', ( #5706, #758, #2283, #2918 ) ) ;
#2347 = CIRCLE ( 'NONE', #5186, 0.4999999999999987232 ) ;
#2348 = DIRECTION ( 'NONE',  ( -0.000000000000000000, -0.05233595624294390403, -0.9986295347545739443 ) ) ;
#2349 = ORIENTED_EDGE ( 'NONE', *, *, #484, .T. ) ;
#2350 = CARTESIAN_POINT ( 'NONE',  ( 2.800136970999997033, -5.699274774000014254, 5.400137046524544182 ) ) ;
#2351 = DIRECTION ( 'NONE',  ( 0.000000000000000000, -0.05233595624294390403, -0.9986295347545739443 ) ) ;
#2352 = LINE ( 'NONE', #48, #656 ) ;
#2353 = CARTESIAN_POINT ( 'NONE',  ( -8.096216544506321000, 6.318943535406797984, 4.983758651268170858 ) ) ;
#2354 = VERTEX_POINT ( 'NONE', #3601 ) ;
#2355 = CARTESIAN_POINT ( 'NONE',  ( -3.469446951953614189E-15, -1.387778780781445676E-14, 5.500000000000000000 ) ) ;
#2356 = ORIENTED_EDGE ( 'NONE', *, *, #3083, .F. ) ;
#2357 = LINE ( 'NONE', #1853, #3161 ) ;
#2358 = PLANE ( 'NONE',  #738 ) ;
#2359 = EDGE_CURVE ( 'NONE', #4250, #4287, #5174, .T. ) ;
#2360 = DIRECTION ( 'NONE',  ( 0.6691306063588492448, -1.351480903364358997E-11, -0.7431448254774023487 ) ) ;
#2361 = B_SPLINE_CURVE_WITH_KNOTS ( 'NONE', 3,
 ( #5439, #2524, #1109, #575 ),
 .UNSPECIFIED., .F., .F.,
 ( 4, 4 ),
 ( 0.0001001455196118995256, 0.003509750925405922747 ),
 .UNSPECIFIED. ) ;
#2362 = LINE ( 'NONE', #4265, #2956 ) ;
#2363 = ORIENTED_EDGE ( 'NONE', *, *, #5895, .F. ) ;
#2364 = ORIENTED_EDGE ( 'NONE', *, *, #391, .T. ) ;
#2365 = ORIENTED_EDGE ( 'NONE', *, *, #5505, .F. ) ;
#2366 = EDGE_CURVE ( 'NONE', #2789, #4049, #233, .T. ) ;
#2367 = EDGE_CURVE ( 'NONE', #1728, #5912, #4615, .T. ) ;
#2368 = CARTESIAN_POINT ( 'NONE',  ( -6.437375695010927064E-11, -0.2891026762054259569, 5.500000000000000000 ) ) ;
#2369 = CONICAL_SURFACE ( 'NONE', #1264, 0.01089732225530333498, 0.8377580409572860098 ) ;
#2370 = ORIENTED_EDGE ( 'NONE', *, *, #1757, .T. ) ;
#2371 = EDGE_LOOP ( 'NONE', ( #324, #1127, #5467, #5190 ) ) ;
#2372 = LINE ( 'NONE', #6237, #533 ) ;
#2373 = ORIENTED_EDGE ( 'NONE', *, *, #2480, .F. ) ;
#2374 = ADVANCED_FACE ( 'NONE', ( #4963 ), #4994, .F. ) ;
#2375 = CARTESIAN_POINT ( 'NONE',  ( -6.999999727012735207, 8.679899476999986874, 2.000000000000000000 ) ) ;
#2376 = EDGE_LOOP ( 'NONE', ( #1521, #353, #1857, #4931, #4309 ) ) ;
#2377 = CARTESIAN_POINT ( 'NONE',  ( -4.341679093630072650, -6.407699900440796625, 5.500000000000000000 ) ) ;
#2378 = VECTOR ( 'NONE', #357, 1000.000000000000114 ) ;
#2379 = ORIENTED_EDGE ( 'NONE', *, *, #340, .T. ) ;
#2380 = CARTESIAN_POINT ( 'NONE',  ( -12.70002609400000360, 7.899931351999985196, 5.500000000000000000 ) ) ;
#2381 = FACE_OUTER_BOUND ( 'NONE', #2426, .T. ) ;
#2382 = DIRECTION ( 'NONE',  ( 0.000000000000000000, -0.05233595624979546501, 0.9986295347542147871 ) ) ;
#2383 = CARTESIAN_POINT ( 'NONE',  ( -8.109975454406940898, 6.304817676721475195, 5.359675941997484649 ) ) ;
#2384 = ORIENTED_EDGE ( 'NONE', *, *, #1934, .F. ) ;
#2385 = CARTESIAN_POINT ( 'NONE',  ( 3.322571044975517918, 5.797444778940154642, 2.000000000000000000 ) ) ;
#2386 = ORIENTED_EDGE ( 'NONE', *, *, #1068, .T. ) ;
#2387 = DIRECTION ( 'NONE',  ( 0.7071067813308421490, -0.7071067810422528854, 0.000000000000000000 ) ) ;
#2388 = CARTESIAN_POINT ( 'NONE',  ( 2.589269621494796336, -5.270084710214747226, 5.400137046524545070 ) ) ;
#2389 = CARTESIAN_POINT ( 'NONE',  ( -9.988121979807244699, 7.986352307486699331, 5.319214834823363880 ) ) ;
#2390 = LINE ( 'NONE', #468, #3258 ) ;
#2391 = DIRECTION ( 'NONE',  ( 0.000000000000000000, 0.000000000000000000, 1.000000000000000000 ) ) ;
#2392 = ORIENTED_EDGE ( 'NONE', *, *, #3587, .T. ) ;
#2393 = CARTESIAN_POINT ( 'NONE',  ( -14.99999592300000373, -14.99999592300001439, 2.000000000000000000 ) ) ;
#2394 = AXIS2_PLACEMENT_3D ( 'NONE', #5500, #3101, #814 ) ;
#2395 = ORIENTED_EDGE ( 'NONE', *, *, #3092, .F. ) ;
#2396 = CARTESIAN_POINT ( 'NONE',  ( -3.760492848268749189, -15.21089732223600421, 5.500000000000000000 ) ) ;
#2397 = VERTEX_POINT ( 'NONE', #1640 ) ;
#2398 = VECTOR ( 'NONE', #5497, 1000.000000000000000 ) ;
#2399 = EDGE_CURVE ( 'NONE', #2551, #1389, #2549, .T. ) ;
#2400 = CARTESIAN_POINT ( 'NONE',  ( -5.699274774000003596, -2.800136971000014352, 2.000000000000000000 ) ) ;
#2401 = ORIENTED_EDGE ( 'NONE', *, *, #2156, .F. ) ;
#2402 = EDGE_CURVE ( 'NONE', #1295, #5755, #1202, .T. ) ;
#2403 = DIRECTION ( 'NONE',  ( 0.000000000000000000, 0.000000000000000000, 1.000000000000000000 ) ) ;
#2404 = VERTEX_POINT ( 'NONE', #3628 ) ;
#2405 = ORIENTED_EDGE ( 'NONE', *, *, #4239, .F. ) ;
#2406 = AXIS2_PLACEMENT_3D ( 'NONE', #4949, #3970, #2068 ) ;
#2407 = EDGE_CURVE ( 'NONE', #3847, #1389, #5951, .T. ) ;
#2408 = FACE_OUTER_BOUND ( 'NONE', #117, .T. ) ;
#2409 = VERTEX_POINT ( 'NONE', #3542 ) ;
#2410 = EDGE_CURVE ( 'NONE', #4152, #2884, #5559, .T. ) ;
#2411 = FACE_OUTER_BOUND ( 'NONE', #1839, .T. ) ;
#2412 = AXIS2_PLACEMENT_3D ( 'NONE', #772, #1689, #4064 ) ;
#2413 = PLANE ( 'NONE',  #3426 ) ;
#2414 = CARTESIAN_POINT ( 'NONE',  ( -10.07992469200000407, 7.899979871999986081, 5.400137046524553064 ) ) ;
#2415 = PLANE ( 'NONE',  #2033 ) ;
#2416 = ORIENTED_EDGE ( 'NONE', *, *, #800, .T. ) ;
#2417 = LINE ( 'NONE', #1407, #3656 ) ;
#2418 = CONICAL_SURFACE ( 'NONE', #5866, 0.2999999999495562841, 0.05235987755982995234 ) ;
#2419 = ORIENTED_EDGE ( 'NONE', *, *, #4935, .F. ) ;
#2420 = CARTESIAN_POINT ( 'NONE',  ( -3.469446951953614189E-15, -1.387778780781445676E-14, 5.500000000000000000 ) ) ;
#2421 = CARTESIAN_POINT ( 'NONE',  ( -15.00000000000000178, -13.50000000000000000, 0.000000000000000000 ) ) ;
#2422 = CARTESIAN_POINT ( 'NONE',  ( 5.699274773999996491, 2.800136970999986374, 5.500000000000000000 ) ) ;
#2423 = DIRECTION ( 'NONE',  ( 1.000000000000000000, 0.000000000000000000, -0.000000000000000000 ) ) ;
#2424 = CARTESIAN_POINT ( 'NONE',  ( -13.29971701800000439, -4.350274743000014155, 5.500000000000000000 ) ) ;
#2425 = CARTESIAN_POINT ( 'NONE',  ( 4.069012772463181271, -5.777008608809707901, 5.500000000000000000 ) ) ;
#2426 = EDGE_LOOP ( 'NONE', ( #1653, #5309, #1990, #2489, #1700, #1104 ) ) ;
#2427 = AXIS2_PLACEMENT_3D ( 'NONE', #3472, #1167, #86 ) ;
#2428 = DIRECTION ( 'NONE',  ( 0.05233595624294390403, 0.000000000000000000, 0.9986295347545739443 ) ) ;
#2429 = ORIENTED_EDGE ( 'NONE', *, *, #5226, .F. ) ;
#2430 = DIRECTION ( 'NONE',  ( 1.000000000000000000, 0.000000000000000000, 0.000000000000000000 ) ) ;
#2431 = CONICAL_SURFACE ( 'NONE', #4465, 27.71089732269642170, 0.8377580409572760178 ) ;
#2432 = EDGE_LOOP ( 'NONE', ( #5540, #1730, #6193, #546 ) ) ;
#2433 = DIRECTION ( 'NONE',  ( 0.000000000000000000, 0.000000000000000000, -1.000000000000000000 ) ) ;
#2434 = ORIENTED_EDGE ( 'NONE', *, *, #2873, .F. ) ;
#2435 = CONICAL_SURFACE ( 'NONE', #5987, 0.3000000000147685086, 0.05235987755982995234 ) ;
#2436 = EDGE_CURVE ( 'NONE', #2439, #2092, #4568, .T. ) ;
#2437 = FACE_OUTER_BOUND ( 'NONE', #4910, .T. ) ;
#2438 = ORIENTED_EDGE ( 'NONE', *, *, #2623, .F. ) ;
#2439 = VERTEX_POINT ( 'NONE', #2593 ) ;
#2440 = VECTOR ( 'NONE', #1632, 1000.000000000000114 ) ;
#2441 = VECTOR ( 'NONE', #5216, 1000.000000000000000 ) ;
#2442 = CIRCLE ( 'NONE', #5074, 0.01089732225077483935 ) ;
#2443 = DIRECTION ( 'NONE',  ( -0.000000000000000000, -0.000000000000000000, -1.000000000000000000 ) ) ;
#2444 = AXIS2_PLACEMENT_3D ( 'NONE', #1699, #5469, #6041 ) ;
#2445 = ORIENTED_EDGE ( 'NONE', *, *, #5763, .F. ) ;
#2446 = CIRCLE ( 'NONE', #3355, 0.3000000003992300268 ) ;
#2447 = AXIS2_PLACEMENT_3D ( 'NONE', #2400, #38, #956 ) ;
#2448 = DIRECTION ( 'NONE',  ( -1.000000000000000000, 0.000000000000000000, 0.000000000000000000 ) ) ;
#2449 = ADVANCED_FACE ( 'NONE', ( #5087 ), #525, .T. ) ;
#2450 = PLANE ( 'NONE',  #1502 ) ;
#2451 = LINE ( 'NONE', #5296, #5699 ) ;
#2452 = CARTESIAN_POINT ( 'NONE',  ( -6.912131753737879691, 8.467767434989925235, 2.000000000000000000 ) ) ;
#2453 = EDGE_CURVE ( 'NONE', #4287, #2973, #4520, .T. ) ;
#2454 = VERTEX_POINT ( 'NONE', #2145 ) ;
#2455 = DIRECTION ( 'NONE',  ( 1.165288607607809522E-11, 0.05233595624294390403, -0.9986295347545739443 ) ) ;
#2456 = ORIENTED_EDGE ( 'NONE', *, *, #4380, .F. ) ;
#2457 = CARTESIAN_POINT ( 'NONE',  ( -8.499648350076652648, -13.00032002399658815, 2.000000000000044853 ) ) ;
#2458 = ORIENTED_EDGE ( 'NONE', *, *, #6122, .T. ) ;
#2459 = CIRCLE ( 'NONE', #3167, 0.4781936319859457774 ) ;
#2460 = CARTESIAN_POINT ( 'NONE',  ( 8.343497993012762848, -6.787862303264841302, 2.000000000000000000 ) ) ;
#2461 = LINE ( 'NONE', #3404, #5383 ) ;
#2462 = DIRECTION ( 'NONE',  ( -1.196361017915039486E-16, 1.000000000000000000, 0.000000000000000000 ) ) ;
#2463 = CIRCLE ( 'NONE', #6007, 0.1218063680963818451 ) ;
#2464 = CARTESIAN_POINT ( 'NONE',  ( -12.71085292419166635, 4.349962459999986208, 5.500000000000000000 ) ) ;
#2465 = EDGE_CURVE ( 'NONE', #1805, #2020, #3129, .T. ) ;
#2466 = VERTEX_POINT ( 'NONE', #2658 ) ;
#2467 = CIRCLE ( 'NONE', #3474, 0.1218063681563078676 ) ;
#2468 = LINE ( 'NONE', #4398, #4977 ) ;
#2469 = VERTEX_POINT ( 'NONE', #2178 ) ;
#2470 = CARTESIAN_POINT ( 'NONE',  ( -0.3000000000000034861, 8.477655575999987647, 5.400137046524544182 ) ) ;
#2471 = ORIENTED_EDGE ( 'NONE', *, *, #4463, .T. ) ;
#2472 = DIRECTION ( 'NONE',  ( 0.7431448254773980189, 0.000000000000000000, 0.6691306063588539077 ) ) ;
#2473 = EDGE_LOOP ( 'NONE', ( #2992, #3411, #4974, #5531 ) ) ;
#2474 = AXIS2_PLACEMENT_3D ( 'NONE', #2550, #3564, #4103 ) ;
#2475 = DIRECTION ( 'NONE',  ( 0.7071067567079856175, -0.7071068056651086398, 0.000000000000000000 ) ) ;
#2476 = AXIS2_PLACEMENT_3D ( 'NONE', #4127, #5524, #1194 ) ;
#2477 = ORIENTED_EDGE ( 'NONE', *, *, #3659, .T. ) ;
#2478 = ORIENTED_EDGE ( 'NONE', *, *, #5763, .T. ) ;
#2479 = LINE ( 'NONE', #1458, #2793 ) ;
#2480 = EDGE_CURVE ( 'NONE', #1130, #2878, #6074, .T. ) ;
#2481 = ORIENTED_EDGE ( 'NONE', *, *, #3379, .F. ) ;
#2482 = FACE_OUTER_BOUND ( 'NONE', #4505, .T. ) ;
#2483 = CARTESIAN_POINT ( 'NONE',  ( 4.349384664008891122, -6.521800697944884817, 5.400137046524544182 ) ) ;
#2484 = CARTESIAN_POINT ( 'NONE',  ( -3.469446951953614189E-15, -1.387778780781445676E-14, 2.000000000000000000 ) ) ;
#2485 = DIRECTION ( 'NONE',  ( 0.000000000000000000, 0.000000000000000000, 1.000000000000000000 ) ) ;
#2486 = ORIENTED_EDGE ( 'NONE', *, *, #1489, .F. ) ;
#2487 = CARTESIAN_POINT ( 'NONE',  ( -0.1781936318663535079, 5.869101895342344832, 5.400137046524546847 ) ) ;
#2488 = EDGE_CURVE ( 'NONE', #3854, #4876, #4731, .T. ) ;
#2489 = ORIENTED_EDGE ( 'NONE', *, *, #4588, .F. ) ;
#2490 = CARTESIAN_POINT ( 'NONE',  ( -14.50000000000000533, 14.48332870112990101, 1.499999999999992895 ) ) ;
#2491 = DIRECTION ( 'NONE',  ( -0.05601687975536413788, 0.9970571983926548310, 0.05233595624294390403 ) ) ;
#2492 = CIRCLE ( 'NONE', #6216, 0.5891026781632284770 ) ;
#2493 = EDGE_CURVE ( 'NONE', #5396, #2765, #3691, .T. ) ;
#2494 = DIRECTION ( 'NONE',  ( -0.9999999998687255642, -1.620335923316948746E-05, 0.000000000000000000 ) ) ;
#2495 = CARTESIAN_POINT ( 'NONE',  ( 8.477655575999998305, -0.3000000000000139222, 5.500000000000000000 ) ) ;
#2496 = CARTESIAN_POINT ( 'NONE',  ( -10.01695384496776420, 7.956812559315497246, 5.433449334045576506 ) ) ;
#2497 = ORIENTED_EDGE ( 'NONE', *, *, #684, .F. ) ;
#2498 = DIRECTION ( 'NONE',  ( -0.000000000000000000, -0.000000000000000000, 1.000000000000000000 ) ) ;
#2499 = EDGE_CURVE ( 'NONE', #3814, #5188, #1531, .T. ) ;
#2500 = EDGE_CURVE ( 'NONE', #4624, #199, #5167, .T. ) ;
#2501 = DIRECTION ( 'NONE',  ( -0.03700711084037695831, -0.03700710827815911069, -0.9986295347545739443 ) ) ;
#2502 = VERTEX_POINT ( 'NONE', #1764 ) ;
#2503 = DIRECTION ( 'NONE',  ( 1.000000000000000000, 0.000000000000000000, 0.000000000000000000 ) ) ;
#2504 = ORIENTED_EDGE ( 'NONE', *, *, #5607, .T. ) ;
#2505 = DIRECTION ( 'NONE',  ( 0.000000000000000000, 0.000000000000000000, 1.000000000000000000 ) ) ;
#2506 = VECTOR ( 'NONE', #694, 1000.000000000000114 ) ;
#2507 = ORIENTED_EDGE ( 'NONE', *, *, #871, .F. ) ;
#2508 = ORIENTED_EDGE ( 'NONE', *, *, #5010, .T. ) ;
#2509 = CARTESIAN_POINT ( 'NONE',  ( -6.699999727000003347, 8.679899476999986874, 5.500000000000000000 ) ) ;
#2510 = ORIENTED_EDGE ( 'NONE', *, *, #2339, .F. ) ;
#2511 = CARTESIAN_POINT ( 'NONE',  ( -9.151529599000006954, 7.472091212999985466, 2.000000000000000000 ) ) ;
#2512 = CARTESIAN_POINT ( 'NONE',  ( 7.472416927999992353, -9.151485954000015965, 2.000000000000000000 ) ) ;
#2513 = EDGE_CURVE ( 'NONE', #1370, #4243, #2141, .T. ) ;
#2514 = VECTOR ( 'NONE', #5884, 1000.000000000000000 ) ;
#2515 = PLANE ( 'NONE',  #930 ) ;
#2516 = ORIENTED_EDGE ( 'NONE', *, *, #5200, .F. ) ;
#2517 = CARTESIAN_POINT ( 'NONE',  ( 7.911319267876578465, -13.30001000698993963, 5.500000000000000000 ) ) ;
#2518 = EDGE_LOOP ( 'NONE', ( #3037, #2363, #4342, #6040 ) ) ;
#2519 = CARTESIAN_POINT ( 'NONE',  ( -13.29972587330833456, -3.872081111169124235, 5.400137046524566387 ) ) ;
#2520 = CARTESIAN_POINT ( 'NONE',  ( -15.21089732223601132, -3.761203033288080810, 5.500000000000000000 ) ) ;
#2521 = CONICAL_SURFACE ( 'NONE', #4539, 0.01089732226801018444, 0.8377580409572861209 ) ;
#2522 = AXIS2_PLACEMENT_3D ( 'NONE', #3737, #4692, #5799 ) ;
#2523 = DIRECTION ( 'NONE',  ( 0.7071067567079856175, -0.7071068056651086398, 0.000000000000000000 ) ) ;
#2524 = CARTESIAN_POINT ( 'NONE',  ( 5.930327863627364415, -0.1187983507194791816, 4.266807572899276479 ) ) ;
#2525 = ADVANCED_FACE ( 'NONE', ( #5622 ), #3215, .T. ) ;
#2526 = CARTESIAN_POINT ( 'NONE',  ( 5.270084710141685669, 2.589269621622801942, 5.400137046524544182 ) ) ;
#2527 = ORIENTED_EDGE ( 'NONE', *, *, #1826, .T. ) ;
#2528 = VECTOR ( 'NONE', #5429, 1000.000000000000000 ) ;
#2529 = DIRECTION ( 'NONE',  ( 1.000000000000000000, 0.000000000000000000, 0.000000000000000000 ) ) ;
#2530 = ORIENTED_EDGE ( 'NONE', *, *, #949, .T. ) ;
#2531 = DIRECTION ( 'NONE',  ( -1.000000000000000000, 0.000000000000000000, 0.000000000000000000 ) ) ;
#2532 = AXIS2_PLACEMENT_3D ( 'NONE', #5064, #1208, #4057 ) ;
#2533 = EDGE_CURVE ( 'NONE', #456, #2237, #334, .T. ) ;
#2534 = DIRECTION ( 'NONE',  ( 0.6663412544728543052, -0.7456469222008113018, 2.914706149337924589E-18 ) ) ;
#2535 = ORIENTED_EDGE ( 'NONE', *, *, #2323, .T. ) ;
#2536 = LINE ( 'NONE', #1121, #835 ) ;
#2537 = ORIENTED_EDGE ( 'NONE', *, *, #3996, .F. ) ;
#2538 = DIRECTION ( 'NONE',  ( 0.05233595624294390403, 0.000000000000000000, 0.9986295347545739443 ) ) ;
#2539 = EDGE_LOOP ( 'NONE', ( #169, #557, #3324, #4627 ) ) ;
#2540 = ORIENTED_EDGE ( 'NONE', *, *, #1985, .T. ) ;
#2541 = EDGE_CURVE ( 'NONE', #581, #5411, #6091, .T. ) ;
#2542 = CARTESIAN_POINT ( 'NONE',  ( -3.138270930958393823, -5.361140814176015290, 5.400137046524078777 ) ) ;
#2543 = VECTOR ( 'NONE', #2151, 1000.000000000000000 ) ;
#2544 = EDGE_LOOP ( 'NONE', ( #3402, #3555, #6058, #2223 ) ) ;
#2545 = CARTESIAN_POINT ( 'NONE',  ( 6.432526034125275238, -7.987953378454261788, 2.000000000000000000 ) ) ;
#2546 = VECTOR ( 'NONE', #3495, 1000.000000000000000 ) ;
#2547 = SURFACE_SIDE_STYLE ('',( #936 ) ) ;
#2548 = DIRECTION ( 'NONE',  ( -0.9999999998687254532, -1.620336785301418686E-05, 0.000000000000000000 ) ) ;
#2549 = CIRCLE ( 'NONE', #2654, 27.71089732279889262 ) ;
#2550 = CARTESIAN_POINT ( 'NONE',  ( -13.29995560200000249, 4.349962459999986208, 5.500000000000000000 ) ) ;
#2551 = VERTEX_POINT ( 'NONE', #1317 ) ;
#2552 = LINE ( 'NONE', #6008, #2340 ) ;
#2553 = DIRECTION ( 'NONE',  ( -0.05233595623262595614, -1.039230077631861893E-06, -0.9986295347545739443 ) ) ;
#2554 = CONICAL_SURFACE ( 'NONE', #2756, 0.5891026777767298661, 0.8377580409572866760 ) ;
#2555 = AXIS2_PLACEMENT_3D ( 'NONE', #508, #5348, #5224 ) ;
#2556 = DIRECTION ( 'NONE',  ( -8.932092207467539659E-17, 1.000000000000000000, 0.000000000000000000 ) ) ;
#2557 = CARTESIAN_POINT ( 'NONE',  ( -15.50000000000000711, 14.48332870112990101, 2.000000000000000000 ) ) ;
#2558 = FACE_OUTER_BOUND ( 'NONE', #3805, .T. ) ;
#2559 = B_SPLINE_CURVE_WITH_KNOTS ( 'NONE', 3,
 ( #3713, #2383, #3843, #6221, #2353, #851, #1314, #5649, #5265, #397 ),
 .UNSPECIFIED., .F., .F.,
 ( 4, 3, 3, 4 ),
 ( 0.0001000002719043378358, 0.0002215504887627861217, 0.001107752467856823204, 0.003504809135485386588 ),
 .UNSPECIFIED. ) ;
#2560 = CARTESIAN_POINT ( 'NONE',  ( -6.786129832642849635, 8.593769364808805378, 5.400137046524543294 ) ) ;
#2561 = ORIENTED_EDGE ( 'NONE', *, *, #5506, .T. ) ;
#2562 = CARTESIAN_POINT ( 'NONE',  ( -14.99999592300000373, -14.99999592300001439, 5.500000000000000000 ) ) ;
#2563 = VECTOR ( 'NONE', #3383, 1000.000000000000000 ) ;
#2564 = ORIENTED_EDGE ( 'NONE', *, *, #4537, .F. ) ;
#2565 = EDGE_CURVE ( 'NONE', #4387, #422, #883, .T. ) ;
#2566 = CARTESIAN_POINT ( 'NONE',  ( -13.50000000000000355, -15.49999999999999822, 2.000000000000000000 ) ) ;
#2567 = AXIS2_PLACEMENT_3D ( 'NONE', #487, #5806, #4756 ) ;
#2568 = LINE ( 'NONE', #98, #5898 ) ;
#2569 = EDGE_LOOP ( 'NONE', ( #4554, #5980, #5728, #446 ) ) ;
#2570 = DIRECTION ( 'NONE',  ( -0.7431448253174044449, -1.542009855163357419E-05, 0.6691306063588668973 ) ) ;
#2571 = EDGE_CURVE ( 'NONE', #3446, #1259, #3188, .T. ) ;
#2572 = VERTEX_POINT ( 'NONE', #1818 ) ;
#2573 = EDGE_CURVE ( 'NONE', #3642, #2439, #4677, .T. ) ;
#2574 = CARTESIAN_POINT ( 'NONE',  ( 4.005945949494297942, -14.15116817680332595, 2.848831823196685153 ) ) ;
#2575 = VERTEX_POINT ( 'NONE', #2270 ) ;
#2576 = EDGE_LOOP ( 'NONE', ( #5533, #4747, #5278, #4296 ) ) ;
#2577 = DIRECTION ( 'NONE',  ( -1.000000000000000000, 0.000000000000000000, 0.000000000000000000 ) ) ;
#2578 = EDGE_CURVE ( 'NONE', #374, #5160, #2244, .T. ) ;
#2579 = ORIENTED_EDGE ( 'NONE', *, *, #2801, .T. ) ;
#2580 = ADVANCED_FACE ( 'NONE', ( #4760 ), #2036, .F. ) ;
#2581 = DIRECTION ( 'NONE',  ( -0.000000000000000000, -0.000000000000000000, -1.000000000000000000 ) ) ;
#2582 = CONICAL_SURFACE ( 'NONE', #2476, 0.5891026779436085992, 0.8377580409572865650 ) ;
#2583 = PLANE ( 'NONE',  #3830 ) ;
#2584 = DIRECTION ( 'NONE',  ( 0.5254827456031865296, -0.5254827453943354820, -0.6691306063588549069 ) ) ;
#2585 = CIRCLE ( 'NONE', #4197, 0.5891026778083365834 ) ;
#2586 = PLANE ( 'NONE',  #1874 ) ;
#2587 = DIRECTION ( 'NONE',  ( -0.03700710955926805878, 0.03700710955926805878, -0.9986295347545739443 ) ) ;
#2588 = DIRECTION ( 'NONE',  ( -0.05226442537537351329, -0.05226527225882859201, -0.9972646444930716170 ) ) ;
#2589 = CARTESIAN_POINT ( 'NONE',  ( -12.69964404000000435, -8.500221414000012743, 5.500000000000000000 ) ) ;
#2590 = CARTESIAN_POINT ( 'NONE',  ( -12.69964178458580228, -8.622027782157738685, 5.400137046524552176 ) ) ;
#2591 = DIRECTION ( 'NONE',  ( 0.6691306062136610500, 1.393986693703194157E-05, -0.7431448254773886930 ) ) ;
#2592 = ORIENTED_EDGE ( 'NONE', *, *, #1371, .T. ) ;
#2593 = CARTESIAN_POINT ( 'NONE',  ( -4.349639349923354992, -13.00026441601621841, 2.000000000000000000 ) ) ;
#2594 = EDGE_LOOP ( 'NONE', ( #2122, #3769, #5789, #2809 ) ) ;
#2595 = CIRCLE ( 'NONE', #3498, 0.5891026779436085992 ) ;
#2596 = CARTESIAN_POINT ( 'NONE',  ( -8.728260421999999963, 7.495871411999987188, 2.000000000000000000 ) ) ;
#2597 = LINE ( 'NONE', #2292, #1747 ) ;
#2598 = EDGE_CURVE ( 'NONE', #4250, #1801, #783, .T. ) ;
#2599 = ORIENTED_EDGE ( 'NONE', *, *, #5946, .F. ) ;
#2600 = CARTESIAN_POINT ( 'NONE',  ( -5.487142739410919567, -3.012269005591804660, 2.000000000000000000 ) ) ;
#2601 = ORIENTED_EDGE ( 'NONE', *, *, #4951, .T. ) ;
#2602 = CARTESIAN_POINT ( 'NONE',  ( -15.50000000000000000, 4.049926811792508907, 2.000000000000000000 ) ) ;
#2603 = EDGE_CURVE ( 'NONE', #2404, #3586, #3785, .T. ) ;
#2604 = ORIENTED_EDGE ( 'NONE', *, *, #3157, .F. ) ;
#2605 = ORIENTED_EDGE ( 'NONE', *, *, #3679, .T. ) ;
#2606 = EDGE_CURVE ( 'NONE', #362, #5036, #3453, .T. ) ;
#2607 = DIRECTION ( 'NONE',  ( 1.333819470390682457E-06, -0.05233595622594722913, -0.9986295347545739443 ) ) ;
#2608 = ORIENTED_EDGE ( 'NONE', *, *, #3531, .F. ) ;
#2609 = DIRECTION ( 'NONE',  ( 1.000000000000000000, 0.000000000000000000, 0.000000000000000000 ) ) ;
#2610 = CIRCLE ( 'NONE', #6146, 0.2999999997797585527 ) ;
#2611 = DIRECTION ( 'NONE',  ( -0.000000000000000000, -0.000000000000000000, 1.000000000000000000 ) ) ;
#2612 = ADVANCED_FACE ( 'NONE', ( #6194 ), #1378, .F. ) ;
#2613 = CARTESIAN_POINT ( 'NONE',  ( -10.67954268100000448, -8.500184006000015557, 2.000000000000000000 ) ) ;
#2614 = EDGE_CURVE ( 'NONE', #2176, #3433, #4261, .T. ) ;
#2615 = FACE_OUTER_BOUND ( 'NONE', #6232, .T. ) ;
#2616 = AXIS2_PLACEMENT_3D ( 'NONE', #368, #6155, #3743 ) ;
#2617 = LINE ( 'NONE', #1722, #132 ) ;
#2618 = DIRECTION ( 'NONE',  ( 0.9999999998687201241, 1.620369089684678009E-05, -0.000000000000000000 ) ) ;
#2619 = DIRECTION ( 'NONE',  ( -0.000000000000000000, -0.000000000000000000, -1.000000000000000000 ) ) ;
#2620 = CARTESIAN_POINT ( 'NONE',  ( -14.50000000000000533, 14.48332870112990101, 0.4999999999999970024 ) ) ;
#2621 = FACE_OUTER_BOUND ( 'NONE', #6024, .T. ) ;
#2622 = ORIENTED_EDGE ( 'NONE', *, *, #3370, .T. ) ;
#2623 = EDGE_CURVE ( 'NONE', #3532, #5988, #5299, .T. ) ;
#2624 = DIRECTION ( 'NONE',  ( -0.05233595624294390403, -0.000000000000000000, -0.9986295347545739443 ) ) ;
#2625 = AXIS2_PLACEMENT_3D ( 'NONE', #5040, #2165, #4569 ) ;
#2626 = VECTOR ( 'NONE', #4671, 1000.000000000000000 ) ;
#2627 = ORIENTED_EDGE ( 'NONE', *, *, #574, .T. ) ;
#2628 = FACE_OUTER_BOUND ( 'NONE', #6211, .T. ) ;
#2629 = CONICAL_SURFACE ( 'NONE', #2522, 0.3000000001796092608, 0.05235987755982995234 ) ;
#2630 = DIRECTION ( 'NONE',  ( 1.000000000000000000, 0.000000000000000000, -0.000000000000000000 ) ) ;
#2631 = ORIENTED_EDGE ( 'NONE', *, *, #2642, .T. ) ;
#2632 = CARTESIAN_POINT ( 'NONE',  ( -13.29972257347444575, -4.050274743005182643, 2.000000000000002220 ) ) ;
#2633 = AXIS2_PLACEMENT_3D ( 'NONE', #1366, #4782, #6150 ) ;
#2634 = ORIENTED_EDGE ( 'NONE', *, *, #1189, .T. ) ;
#2635 = DIRECTION ( 'NONE',  ( 1.000000000000000000, -1.731651965481161116E-10, 0.000000000000000000 ) ) ;
#2636 = ORIENTED_EDGE ( 'NONE', *, *, #3493, .T. ) ;
#2637 = EDGE_LOOP ( 'NONE', ( #3455, #2799, #1619, #2933 ) ) ;
#2638 = AXIS2_PLACEMENT_3D ( 'NONE', #5463, #5974, #3912 ) ;
#2639 = FACE_OUTER_BOUND ( 'NONE', #895, .T. ) ;
#2640 = AXIS2_PLACEMENT_3D ( 'NONE', #696, #2142, #283 ) ;
#2641 = ORIENTED_EDGE ( 'NONE', *, *, #2135, .F. ) ;
#2642 = EDGE_CURVE ( 'NONE', #2206, #51, #1435, .T. ) ;
#2643 = FACE_OUTER_BOUND ( 'NONE', #1970, .T. ) ;
#2644 = LINE ( 'NONE', #2677, #102 ) ;
#2645 = CARTESIAN_POINT ( 'NONE',  ( -14.99999592300000373, -14.99999592300001439, 5.400137046524543294 ) ) ;
#2646 = CONICAL_SURFACE ( 'NONE', #824, 31.00000000000006750, 0.7853981633974552734 ) ;
#2647 = LINE ( 'NONE', #1219, #2173 ) ;
#2648 = DIRECTION ( 'NONE',  ( 1.000000000000000000, 0.000000000000000000, 0.000000000000000000 ) ) ;
#2649 = CARTESIAN_POINT ( 'NONE',  ( -14.99999592300000373, -14.99999592300001439, 5.500000000000000000 ) ) ;
#2650 = ADVANCED_FACE ( 'NONE', ( #4792 ), #5481, .F. ) ;
#2651 = DIRECTION ( 'NONE',  ( -1.000000000000000000, 0.000000000000000000, 0.000000000000000000 ) ) ;
#2652 = EDGE_CURVE ( 'NONE', #581, #4183, #1038, .T. ) ;
#2653 = CARTESIAN_POINT ( 'NONE',  ( -12.70003164975509158, 8.199931351986254668, 1.999999999999760636 ) ) ;
#2654 = AXIS2_PLACEMENT_3D ( 'NONE', #2562, #4492, #161 ) ;
#2655 = CARTESIAN_POINT ( 'NONE',  ( -6.787862303154558852, 8.343497992992499945, 2.000000000000000000 ) ) ;
#2656 = EDGE_LOOP ( 'NONE', ( #1625, #3581, #4803, #2149 ) ) ;
#2657 = AXIS2_PLACEMENT_3D ( 'NONE', #2229, #4635, #5104 ) ;
#2658 = CARTESIAN_POINT ( 'NONE',  ( -12.70002629580951492, 7.910828674276411121, 5.500000000000000000 ) ) ;
#2659 = CIRCLE ( 'NONE', #5170, 0.1218063681463817799 ) ;
#2660 = CIRCLE ( 'NONE', #4067, 0.3000000004738101467 ) ;
#2661 = EDGE_LOOP ( 'NONE', ( #4432, #2129, #585, #5260 ) ) ;
#2662 = VECTOR ( 'NONE', #4828, 1000.000000000000114 ) ;
#2663 = CARTESIAN_POINT ( 'NONE',  ( -15.50000000000000355, -13.50000000000000000, 1.499999999999996225 ) ) ;
#2664 = EDGE_CURVE ( 'NONE', #2757, #6145, #3740, .T. ) ;
#2665 = CARTESIAN_POINT ( 'NONE',  ( -15.50000000000007461, -15.50000000000006573, 2.000000000000000000 ) ) ;
#2666 = CIRCLE ( 'NONE', #31, 0.3000000000127319155 ) ;
#2667 = DIRECTION ( 'NONE',  ( 0.000000000000000000, 0.000000000000000000, 1.000000000000000000 ) ) ;
#2668 = VECTOR ( 'NONE', #134, 1000.000000000000114 ) ;
#2669 = FACE_OUTER_BOUND ( 'NONE', #2039, .T. ) ;
#2670 = ORIENTED_EDGE ( 'NONE', *, *, #882, .F. ) ;
#2671 = VECTOR ( 'NONE', #6077, 1000.000000000000114 ) ;
#2672 = DIRECTION ( 'NONE',  ( -0.03700710956329921614, -0.03700710955523690837, -0.9986295347545739443 ) ) ;
#2673 = EDGE_LOOP ( 'NONE', ( #3328, #697, #3908, #513 ) ) ;
#2674 = ORIENTED_EDGE ( 'NONE', *, *, #2222, .T. ) ;
#2675 = DIRECTION ( 'NONE',  ( -1.000000000000000000, 0.000000000000000000, 0.000000000000000000 ) ) ;
#2676 = VERTEX_POINT ( 'NONE', #593 ) ;
#2677 = CARTESIAN_POINT ( 'NONE',  ( 4.044449749774184255, -15.49399043419433930, 2.114669346571679043 ) ) ;
#2678 = CARTESIAN_POINT ( 'NONE',  ( 4.350407448284315137, -13.00000185097782790, 2.000000000000325517 ) ) ;
#2679 = EDGE_CURVE ( 'NONE', #1111, #3113, #5877, .T. ) ;
#2680 = LINE ( 'NONE', #748, #3485 ) ;
#2681 = DIRECTION ( 'NONE',  ( -0.000000000000000000, -0.000000000000000000, -1.000000000000000000 ) ) ;
#2682 = DIRECTION ( 'NONE',  ( -0.7071067811865512365, 0.000000000000000000, 0.7071067811865439090 ) ) ;
#2683 = FACE_OUTER_BOUND ( 'NONE', #3484, .T. ) ;
#2684 = DIRECTION ( 'NONE',  ( -0.6767889836201482767, -0.7361770654200024966, 0.000000000000000000 ) ) ;
#2685 = VECTOR ( 'NONE', #5077, 1000.000000000000000 ) ;
#2686 = DIRECTION ( 'NONE',  ( 0.000000000000000000, -1.000000000000000000, 0.000000000000000000 ) ) ;
#2687 = VERTEX_POINT ( 'NONE', #6223 ) ;
#2688 = AXIS2_PLACEMENT_3D ( 'NONE', #3634, #3166, #290 ) ;
#2689 = EDGE_CURVE ( 'NONE', #1787, #1712, #1533, .T. ) ;
#2690 = DIRECTION ( 'NONE',  ( -1.000000000000000000, 0.000000000000000000, 0.000000000000000000 ) ) ;
#2691 = ORIENTED_EDGE ( 'NONE', *, *, #882, .T. ) ;
#2692 = ADVANCED_FACE ( 'NONE', ( #1879 ), #1466, .T. ) ;
#2693 = FACE_OUTER_BOUND ( 'NONE', #4717, .T. ) ;
#2694 = CARTESIAN_POINT ( 'NONE',  ( -6.786129832642848747, 8.593769364808805378, 5.400137046524543294 ) ) ;
#2695 = DIRECTION ( 'NONE',  ( 1.000000000000000000, 0.000000000000000000, 0.000000000000000000 ) ) ;
#2696 = EDGE_CURVE ( 'NONE', #4948, #583, #3399, .T. ) ;
#2697 = EDGE_CURVE ( 'NONE', #3854, #2744, #4896, .T. ) ;
#2698 = CARTESIAN_POINT ( 'NONE',  ( -6.399994330000002840, -4.349384664000013778, 5.400137046524544182 ) ) ;
#2699 = VERTEX_POINT ( 'NONE', #4317 ) ;
#2700 = FACE_OUTER_BOUND ( 'NONE', #2432, .T. ) ;
#2701 = ORIENTED_EDGE ( 'NONE', *, *, #3227, .T. ) ;
#2702 = ORIENTED_EDGE ( 'NONE', *, *, #1677, .F. ) ;
#2703 = ADVANCED_FACE ( 'NONE', ( #1908 ), #2435, .T. ) ;
#2704 = DIRECTION ( 'NONE',  ( -1.000000000000000000, 0.000000000000000000, 0.000000000000000000 ) ) ;
#2705 = ORIENTED_EDGE ( 'NONE', *, *, #6079, .T. ) ;
#2706 = CARTESIAN_POINT ( 'NONE',  ( -13.50000000000000355, -15.49999999999999822, 2.000000000000000000 ) ) ;
#2707 = DIRECTION ( 'NONE',  ( 0.03501917693546803545, 0.03889356711110106973, -0.9986295347545739443 ) ) ;
#2708 = CARTESIAN_POINT ( 'NONE',  ( 8.593769364957342560, -6.786129832890437363, 5.400137046524211115 ) ) ;
#2709 = DIRECTION ( 'NONE',  ( 0.000000000000000000, 0.000000000000000000, 1.000000000000000000 ) ) ;
#2710 = DIRECTION ( 'NONE',  ( -0.7071067813823205261, 0.7071067809907745083, -0.000000000000000000 ) ) ;
#2711 = CARTESIAN_POINT ( 'NONE',  ( -9.000687046062955332, 7.191007295353450068, 5.500000000000000000 ) ) ;
#2712 = CARTESIAN_POINT ( 'NONE',  ( 7.906013760051529893, -10.07054703070788726, 5.500000000000000000 ) ) ;
#2713 = PLANE ( 'NONE',  #6202 ) ;
#2714 = DIRECTION ( 'NONE',  ( 0.05607295254125860273, 0.9984266743198050298, -0.000000000000000000 ) ) ;
#2715 = AXIS2_PLACEMENT_3D ( 'NONE', #6069, #2231, #4164 ) ;
#2716 = ORIENTED_EDGE ( 'NONE', *, *, #5928, .T. ) ;
#2717 = DIRECTION ( 'NONE',  ( 1.157361500644497695E-05, -0.9999999999330256850, 0.000000000000000000 ) ) ;
#2718 = ORIENTED_EDGE ( 'NONE', *, *, #5664, .T. ) ;
#2719 = CARTESIAN_POINT ( 'NONE',  ( 11.42726392699999671, -6.710897049236016265, 5.500000000000000000 ) ) ;
#2720 = ADVANCED_FACE ( 'NONE', ( #1944 ), #641, .T. ) ;
#2721 = FACE_OUTER_BOUND ( 'NONE', #6142, .T. ) ;
#2722 = DIRECTION ( 'NONE',  ( 0.000000000000000000, 0.000000000000000000, 1.000000000000000000 ) ) ;
#2723 = CONICAL_SURFACE ( 'NONE', #3629, 0.5891026778102586015, 0.8377580409572886744 ) ;
#2724 = DIRECTION ( 'NONE',  ( -0.000000000000000000, -0.000000000000000000, -1.000000000000000000 ) ) ;
#2725 = VERTEX_POINT ( 'NONE', #2898 ) ;
#2726 = ORIENTED_EDGE ( 'NONE', *, *, #1327, .F. ) ;
#2727 = EDGE_CURVE ( 'NONE', #1532, #76, #3248, .T. ) ;
#2728 = EDGE_CURVE ( 'NONE', #869, #1922, #2417, .T. ) ;
#2729 = FACE_OUTER_BOUND ( 'NONE', #6015, .T. ) ;
#2730 = ORIENTED_EDGE ( 'NONE', *, *, #265, .T. ) ;
#2731 = ORIENTED_EDGE ( 'NONE', *, *, #592, .F. ) ;
#2732 = DIRECTION ( 'NONE',  ( 0.04435831504361336525, 0.02777394826730406399, -0.9986295347545739443 ) ) ;
#2733 = VERTEX_POINT ( 'NONE', #19 ) ;
#2734 = EDGE_CURVE ( 'NONE', #2757, #4349, #4410, .T. ) ;
#2735 = CARTESIAN_POINT ( 'NONE',  ( -8.704448048000003268, 7.072134619999985716, 2.000000000000000000 ) ) ;
#2736 = DIRECTION ( 'NONE',  ( 0.000000000000000000, 0.000000000000000000, 1.000000000000000000 ) ) ;
#2737 = CARTESIAN_POINT ( 'NONE',  ( -4.349643223825371940, -12.71116173827277862, 5.500000000000000000 ) ) ;
#2738 = DIRECTION ( 'NONE',  ( -2.083280424562703126E-05, 0.9999999997829970289, 2.120456638983191274E-22 ) ) ;
#2739 = CARTESIAN_POINT ( 'NONE',  ( 4.349384663999996015, -6.399994330000013498, 2.000000000000000000 ) ) ;
#2740 = LINE ( 'NONE', #4133, #2821 ) ;
#2741 = VECTOR ( 'NONE', #5985, 1000.000000000000000 ) ;
#2742 = DIRECTION ( 'NONE',  ( -8.966005913573198166E-06, 0.6691306062987950609, -0.7431448254773882489 ) ) ;
#2743 = CARTESIAN_POINT ( 'NONE',  ( -15.21089732223601132, -8.500221414000012743, 5.500000000000000000 ) ) ;
#2744 = VERTEX_POINT ( 'NONE', #2868 ) ;
#2745 = EDGE_LOOP ( 'NONE', ( #4564, #4706, #2338, #110 ) ) ;
#2746 = CARTESIAN_POINT ( 'NONE',  ( -8.510549692257084686, -12.70032015010883164, 5.500000000000000000 ) ) ;
#2747 = ORIENTED_EDGE ( 'NONE', *, *, #1261, .F. ) ;
#2748 = DIRECTION ( 'NONE',  ( -1.000000000000000000, 0.000000000000000000, 0.000000000000000000 ) ) ;
#2749 = DIRECTION ( 'NONE',  ( -3.463272106474435838E-10, -1.000000000000000000, 0.000000000000000000 ) ) ;
#2750 = DIRECTION ( 'NONE',  ( 1.000000000000000000, 0.000000000000000000, 0.000000000000000000 ) ) ;
#2751 = AXIS2_PLACEMENT_3D ( 'NONE', #2420, #492, #5813 ) ;
#2752 = AXIS2_PLACEMENT_3D ( 'NONE', #6047, #3636, #5565 ) ;
#2753 = VECTOR ( 'NONE', #3001, 1000.000000000000000 ) ;
#2754 = EDGE_CURVE ( 'NONE', #4948, #5638, #264, .T. ) ;
#2755 = DIRECTION ( 'NONE',  ( 1.985712777636717435E-05, -0.9999999998028472614, 0.000000000000000000 ) ) ;
#2756 = AXIS2_PLACEMENT_3D ( 'NONE', #5822, #2498, #5279 ) ;
#2757 = VERTEX_POINT ( 'NONE', #82 ) ;
#2758 = CONICAL_SURFACE ( 'NONE', #2555, 0.5891026778531175401, 0.8377580409572878972 ) ;
#2759 = CARTESIAN_POINT ( 'NONE',  ( 2.800136970999997033, 5.699274773999986721, 5.500000000000000000 ) ) ;
#2760 = ORIENTED_EDGE ( 'NONE', *, *, #3370, .F. ) ;
#2761 = VERTEX_POINT ( 'NONE', #2003 ) ;
#2762 = ADVANCED_FACE ( 'NONE', ( #247 ), #3104, .F. ) ;
#2763 = LINE ( 'NONE', #3174, #4075 ) ;
#2764 = CIRCLE ( 'NONE', #1343, 0.4781936322746900836 ) ;
#2765 = VERTEX_POINT ( 'NONE', #626 ) ;
#2766 = EDGE_CURVE ( 'NONE', #3882, #1740, #564, .T. ) ;
#2767 = DIRECTION ( 'NONE',  ( -0.7071067810640088158, -0.7071067813090862186, -0.000000000000000000 ) ) ;
#2768 = CONICAL_SURFACE ( 'NONE', #2567, 0.4999999999999987232, 0.7853981633974533860 ) ;
#2769 = ADVANCED_FACE ( 'NONE', ( #2615 ), #2586, .T. ) ;
#2770 = CARTESIAN_POINT ( 'NONE',  ( 6.049999999701888953, 2.115069444295616082E-10, 2.000000000000000000 ) ) ;
#2771 = ORIENTED_EDGE ( 'NONE', *, *, #1481, .T. ) ;
#2772 = ADVANCED_FACE ( 'NONE', ( #6034 ), #116, .F. ) ;
#2773 = CARTESIAN_POINT ( 'NONE',  ( 8.131365950999994041, -6.999994330000014031, 5.400137046524544182 ) ) ;
#2774 = FACE_OUTER_BOUND ( 'NONE', #1885, .T. ) ;
#2775 = DIRECTION ( 'NONE',  ( 0.7071067813823205261, -0.7071067809907745083, 0.000000000000000000 ) ) ;
#2776 = CARTESIAN_POINT ( 'NONE',  ( -13.50000000000000355, -15.49999999999999822, 1.499999999999996225 ) ) ;
#2777 = ORIENTED_EDGE ( 'NONE', *, *, #174, .T. ) ;
#2778 = EDGE_LOOP ( 'NONE', ( #4519, #5147, #388, #4275 ) ) ;
#2779 = DIRECTION ( 'NONE',  ( 0.7361562438362134753, 0.6768116315940184702, -0.000000000000000000 ) ) ;
#2780 = VERTEX_POINT ( 'NONE', #6006 ) ;
#2781 = AXIS2_PLACEMENT_3D ( 'NONE', #5461, #4448, #5432 ) ;
#2782 = CARTESIAN_POINT ( 'NONE',  ( 14.48332870112989212, -14.50000000000000000, 0.000000000000000000 ) ) ;
#2783 = DIRECTION ( 'NONE',  ( 0.05233595624643946204, 0.000000000000000000, 0.9986295347543906464 ) ) ;
#2784 = CIRCLE ( 'NONE', #5510, 27.71089732269642170 ) ;
#2785 = DIRECTION ( 'NONE',  ( -0.7431448252578992664, -1.806214322985900093E-05, 0.6691306063588523534 ) ) ;
#2786 = EDGE_LOOP ( 'NONE', ( #4231, #4213, #4744 ) ) ;
#2787 = AXIS2_PLACEMENT_3D ( 'NONE', #272, #6055, #1686 ) ;
#2788 = DIRECTION ( 'NONE',  ( 0.7431448255062587105, 1.306838414713219758E-05, 0.6691306061991856291 ) ) ;
#2789 = VERTEX_POINT ( 'NONE', #1102 ) ;
#2790 = DIRECTION ( 'NONE',  ( -0.000000000000000000, -0.000000000000000000, -1.000000000000000000 ) ) ;
#2791 = EDGE_LOOP ( 'NONE', ( #6090, #952, #2162, #1073 ) ) ;
#2792 = FACE_OUTER_BOUND ( 'NONE', #856, .T. ) ;
#2793 = VECTOR ( 'NONE', #454, 1000.000000000000114 ) ;
#2794 = ORIENTED_EDGE ( 'NONE', *, *, #1761, .T. ) ;
#2795 = EDGE_CURVE ( 'NONE', #414, #1084, #182, .T. ) ;
#2796 = DIRECTION ( 'NONE',  ( -1.000000000000000000, 0.000000000000000000, 0.000000000000000000 ) ) ;
#2797 = EDGE_CURVE ( 'NONE', #4049, #985, #3121, .T. ) ;
#2798 = DIRECTION ( 'NONE',  ( 0.000000000000000000, 0.000000000000000000, 1.000000000000000000 ) ) ;
#2799 = ORIENTED_EDGE ( 'NONE', *, *, #3693, .F. ) ;
#2800 = CARTESIAN_POINT ( 'NONE',  ( -5.439559934000004482, -6.399994330000013498, 5.500000000000000000 ) ) ;
#2801 = EDGE_CURVE ( 'NONE', #3433, #3702, #2492, .T. ) ;
#2802 = CARTESIAN_POINT ( 'NONE',  ( -15.50000000000007461, -15.50000000000006573, 1.499999999999992673 ) ) ;
#2803 = DIRECTION ( 'NONE',  ( 0.7071067810640088158, 0.7071067813090862186, 0.000000000000000000 ) ) ;
#2804 = CARTESIAN_POINT ( 'NONE',  ( -6.486124438565234129, -4.263254555434782489, 5.400137046526186424 ) ) ;
#2805 = ADVANCED_FACE ( 'NONE', ( #213 ), #1569, .T. ) ;
#2806 = ORIENTED_EDGE ( 'NONE', *, *, #4180, .F. ) ;
#2807 = EDGE_LOOP ( 'NONE', ( #4059, #6230, #6120, #3002 ) ) ;
#2808 = DIRECTION ( 'NONE',  ( 0.9999999997801694018, 2.096809632237549059E-05, 0.000000000000000000 ) ) ;
#2809 = ORIENTED_EDGE ( 'NONE', *, *, #2513, .T. ) ;
#2810 = CARTESIAN_POINT ( 'NONE',  ( -12.82183246218711759, 7.899931911842394072, 5.400137046524553064 ) ) ;
#2811 = DIRECTION ( 'NONE',  ( -0.05233595625426984421, 3.130634894895762134E-18, -0.9986295347539801970 ) ) ;
#2812 = LINE ( 'NONE', #28, #2441 ) ;
#2813 = ADVANCED_FACE ( 'NONE', ( #2102 ), #1470, .F. ) ;
#2814 = ORIENTED_EDGE ( 'NONE', *, *, #3421, .T. ) ;
#2815 = ORIENTED_EDGE ( 'NONE', *, *, #3108, .F. ) ;
#2816 = CARTESIAN_POINT ( 'NONE',  ( 7.072588557999996084, -8.704193965000012412, 2.000000000000000000 ) ) ;
#2817 = ORIENTED_EDGE ( 'NONE', *, *, #4718, .T. ) ;
#2818 = EDGE_LOOP ( 'NONE', ( #1675, #3699, #1928, #1086 ) ) ;
#2819 = CARTESIAN_POINT ( 'NONE',  ( 8.022161497151836684, -10.07985747954353783, 5.400137046524333684 ) ) ;
#2820 = AXIS2_PLACEMENT_3D ( 'NONE', #13, #6218, #1372 ) ;
#2821 = VECTOR ( 'NONE', #1280, 1000.000000000000114 ) ;
#2822 = ORIENTED_EDGE ( 'NONE', *, *, #4004, .T. ) ;
#2823 = CARTESIAN_POINT ( 'NONE',  ( -6.219805092363929866, -8.189393073812988533, 5.500000000000000000 ) ) ;
#2824 = VERTEX_POINT ( 'NONE', #4037 ) ;
#2825 = DIRECTION ( 'NONE',  ( 1.000000000000000000, 0.000000000000000000, 0.000000000000000000 ) ) ;
#2826 = EDGE_CURVE ( 'NONE', #3892, #1370, #2647, .T. ) ;
#2827 = VERTEX_POINT ( 'NONE', #1165 ) ;
#2828 = AXIS2_PLACEMENT_3D ( 'NONE', #4336, #3388, #2312 ) ;
#2829 = FACE_OUTER_BOUND ( 'NONE', #6214, .T. ) ;
#2830 = CARTESIAN_POINT ( 'NONE',  ( 15.48277299116755401, -14.46666666666666501, 1.499999999999992673 ) ) ;
#2831 = CARTESIAN_POINT ( 'NONE',  ( 4.050459440779428100, -15.49999999999999822, 2.000000000000000000 ) ) ;
#2832 = CARTESIAN_POINT ( 'NONE',  ( -5.110172095762194999, -2.800136971000014352, 5.500000000000000000 ) ) ;
#2833 = EDGE_LOOP ( 'NONE', ( #5925, #782, #5355, #2605, #2814, #2074, #2379, #5729, #2843, #5833, #3927, #2718, #619, #6171, #4703, #3202, #382, #5062, #682, #3552, #1716, #5423 ) ) ;
#2834 = DIRECTION ( 'NONE',  ( -1.084238551505860941E-05, 0.6691306062710156155, -0.7431448254773936890 ) ) ;
#2835 = EDGE_CURVE ( 'NONE', #3824, #5901, #1691, .T. ) ;
#2836 = ORIENTED_EDGE ( 'NONE', *, *, #660, .T. ) ;
#2837 = DIRECTION ( 'NONE',  ( 1.000000000000000000, 0.000000000000000000, 0.000000000000000000 ) ) ;
#2838 = VECTOR ( 'NONE', #4820, 999.9999999999998863 ) ;
#2839 = ADVANCED_FACE ( 'NONE', ( #4071 ), #3149, .F. ) ;
#2840 = CARTESIAN_POINT ( 'NONE',  ( -13.29971701800000439, -4.350274743000014155, 5.400137046524553064 ) ) ;
#2841 = FACE_OUTER_BOUND ( 'NONE', #3031, .T. ) ;
#2842 = DIRECTION ( 'NONE',  ( -0.6663412544728543052, 0.7456469222008113018, 0.000000000000000000 ) ) ;
#2843 = ORIENTED_EDGE ( 'NONE', *, *, #560, .T. ) ;
#2844 = VECTOR ( 'NONE', #4050, 1000.000000000000000 ) ;
#2845 = EDGE_CURVE ( 'NONE', #3309, #1922, #5017, .T. ) ;
#2846 = EDGE_LOOP ( 'NONE', ( #284, #1580, #5484, #1060 ) ) ;
#2847 = CONICAL_SURFACE ( 'NONE', #126, 0.01089732219873400243, 0.8377580409572851217 ) ;
#2848 = DIRECTION ( 'NONE',  ( -8.480182998158592395E-07, 0.05233595623607352476, -0.9986295347545739443 ) ) ;
#2849 = ORIENTED_EDGE ( 'NONE', *, *, #1473, .F. ) ;
#2850 = B_SPLINE_CURVE_WITH_KNOTS ( 'NONE', 3,
 ( #829, #1328, #4687, #1800, #3261, #5192, #4714, #36, #1583, #545 ),
 .UNSPECIFIED., .F., .F.,
 ( 4, 3, 3, 4 ),
 ( 0.0001000002718946883145, 0.0002215504887300295822, 0.001107752467692200982, 0.003504809135274438141 ),
 .UNSPECIFIED. ) ;
#2851 = ORIENTED_EDGE ( 'NONE', *, *, #3273, .T. ) ;
#2853 = DIRECTION ( 'NONE',  ( -0.000000000000000000, -0.000000000000000000, -1.000000000000000000 ) ) ;
#2852 = AXIS2_PLACEMENT_3D ( 'NONE', #214, #5047, #719 ) ;
#2854 = AXIS2_PLACEMENT_3D ( 'NONE', #5121, #5720, #4559 ) ;
#2855 = ORIENTED_EDGE ( 'NONE', *, *, #2971, .F. ) ;
#2856 = DIRECTION ( 'NONE',  ( 0.6669900080347026528, 0.3277019389867927845, 0.6691306063588509101 ) ) ;
#2857 = VERTEX_POINT ( 'NONE', #5550 ) ;
#2858 = CIRCLE ( 'NONE', #140, 0.5891026779436072669 ) ;
#2859 = CARTESIAN_POINT ( 'NONE',  ( 3.138270930541423365, 5.361140813661568139, 5.400137046524544182 ) ) ;
#2860 = ORIENTED_EDGE ( 'NONE', *, *, #3342, .T. ) ;
#2861 = LINE ( 'NONE', #2925, #4137 ) ;
#2862 = VECTOR ( 'NONE', #4673, 1000.000000000000000 ) ;
#2863 = CARTESIAN_POINT ( 'NONE',  ( -13.29972257347444575, -4.050274743005138234, 2.000000000000000000 ) ) ;
#2864 = EDGE_CURVE ( 'NONE', #6081, #3390, #4953, .T. ) ;
#2865 = CARTESIAN_POINT ( 'NONE',  ( -8.045569477985173634, -6.372099252637219102, 3.595845034411432106 ) ) ;
#2866 = FACE_OUTER_BOUND ( 'NONE', #4374, .T. ) ;
#2867 = ORIENTED_EDGE ( 'NONE', *, *, #5545, .F. ) ;
#2868 = CARTESIAN_POINT ( 'NONE',  ( 7.072588557999995196, -8.704193965000015965, 2.000000000000000000 ) ) ;
#2869 = ORIENTED_EDGE ( 'NONE', *, *, #3331, .T. ) ;
#2870 = DIRECTION ( 'NONE',  ( 0.000000000000000000, 0.7071067811865451302, 0.7071067811865500152 ) ) ;
#2871 = CARTESIAN_POINT ( 'NONE',  ( 5.585312744999996859, 3.534703078999986037, 5.500000000000000000 ) ) ;
#2872 = DIRECTION ( 'NONE',  ( 0.000000000000000000, 0.000000000000000000, -1.000000000000000000 ) ) ;
#2873 = EDGE_CURVE ( 'NONE', #1055, #1124, #4710, .T. ) ;
#2874 = DIRECTION ( 'NONE',  ( -0.9986295347545739443, 7.170595740775625576E-11, 0.05233595624294390403 ) ) ;
#2875 = ORIENTED_EDGE ( 'NONE', *, *, #141, .T. ) ;
#2876 = EDGE_CURVE ( 'NONE', #3702, #456, #5525, .T. ) ;
#2877 = DIRECTION ( 'NONE',  ( -0.000000000000000000, -0.000000000000000000, -1.000000000000000000 ) ) ;
#2878 = VERTEX_POINT ( 'NONE', #808 ) ;
#2879 = VECTOR ( 'NONE', #1703, 1000.000000000000000 ) ;
#2880 = EDGE_CURVE ( 'NONE', #6195, #125, #6064, .T. ) ;
#2881 = LINE ( 'NONE', #4806, #2052 ) ;
#2882 = CIRCLE ( 'NONE', #1459, 0.2999999999204142620 ) ;
#2883 = EDGE_CURVE ( 'NONE', #3702, #2857, #2680, .T. ) ;
#2884 = VERTEX_POINT ( 'NONE', #2770 ) ;
#2885 = CARTESIAN_POINT ( 'NONE',  ( -12.71054136224387854, -8.500220534645288595, 5.500000000000000000 ) ) ;
#2886 = ORIENTED_EDGE ( 'NONE', *, *, #4622, .F. ) ;
#2887 = CARTESIAN_POINT ( 'NONE',  ( -3.200049641715647840E-10, -6.410891651830135096, 5.500000000000000000 ) ) ;
#2888 = ORIENTED_EDGE ( 'NONE', *, *, #3844, .T. ) ;
#2889 = EDGE_CURVE ( 'NONE', #5290, #5396, #3143, .T. ) ;
#2890 = DIRECTION ( 'NONE',  ( -0.7456787297131749481, 0.6663056596287816324, 0.000000000000000000 ) ) ;
#2891 = VECTOR ( 'NONE', #1041, 1000.000000000000000 ) ;
#2892 = VERTEX_POINT ( 'NONE', #1308 ) ;
#2893 = LINE ( 'NONE', #1033, #5547 ) ;
#2894 = DIRECTION ( 'NONE',  ( -0.7431448264428468509, -1.475672106337597882E-05, -0.6691306051238953279 ) ) ;
#2895 = FACE_OUTER_BOUND ( 'NONE', #1398, .T. ) ;
#2896 = CARTESIAN_POINT ( 'NONE',  ( -8.704448048000003268, 7.072134619999985716, 2.000000000000000000 ) ) ;
#2897 = ORIENTED_EDGE ( 'NONE', *, *, #1426, .F. ) ;
#2898 = CARTESIAN_POINT ( 'NONE',  ( -5.439559933969146499, -6.521800697944883041, 5.400137046524544182 ) ) ;
#2899 = ORIENTED_EDGE ( 'NONE', *, *, #4667, .T. ) ;
#2900 = DIRECTION ( 'NONE',  ( 0.4731467728764537362, 0.4731468056351698648, -0.7431448254773980189 ) ) ;
#2901 = CARTESIAN_POINT ( 'NONE',  ( -5.447265505152991238, -6.407699899390757459, 5.500000000000000000 ) ) ;
#2902 = DIRECTION ( 'NONE',  ( 1.000000000000000000, 0.000000000000000000, 0.000000000000000000 ) ) ;
#2903 = DIRECTION ( 'NONE',  ( -0.05233595624294390403, 3.757949989104847266E-12, -0.9986295347545739443 ) ) ;
#2904 = DIRECTION ( 'NONE',  ( 0.000000000000000000, -0.05233595624979545807, 0.9986295347542147871 ) ) ;
#2905 = ORIENTED_EDGE ( 'NONE', *, *, #3459, .F. ) ;
#2906 = CARTESIAN_POINT ( 'NONE',  ( -8.137325300367285408, 6.276797360201796572, 5.433449323317961266 ) ) ;
#2907 = AXIS2_PLACEMENT_3D ( 'NONE', #3572, #4168, #3156 ) ;
#2908 = ADVANCED_FACE ( 'NONE', ( #2197 ), #3590, .T. ) ;
#2909 = ORIENTED_EDGE ( 'NONE', *, *, #3693, .T. ) ;
#2910 = AXIS2_PLACEMENT_3D ( 'NONE', #5048, #720, #1693 ) ;
#2911 = CARTESIAN_POINT ( 'NONE',  ( -7.912007221119845113, -10.02527234586199789, 5.500000000000000000 ) ) ;
#2912 = VERTEX_POINT ( 'NONE', #4720 ) ;
#2913 = CIRCLE ( 'NONE', #3313, 0.01089732220453925454 ) ;
#2914 = DIRECTION ( 'NONE',  ( 1.000000000000000000, 0.000000000000000000, 0.000000000000000000 ) ) ;
#2915 = EDGE_CURVE ( 'NONE', #3630, #3642, #4128, .T. ) ;
#2916 = ORIENTED_EDGE ( 'NONE', *, *, #4547, .T. ) ;
#2917 = CARTESIAN_POINT ( 'NONE',  ( -8.499675750000003305, -10.68021935800001465, 2.000000000000000000 ) ) ;
#2918 = ORIENTED_EDGE ( 'NONE', *, *, #410, .F. ) ;
#2919 = VERTEX_POINT ( 'NONE', #3650 ) ;
#2920 = CIRCLE ( 'NONE', #200, 0.5000000000000004441 ) ;
#2921 = VECTOR ( 'NONE', #3335, 1000.000000000000000 ) ;
#2922 = CARTESIAN_POINT ( 'NONE',  ( -9.006616161751736627, 7.296514812636743841, 5.500000000000000000 ) ) ;
#2923 = VERTEX_POINT ( 'NONE', #1721 ) ;
#2924 = EDGE_CURVE ( 'NONE', #5025, #5143, #1249, .T. ) ;
#2925 = CARTESIAN_POINT ( 'NONE',  ( -8.621482118014682783, -10.68022076770762041, 5.400137046524545958 ) ) ;
#2926 = VECTOR ( 'NONE', #7, 1000.000000000000000 ) ;
#2927 = CARTESIAN_POINT ( 'NONE',  ( 11.43766054588273740, -6.696734463318465558, 5.500000000000000000 ) ) ;
#2928 = CARTESIAN_POINT ( 'NONE',  ( -4.049589503275984548, -15.49999999999999822, 2.000000000000000000 ) ) ;
#2929 = PLANE ( 'NONE',  #4970 ) ;
#2930 = ORIENTED_EDGE ( 'NONE', *, *, #4550, .T. ) ;
#2931 = CARTESIAN_POINT ( 'NONE',  ( -14.15102716955142270, -4.005795756560384113, 2.848972830448587956 ) ) ;
#2932 = AXIS2_PLACEMENT_3D ( 'NONE', #5831, #5961, #991 ) ;
#2933 = ORIENTED_EDGE ( 'NONE', *, *, #3818, .F. ) ;
#2934 = DIRECTION ( 'NONE',  ( 7.012748911907938930E-07, -0.05233595623824553733, -0.9986295347545739443 ) ) ;
#2935 = VERTEX_POINT ( 'NONE', #2708 ) ;
#2936 = CARTESIAN_POINT ( 'NONE',  ( -6.399994330000002840, -4.349384664000013778, 5.500000000000000000 ) ) ;
#2937 = DIRECTION ( 'NONE',  ( -0.05233595624294390403, 1.812536574218541948E-11, -0.9986295347545739443 ) ) ;
#2938 = DIRECTION ( 'NONE',  ( -1.000000000000000000, 2.226554535850134995E-10, 0.000000000000000000 ) ) ;
#2939 = ORIENTED_EDGE ( 'NONE', *, *, #3803, .T. ) ;
#2940 = VECTOR ( 'NONE', #2710, 1000.000000000000000 ) ;
#2941 = DIRECTION ( 'NONE',  ( -0.000000000000000000, -0.000000000000000000, -1.000000000000000000 ) ) ;
#2942 = VECTOR ( 'NONE', #1849, 1000.000000000000114 ) ;
#2943 = ORIENTED_EDGE ( 'NONE', *, *, #3818, .T. ) ;
#2944 = CARTESIAN_POINT ( 'NONE',  ( -5.044722235433840574E-11, 8.477655575938456423, 2.000000000000000000 ) ) ;
#2945 = CIRCLE ( 'NONE', #3745, 1.499999999999997780 ) ;
#2946 = ADVANCED_FACE ( 'NONE', ( #4190 ), #762, .T. ) ;
#2947 = EDGE_LOOP ( 'NONE', ( #3278, #46, #4689, #1128 ) ) ;
#2948 = DIRECTION ( 'NONE',  ( -8.932092207467539659E-17, 1.000000000000000000, 0.000000000000000000 ) ) ;
#2949 = EDGE_LOOP ( 'NONE', ( #2939, #6026, #5820, #2726 ) ) ;
#2950 = VECTOR ( 'NONE', #6134, 1000.000000000000114 ) ;
#2951 = FACE_OUTER_BOUND ( 'NONE', #5711, .T. ) ;
#2952 = EDGE_CURVE ( 'NONE', #606, #2935, #3006, .T. ) ;
#2953 = EDGE_LOOP ( 'NONE', ( #1786, #2356, #1284, #4883 ) ) ;
#2954 = EDGE_LOOP ( 'NONE', ( #4999, #2343, #1418 ) ) ;
#2955 = AXIS2_PLACEMENT_3D ( 'NONE', #6065, #690, #6035 ) ;
#2956 = VECTOR ( 'NONE', #5723, 1000.000000000000000 ) ;
#2957 = VECTOR ( 'NONE', #168, 1000.000000000000114 ) ;
#2958 = EDGE_CURVE ( 'NONE', #5123, #2409, #1277, .T. ) ;
#2959 = CARTESIAN_POINT ( 'NONE',  ( -6.401748789571647613, -8.017108819856115787, 2.797922499111094474 ) ) ;
#2960 = CIRCLE ( 'NONE', #535, 0.01089732179551747976 ) ;
#2961 = ORIENTED_EDGE ( 'NONE', *, *, #4194, .F. ) ;
#2962 = AXIS2_PLACEMENT_3D ( 'NONE', #951, #3920, #3380 ) ;
#2963 = CIRCLE ( 'NONE', #4678, 0.2999999995595163393 ) ;
#2964 = DIRECTION ( 'NONE',  ( 8.932092207467539659E-17, -1.000000000000000000, -1.414403787789728565E-33 ) ) ;
#2965 = CARTESIAN_POINT ( 'NONE',  ( 7.308296136949627986, -8.895907183457271827, 5.400137046524545958 ) ) ;
#2966 = EDGE_CURVE ( 'NONE', #1389, #3423, #4916, .T. ) ;
#2967 = VECTOR ( 'NONE', #3513, 1000.000000000000227 ) ;
#2968 = CARTESIAN_POINT ( 'NONE',  ( 4.050413607918408765, -13.30000497597609943, 2.000000000000000000 ) ) ;
#2969 = FACE_OUTER_BOUND ( 'NONE', #699, .T. ) ;
#2970 = ORIENTED_EDGE ( 'NONE', *, *, #2493, .F. ) ;
#2971 = EDGE_CURVE ( 'NONE', #3330, #4183, #4616, .T. ) ;
#2972 = DIRECTION ( 'NONE',  ( -0.7071067812433913247, -0.7071067811297037098, 0.000000000000000000 ) ) ;
#2973 = VERTEX_POINT ( 'NONE', #4217 ) ;
#2974 = DIRECTION ( 'NONE',  ( 0.000000000000000000, 0.000000000000000000, -1.000000000000000000 ) ) ;
#2975 = PLANE ( 'NONE',  #5360 ) ;
#2976 = AXIS2_PLACEMENT_3D ( 'NONE', #4242, #4776, #890 ) ;
#2977 = CARTESIAN_POINT ( 'NONE',  ( -9.925355019386220334, 8.051388307566590186, 3.595845821157706013 ) ) ;
#2978 = CARTESIAN_POINT ( 'NONE',  ( -6.696734465970707539, 11.43766054675040245, 5.500000000000000000 ) ) ;
#2979 = VECTOR ( 'NONE', #5078, 1000.000000000000114 ) ;
#2980 = LINE ( 'NONE', #1082, #3514 ) ;
#2981 = ORIENTED_EDGE ( 'NONE', *, *, #5090, .T. ) ;
#2982 = CIRCLE ( 'NONE', #3579, 0.3000000000891187568 ) ;
#2983 = CARTESIAN_POINT ( 'NONE',  ( -4.349384664000003120, -6.399994330000013498, 2.000000000000000000 ) ) ;
#2984 = FACE_OUTER_BOUND ( 'NONE', #5620, .T. ) ;
#2985 = ORIENTED_EDGE ( 'NONE', *, *, #3344, .F. ) ;
#2986 = CARTESIAN_POINT ( 'NONE',  ( -8.189397409712700693, 6.219963361859526252, 5.500000000000000000 ) ) ;
#2987 = ORIENTED_EDGE ( 'NONE', *, *, #3551, .F. ) ;
#2988 = PRODUCT_RELATED_PRODUCT_CATEGORY ( 'part', '', ( #519 ) ) ;
#2989 = AXIS2_PLACEMENT_3D ( 'NONE', #1665, #3594, #2073 ) ;
#2990 = DIRECTION ( 'NONE',  ( -0.03704717769565625540, 0.7066213648853154616, 0.7066213648853254536 ) ) ;
#2991 = AXIS2_PLACEMENT_3D ( 'NONE', #4621, #2241, #1795 ) ;
#2992 = ORIENTED_EDGE ( 'NONE', *, *, #5660, .F. ) ;
#2993 = ORIENTED_EDGE ( 'NONE', *, *, #5864, .F. ) ;
#2994 = DIRECTION ( 'NONE',  ( 1.000000000000000000, 0.000000000000000000, 0.000000000000000000 ) ) ;
#2995 = VERTEX_POINT ( 'NONE', #5612 ) ;
#2996 = EDGE_CURVE ( 'NONE', #2857, #3385, #2228, .T. ) ;
#2997 = DIRECTION ( 'NONE',  ( -1.000000000000000000, 0.000000000000000000, 0.000000000000000000 ) ) ;
#2998 = LINE ( 'NONE', #112, #1014 ) ;
#2999 = CARTESIAN_POINT ( 'NONE',  ( -6.399994330000002840, 4.349384663999985356, 2.000000000000000000 ) ) ;
#3000 = ORIENTED_EDGE ( 'NONE', *, *, #2402, .T. ) ;
#3001 = DIRECTION ( 'NONE',  ( -0.03700710960288142171, -0.03700710951565470974, -0.9986295347545739443 ) ) ;
#3002 = ORIENTED_EDGE ( 'NONE', *, *, #1894, .T. ) ;
#3003 = FACE_OUTER_BOUND ( 'NONE', #4501, .T. ) ;
#3004 = DIRECTION ( 'NONE',  ( -0.7066220497523304500, 0.03702104276780561476, -0.7066220497523405530 ) ) ;
#3005 = ADVANCED_FACE ( 'NONE', ( #1754 ), #275, .T. ) ;
#3006 = CIRCLE ( 'NONE', #4399, 0.1218063682227685934 ) ;
#3007 = DIRECTION ( 'NONE',  ( -0.4731467892495219152, 0.4731467892620960791, -0.7431448254774019047 ) ) ;
#3008 = DIRECTION ( 'NONE',  ( -0.7061377403631403649, -0.7061376914731113397, 0.05233595624294390403 ) ) ;
#3009 = CARTESIAN_POINT ( 'NONE',  ( -13.00002609402291931, 7.899928373428677375, 2.000000000000000000 ) ) ;
#3010 = CARTESIAN_POINT ( 'NONE',  ( -10.07061161904442947, 7.905638343919243027, 5.500000000000000000 ) ) ;
#3011 = ORIENTED_EDGE ( 'NONE', *, *, #99, .F. ) ;
#3012 = DIRECTION ( 'NONE',  ( 0.7071067567079855065, -0.7071068056651087508, 0.000000000000000000 ) ) ;
#3013 = ORIENTED_EDGE ( 'NONE', *, *, #4904, .F. ) ;
#3014 = EDGE_CURVE ( 'NONE', #5290, #5758, #3801, .T. ) ;
#3015 = CARTESIAN_POINT ( 'NONE',  ( 5.885312744559513476, 3.534703078999986037, 2.000000000000000000 ) ) ;
#3016 = VERTEX_POINT ( 'NONE', #5134 ) ;
#3017 = DIRECTION ( 'NONE',  ( -0.7071067812433913247, -0.7071067811297035988, 0.000000000000000000 ) ) ;
#3018 = ORIENTED_EDGE ( 'NONE', *, *, #5043, .T. ) ;
#3019 = CARTESIAN_POINT ( 'NONE',  ( -5.399274773820393669, 2.800136970999986374, 2.000000000000000000 ) ) ;
#3020 = VECTOR ( 'NONE', #3152, 1000.000000000000000 ) ;
#3021 = ORIENTED_EDGE ( 'NONE', *, *, #2689, .T. ) ;
#3022 = EDGE_LOOP ( 'NONE', ( #1895, #3011, #3831, #4925 ) ) ;
#3023 = CARTESIAN_POINT ( 'NONE',  ( -8.621478444355119564, -10.55519495238367078, 4.393767082369929966 ) ) ;
#3024 = ORIENTED_EDGE ( 'NONE', *, *, #5313, .T. ) ;
#3025 = CARTESIAN_POINT ( 'NONE',  ( 3.012269005232963259, 5.487142739267018676, 2.000000000000000000 ) ) ;
#3026 = CARTESIAN_POINT ( 'NONE',  ( -8.078286790553445229, -6.220231067218919385, 5.400137046524553064 ) ) ;
#3027 = AXIS2_PLACEMENT_3D ( 'NONE', #1312, #4611, #2291 ) ;
#3028 = DIRECTION ( 'NONE',  ( -0.000000000000000000, -0.000000000000000000, -1.000000000000000000 ) ) ;
#3029 = EDGE_CURVE ( 'NONE', #5025, #5519, #3300, .T. ) ;
#3030 = DIRECTION ( 'NONE',  ( -0.7061376914731063437, -0.7061377403631453609, 0.05233595624294390403 ) ) ;
#3031 = EDGE_LOOP ( 'NONE', ( #2049, #2028, #2888, #431 ) ) ;
#3032 = CARTESIAN_POINT ( 'NONE',  ( 4.350413607999995769, -13.30000185100001531, 5.500000000000000000 ) ) ;
#3033 = FACE_OUTER_BOUND ( 'NONE', #6114, .T. ) ;
#3034 = DIRECTION ( 'NONE',  ( 1.000000000000000000, 0.000000000000000000, 0.000000000000000000 ) ) ;
#3035 = CARTESIAN_POINT ( 'NONE',  ( -8.499650737779655074, -12.82212639214623806, 5.400137046524545958 ) ) ;
#3036 = CARTESIAN_POINT ( 'NONE',  ( 8.477655575991086323, -0.1781936321953739299, 5.400137046524544182 ) ) ;
#3037 = ORIENTED_EDGE ( 'NONE', *, *, #4960, .T. ) ;
#3038 = EDGE_CURVE ( 'NONE', #5900, #4897, #6097, .T. ) ;
#3039 = CONICAL_SURFACE ( 'NONE', #309, 0.2999999995595163393, 0.05235987755982995234 ) ;
#3040 = DIRECTION ( 'NONE',  ( 0.04993126047142630586, 0.01568188584316057219, -0.9986295347545739443 ) ) ;
#3041 = ORIENTED_EDGE ( 'NONE', *, *, #4924, .F. ) ;
#3042 = EDGE_CURVE ( 'NONE', #5919, #4201, #3836, .T. ) ;
#3043 = DIRECTION ( 'NONE',  ( 1.000000000000000000, 0.000000000000000000, 0.000000000000000000 ) ) ;
#3044 = VECTOR ( 'NONE', #61, 1000.000000000000114 ) ;
#3045 = DIRECTION ( 'NONE',  ( -0.7256356752079727856, -0.2539088605218416395, 0.6395179101588706061 ) ) ;
#3046 = EDGE_CURVE ( 'NONE', #2699, #669, #876, .T. ) ;
#3047 = ORIENTED_EDGE ( 'NONE', *, *, #6165, .F. ) ;
#3048 = EDGE_CURVE ( 'NONE', #3301, #1162, #5869, .T. ) ;
#3049 = CARTESIAN_POINT ( 'NONE',  ( 6.303728809543226674, -8.111248127529684382, 5.400137046526350737 ) ) ;
#3050 = ORIENTED_EDGE ( 'NONE', *, *, #706, .T. ) ;
#3051 = CARTESIAN_POINT ( 'NONE',  ( 0.9822446046913971829, 0.9822445366848712167, 5.500000000000000000 ) ) ;
#3052 = VERTEX_POINT ( 'NONE', #5834 ) ;
#3053 = EDGE_LOOP ( 'NONE', ( #3116, #1467, #4614, #1889 ) ) ;
#3054 = PLANE ( 'NONE',  #1566 ) ;
#3055 = ORIENTED_EDGE ( 'NONE', *, *, #1925, .F. ) ;
#3056 = DIRECTION ( 'NONE',  ( 1.654604557350830735E-10, 0.7431448254773993511, -0.6691306063588524644 ) ) ;
#3057 = AXIS2_PLACEMENT_3D ( 'NONE', #4446, #3028, #5909 ) ;
#3058 = LINE ( 'NONE', #5837, #5653 ) ;
#3059 = AXIS2_PLACEMENT_3D ( 'NONE', #582, #5448, #2503 ) ;
#3060 = DIRECTION ( 'NONE',  ( 1.000000000000000000, 0.000000000000000000, -0.000000000000000000 ) ) ;
#3061 = AXIS2_PLACEMENT_3D ( 'NONE', #1173, #192, #698 ) ;
#3062 = CARTESIAN_POINT ( 'NONE',  ( 2.800136970999997033, 5.699274773999986721, 2.000000000000000000 ) ) ;
#3063 = CARTESIAN_POINT ( 'NONE',  ( 6.220397233431199879, -8.189191500750668595, 5.500000000000000000 ) ) ;
#3064 = CARTESIAN_POINT ( 'NONE',  ( -13.29995560200000249, 4.349962459999986208, 5.500000000000000000 ) ) ;
#3065 = AXIS2_PLACEMENT_3D ( 'NONE', #3855, #1053, #5376 ) ;
#3066 = VECTOR ( 'NONE', #5067, 999.9999999999998863 ) ;
#3067 = LINE ( 'NONE', #4989, #4124 ) ;
#3068 = EDGE_CURVE ( 'NONE', #3921, #1558, #1490, .T. ) ;
#3069 = CARTESIAN_POINT ( 'NONE',  ( 8.200409494848964087, -12.69995518381152344, 2.000000000000109690 ) ) ;
#3070 = FACE_OUTER_BOUND ( 'NONE', #1850, .T. ) ;
#3071 = ORIENTED_EDGE ( 'NONE', *, *, #5128, .F. ) ;
#3072 = DIRECTION ( 'NONE',  ( -2.074952712614012515E-05, 0.9999999997847285327, -0.000000000000000000 ) ) ;
#3073 = CIRCLE ( 'NONE', #3465, 5.760897322533535814 ) ;
#3074 = ORIENTED_EDGE ( 'NONE', *, *, #3959, .T. ) ;
#3075 = LINE ( 'NONE', #4965, #2543 ) ;
#3076 = ADVANCED_FACE ( 'NONE', ( #2408 ), #1359, .T. ) ;
#3077 = AXIS2_PLACEMENT_3D ( 'NONE', #2484, #4415, #3466 ) ;
#3078 = EDGE_CURVE ( 'NONE', #3139, #2575, #2479, .T. ) ;
#3079 = CARTESIAN_POINT ( 'NONE',  ( -5.110172095762194999, -2.800136971000014352, 5.500000000000000000 ) ) ;
#3080 = VERTEX_POINT ( 'NONE', #961 ) ;
#3081 = CARTESIAN_POINT ( 'NONE',  ( -4.349643223825371940, -12.71116173827277862, 5.500000000000000000 ) ) ;
#3082 = VERTEX_POINT ( 'NONE', #2377 ) ;
#3083 = EDGE_CURVE ( 'NONE', #115, #362, #6215, .T. ) ;
#3084 = EDGE_CURVE ( 'NONE', #5900, #4884, #4208, .T. ) ;
#3085 = CARTESIAN_POINT ( 'NONE',  ( -6.612126364341861517, -5.651691968406094446, 2.000000000000000000 ) ) ;
#3086 = VERTEX_POINT ( 'NONE', #5229 ) ;
#3087 = ORIENTED_EDGE ( 'NONE', *, *, #2573, .T. ) ;
#3088 = DIRECTION ( 'NONE',  ( -1.196361017915039486E-16, 1.000000000000000000, 0.000000000000000000 ) ) ;
#3089 = VERTEX_POINT ( 'NONE', #10 ) ;
#3090 = DIRECTION ( 'NONE',  ( -0.000000000000000000, -0.000000000000000000, -1.000000000000000000 ) ) ;
#3091 = VECTOR ( 'NONE', #3193, 999.9999999999998863 ) ;
#3092 = EDGE_CURVE ( 'NONE', #5621, #2439, #1397, .T. ) ;
#3093 = DIRECTION ( 'NONE',  ( -7.180436279143188066E-11, -1.000000000000000000, 0.000000000000000000 ) ) ;
#3094 = DIRECTION ( 'NONE',  ( 1.097385371625676820E-06, -0.05233595623143886405, -0.9986295347545739443 ) ) ;
#3095 = VECTOR ( 'NONE', #387, 1000.000000000000000 ) ;
#3096 = DIRECTION ( 'NONE',  ( -0.6691306062148305589, -1.388414366757407476E-05, -0.7431448254773789230 ) ) ;
#3097 = CARTESIAN_POINT ( 'NONE',  ( 3.322571044975517918, 5.797444778940154642, 2.000000000000000000 ) ) ;
#3098 = LINE ( 'NONE', #2041, #4344 ) ;
#3099 = CARTESIAN_POINT ( 'NONE',  ( 11.71347973669846354, -6.610108068893673305, 2.000000000000000000 ) ) ;
#3100 = CARTESIAN_POINT ( 'NONE',  ( -14.50000000000000533, 14.48332870112990101, 2.000000000000000000 ) ) ;
#3101 = DIRECTION ( 'NONE',  ( -0.4731467893378044076, 0.4731467891738155851, -0.7431448254774006834 ) ) ;
#3102 = ORIENTED_EDGE ( 'NONE', *, *, #1757, .F. ) ;
#3103 = DIRECTION ( 'NONE',  ( 1.196361017915039486E-16, -1.000000000000000000, 0.000000000000000000 ) ) ;
#3104 = CONICAL_SURFACE ( 'NONE', #1682, 0.3000000000443481252, 0.05235987755982995234 ) ;
#3105 = ORIENTED_EDGE ( 'NONE', *, *, #3679, .F. ) ;
#3106 = DIRECTION ( 'NONE',  ( 1.000000000000000000, 0.000000000000000000, 0.000000000000000000 ) ) ;
#3107 = ORIENTED_EDGE ( 'NONE', *, *, #3774, .F. ) ;
#3108 = EDGE_CURVE ( 'NONE', #4859, #1621, #4341, .T. ) ;
#3109 = DIRECTION ( 'NONE',  ( -1.376243549233887940E-05, 0.7431448253499690626, -0.6691306063588478015 ) ) ;
#3110 = ORIENTED_EDGE ( 'NONE', *, *, #4529, .T. ) ;
#3111 = CARTESIAN_POINT ( 'NONE',  ( 5.593018315094877124, 3.526997508907092183, 5.500000000000000000 ) ) ;
#3112 = ORIENTED_EDGE ( 'NONE', *, *, #1603, .F. ) ;
#3113 = VERTEX_POINT ( 'NONE', #899 ) ;
#3114 = EDGE_CURVE ( 'NONE', #4352, #4897, #2882, .T. ) ;
#3115 = CARTESIAN_POINT ( 'NONE',  ( 7.900417141715677438, -12.99992741403472429, 2.000000000000109690 ) ) ;
#3116 = ORIENTED_EDGE ( 'NONE', *, *, #1938, .T. ) ;
#3117 = EDGE_CURVE ( 'NONE', #1091, #5900, #420, .T. ) ;
#3118 = PLANE ( 'NONE',  #2625 ) ;
#3119 = PLANE ( 'NONE',  #1307 ) ;
#3120 = CARTESIAN_POINT ( 'NONE',  ( -5.170541225736279500, 2.540362453195059267, 5.500000000000000000 ) ) ;
#3121 = LINE ( 'NONE', #4543, #4907 ) ;
#3122 = DIRECTION ( 'NONE',  ( -0.6767889836201482767, -0.7361770654200024966, 0.000000000000000000 ) ) ;
#3123 = DIRECTION ( 'NONE',  ( 1.000000000000000000, 0.000000000000000000, 0.000000000000000000 ) ) ;
#3124 = EDGE_CURVE ( 'NONE', #1031, #1124, #4281, .T. ) ;
#3125 = PLANE ( 'NONE',  #83 ) ;
#3126 = CARTESIAN_POINT ( 'NONE',  ( 8.679899476991959517, -6.710897049325133423, 5.500000000000000000 ) ) ;
#3127 = DIRECTION ( 'NONE',  ( 1.000000000000000000, 0.000000000000000000, 0.000000000000000000 ) ) ;
#3128 = ORIENTED_EDGE ( 'NONE', *, *, #472, .F. ) ;
#3129 = LINE ( 'NONE', #257, #4870 ) ;
#3130 = ORIENTED_EDGE ( 'NONE', *, *, #1152, .F. ) ;
#3131 = DIRECTION ( 'NONE',  ( -0.000000000000000000, -0.000000000000000000, 1.000000000000000000 ) ) ;
#3132 = VECTOR ( 'NONE', #2070, 1000.000000000000000 ) ;
#3133 = FACE_OUTER_BOUND ( 'NONE', #326, .T. ) ;
#3134 = CARTESIAN_POINT ( 'NONE',  ( -0.2891026777640016698, 5.753638640241806712, 5.500000000000000000 ) ) ;
#3135 = CIRCLE ( 'NONE', #2121, 6.049999999785586446 ) ;
#3136 = ORIENTED_EDGE ( 'NONE', *, *, #905, .F. ) ;
#3137 = EDGE_CURVE ( 'NONE', #2206, #1816, #4849, .T. ) ;
#3138 = DIRECTION ( 'NONE',  ( 1.000000000000000000, 0.000000000000000000, 0.000000000000000000 ) ) ;
#3139 = VERTEX_POINT ( 'NONE', #3807 ) ;
#3140 = ORIENTED_EDGE ( 'NONE', *, *, #6122, .F. ) ;
#3141 = DIRECTION ( 'NONE',  ( 0.000000000000000000, 0.000000000000000000, 1.000000000000000000 ) ) ;
#3142 = VECTOR ( 'NONE', #4701, 1000.000000000000000 ) ;
#3143 = B_SPLINE_CURVE_WITH_KNOTS ( 'NONE', 3,
 ( #4634, #3270, #5641, #4665, #4607, #5582, #3778, #5672, #277, #4695 ),
 .UNSPECIFIED., .F., .F.,
 ( 4, 3, 3, 4 ),
 ( 0.0001000001521105679477, 0.0002215504885145142054, 0.001107752456005542613, 0.003504806526245560216 ),
 .UNSPECIFIED. ) ;
#3144 = ORIENTED_EDGE ( 'NONE', *, *, #4718, .F. ) ;
#3145 = EDGE_CURVE ( 'NONE', #5123, #463, #931, .T. ) ;
#3146 = DIRECTION ( 'NONE',  ( 0.05226551355919260844, -0.05226442471442695886, -0.9972646318814599731 ) ) ;
#3147 = CARTESIAN_POINT ( 'NONE',  ( 6.220397233431199879, -8.189191500750668595, 5.500000000000000000 ) ) ;
#3148 = AXIS2_PLACEMENT_3D ( 'NONE', #5923, #4086, #6044 ) ;
#3149 = PLANE ( 'NONE',  #6021 ) ;
#3150 = LINE ( 'NONE', #5462, #2979 ) ;
#3151 = DIRECTION ( 'NONE',  ( 1.000000000000000000, 4.417031716353529510E-15, 0.000000000000000000 ) ) ;
#3152 = DIRECTION ( 'NONE',  ( -0.05233595624294390403, -0.000000000000000000, -0.9986295347545739443 ) ) ;
#3153 = ADVANCED_FACE ( 'NONE', ( #4442 ), #5304, .T. ) ;
#3154 = FACE_OUTER_BOUND ( 'NONE', #3925, .T. ) ;
#3155 = VECTOR ( 'NONE', #2455, 1000.000000000000000 ) ;
#3156 = DIRECTION ( 'NONE',  ( 0.9999999998285441505, 1.851787947816638911E-05, -0.000000000000000000 ) ) ;
#3157 = EDGE_CURVE ( 'NONE', #2251, #3867, #1129, .T. ) ;
#3158 = VERTEX_POINT ( 'NONE', #2163 ) ;
#3159 = VECTOR ( 'NONE', #943, 1000.000000000000000 ) ;
#3160 = DIRECTION ( 'NONE',  ( -0.4972550804511041700, -0.5522695144577520754, 0.6691306063588516873 ) ) ;
#3161 = VECTOR ( 'NONE', #6196, 1000.000000000000000 ) ;
#3162 = VERTEX_POINT ( 'NONE', #2542 ) ;
#3163 = AXIS2_PLACEMENT_3D ( 'NONE', #1981, #5847, #5784 ) ;
#3164 = CARTESIAN_POINT ( 'NONE',  ( -15.50000000000000000, -4.050310395620448922, 2.000000000000000000 ) ) ;
#3165 = FACE_OUTER_BOUND ( 'NONE', #4460, .T. ) ;
#3166 = DIRECTION ( 'NONE',  ( 0.000000000000000000, 0.000000000000000000, 1.000000000000000000 ) ) ;
#3167 = AXIS2_PLACEMENT_3D ( 'NONE', #6052, #797, #4656 ) ;
#3168 = DIRECTION ( 'NONE',  ( 1.196361017915039486E-16, -1.000000000000000000, 0.000000000000000000 ) ) ;
#3169 = ORIENTED_EDGE ( 'NONE', *, *, #2436, .T. ) ;
#3170 = AXIS2_PLACEMENT_3D ( 'NONE', #2414, #1375, #3367 ) ;
#3171 = LINE ( 'NONE', #2602, #2317 ) ;
#3172 = ORIENTED_EDGE ( 'NONE', *, *, #5244, .T. ) ;
#3173 = ORIENTED_EDGE ( 'NONE', *, *, #2128, .T. ) ;
#3174 = CARTESIAN_POINT ( 'NONE',  ( -6.821806094936381015, 11.42726392698719273, 5.400137046524544182 ) ) ;
#3175 = EDGE_CURVE ( 'NONE', #4761, #5065, #1175, .T. ) ;
#3176 = ORIENTED_EDGE ( 'NONE', *, *, #2606, .T. ) ;
#3177 = DIRECTION ( 'NONE',  ( -0.6663447065353801380, 0.7456438372790846758, 0.000000000000000000 ) ) ;
#3178 = FACE_OUTER_BOUND ( 'NONE', #1037, .T. ) ;
#3179 = CARTESIAN_POINT ( 'NONE',  ( 3.448572970425294759, 5.671442853476020396, 5.400137046524544182 ) ) ;
#3180 = EDGE_CURVE ( 'NONE', #5282, #1287, #1188, .T. ) ;
#3181 = FACE_OUTER_BOUND ( 'NONE', #3576, .T. ) ;
#3182 = DIRECTION ( 'NONE',  ( -1.000000000000000000, 0.000000000000000000, 0.000000000000000000 ) ) ;
#3183 = CARTESIAN_POINT ( 'NONE',  ( 7.906013760051529893, -10.07054703070788726, 5.500000000000000000 ) ) ;
#3184 = CARTESIAN_POINT ( 'NONE',  ( -5.439559934000004482, -6.699994329811232774, 2.000000000000000000 ) ) ;
#3185 = DIRECTION ( 'NONE',  ( -0.000000000000000000, -0.000000000000000000, -1.000000000000000000 ) ) ;
#3186 = PLANE ( 'NONE',  #3205 ) ;
#3187 = ORIENTED_EDGE ( 'NONE', *, *, #2533, .F. ) ;
#3188 = LINE ( 'NONE', #5237, #4471 ) ;
#3189 = EDGE_CURVE ( 'NONE', #3867, #866, #2585, .T. ) ;
#3190 = ORIENTED_EDGE ( 'NONE', *, *, #4462, .F. ) ;
#3191 = CARTESIAN_POINT ( 'NONE',  ( -5.439559934000004482, -6.399994330000013498, 5.400137046524544182 ) ) ;
#3192 = LINE ( 'NONE', #760, #251 ) ;
#3193 = DIRECTION ( 'NONE',  ( 0.7071067567079856175, -0.7071068056651086398, 0.000000000000000000 ) ) ;
#3194 = CARTESIAN_POINT ( 'NONE',  ( 3.012269005232963259, 5.487142739267018676, 2.000000000000000000 ) ) ;
#3195 = LINE ( 'NONE', #2901, #2378 ) ;
#3196 = EDGE_CURVE ( 'NONE', #1091, #1809, #5770, .T. ) ;
#3197 = ORIENTED_EDGE ( 'NONE', *, *, #865, .F. ) ;
#3198 = FACE_OUTER_BOUND ( 'NONE', #672, .T. ) ;
#3199 = ORIENTED_EDGE ( 'NONE', *, *, #5689, .F. ) ;
#3200 = ORIENTED_EDGE ( 'NONE', *, *, #3507, .T. ) ;
#3201 = DIRECTION ( 'NONE',  ( 0.05607295254125858885, 0.9984266743198049188, 0.000000000000000000 ) ) ;
#3202 = ORIENTED_EDGE ( 'NONE', *, *, #5394, .T. ) ;
#3203 = CARTESIAN_POINT ( 'NONE',  ( 8.679899476999997532, -6.699999727000014005, 2.000000000000000000 ) ) ;
#3204 = CARTESIAN_POINT ( 'NONE',  ( -4.049589503275984548, -15.49999999999999822, 2.000000000000000000 ) ) ;
#3205 = AXIS2_PLACEMENT_3D ( 'NONE', #5110, #781, #2714 ) ;
#3206 = CARTESIAN_POINT ( 'NONE',  ( -10.67954268100000448, -8.500184006000015557, 5.400137046524553064 ) ) ;
#3207 = CARTESIAN_POINT ( 'NONE',  ( -14.99999592300000373, -14.99999592300001439, 5.400137046524543294 ) ) ;
#3208 = DIRECTION ( 'NONE',  ( -0.7071067811959433902, -0.7071067811771516443, -6.929358379613374504E-18 ) ) ;
#3209 = FACE_OUTER_BOUND ( 'NONE', #3408, .T. ) ;
#3210 = ADVANCED_FACE ( 'NONE', ( #2639 ), #3054, .T. ) ;
#3211 = DIRECTION ( 'NONE',  ( 0.9999999999102269221, 1.339948558378241545E-05, -0.000000000000000000 ) ) ;
#3212 = DIRECTION ( 'NONE',  ( -0.7071067567079855065, 0.7071068056651086398, -3.474156157310060584E-18 ) ) ;
#3213 = ORIENTED_EDGE ( 'NONE', *, *, #5982, .F. ) ;
#3214 = ORIENTED_EDGE ( 'NONE', *, *, #208, .T. ) ;
#3215 = PLANE ( 'NONE',  #830 ) ;
#3216 = EDGE_LOOP ( 'NONE', ( #2193, #5631, #1975, #1449 ) ) ;
#3217 = FACE_OUTER_BOUND ( 'NONE', #207, .T. ) ;
#3218 = DIRECTION ( 'NONE',  ( 0.6691306063588525754, -2.317381364590939795E-10, -0.7431448254773993511 ) ) ;
#3219 = EDGE_CURVE ( 'NONE', #4861, #4843, #1624, .T. ) ;
#3220 = CARTESIAN_POINT ( 'NONE',  ( -12.69964404000000435, -8.500221414000012743, 5.500000000000000000 ) ) ;
#3221 = AXIS2_PLACEMENT_3D ( 'NONE', #1098, #589, #1595 ) ;
#3222 = VECTOR ( 'NONE', #3655, 999.9999999999998863 ) ;
#3223 = EDGE_CURVE ( 'NONE', #736, #4058, #3994, .T. ) ;
#3224 = LINE ( 'NONE', #793, #771 ) ;
#3225 = ORIENTED_EDGE ( 'NONE', *, *, #29, .F. ) ;
#3226 = CIRCLE ( 'NONE', #3633, 0.3000000000672586320 ) ;
#3227 = EDGE_CURVE ( 'NONE', #4992, #433, #1065, .T. ) ;
#3228 = CARTESIAN_POINT ( 'NONE',  ( -14.46666666666667034, 15.48277299116756289, 0.4999999999999970024 ) ) ;
#3229 = ORIENTED_EDGE ( 'NONE', *, *, #3615, .T. ) ;
#3230 = ORIENTED_EDGE ( 'NONE', *, *, #4976, .T. ) ;
#3231 = ADVANCED_FACE ( 'NONE', ( #4534 ), #962, .T. ) ;
#3232 = AXIS2_PLACEMENT_3D ( 'NONE', #2248, #4094, #707 ) ;
#3233 = CARTESIAN_POINT ( 'NONE',  ( -15.50000000000007461, -15.50000000000006573, 0.4999999999999970024 ) ) ;
#3234 = ORIENTED_EDGE ( 'NONE', *, *, #4493, .T. ) ;
#3235 = FACE_OUTER_BOUND ( 'NONE', #403, .T. ) ;
#3236 = VECTOR ( 'NONE', #2738, 1000.000000000000114 ) ;
#3237 = DIRECTION ( 'NONE',  ( 0.7071067812268300168, 0.7071067811462650177, 2.914706149337924589E-18 ) ) ;
#3238 = CARTESIAN_POINT ( 'NONE',  ( -6.486124438912509227, 4.263254555203465301, 5.400137046524543294 ) ) ;
#3239 = CARTESIAN_POINT ( 'NONE',  ( 7.999330080142035726, -9.975776601339335414, 4.983758651185002719 ) ) ;
#3240 = CARTESIAN_POINT ( 'NONE',  ( 7.900409495999997311, -12.69992741400001357, 2.000000000000000000 ) ) ;
#3241 = AXIS2_PLACEMENT_3D ( 'NONE', #3694, #3722, #1766 ) ;
#3242 = DIRECTION ( 'NONE',  ( 0.000000000000000000, 0.000000000000000000, 1.000000000000000000 ) ) ;
#3243 = CARTESIAN_POINT ( 'NONE',  ( 5.753638639737771676, -0.2891026774865049775, 5.500000000000000000 ) ) ;
#3244 = ORIENTED_EDGE ( 'NONE', *, *, #2541, .F. ) ;
#3245 = ORIENTED_EDGE ( 'NONE', *, *, #1294, .T. ) ;
#3246 = CARTESIAN_POINT ( 'NONE',  ( 8.131365950999994041, -6.999994330000014031, 2.000000000000000000 ) ) ;
#3247 = ORIENTED_EDGE ( 'NONE', *, *, #1630, .T. ) ;
#3248 = CIRCLE ( 'NONE', #129, 0.2999999997797559437 ) ;
#3249 = LINE ( 'NONE', #4205, #5063 ) ;
#3250 = PLANE ( 'NONE',  #1056 ) ;
#3251 = CARTESIAN_POINT ( 'NONE',  ( -6.999999726802731637, 11.42726392699998605, 2.000000000000000000 ) ) ;
#3252 = VECTOR ( 'NONE', #2934, 1000.000000000000000 ) ;
#3253 = CIRCLE ( 'NONE', #4267, 0.01089732225866522908 ) ;
#3254 = VECTOR ( 'NONE', #4911, 1000.000000000000114 ) ;
#3255 = CIRCLE ( 'NONE', #3461, 30.50000000000006040 ) ;
#3256 = LINE ( 'NONE', #861, #1581 ) ;
#3257 = ADVANCED_FACE ( 'NONE', ( #109 ), #2369, .T. ) ;
#3258 = VECTOR ( 'NONE', #2903, 1000.000000000000000 ) ;
#3259 = ORIENTED_EDGE ( 'NONE', *, *, #1559, .F. ) ;
#3260 = CIRCLE ( 'NONE', #540, 31.00000000000006750 ) ;
#3261 = CARTESIAN_POINT ( 'NONE',  ( 6.319372846233824781, -8.096005878669851441, 4.983758651297330644 ) ) ;
#3262 = ORIENTED_EDGE ( 'NONE', *, *, #1294, .F. ) ;
#3263 = PLANE ( 'NONE',  #2787 ) ;
#3264 = ADVANCED_FACE ( 'NONE', ( #5454 ), #4796, .T. ) ;
#3265 = VECTOR ( 'NONE', #2534, 1000.000000000000000 ) ;
#3266 = ORIENTED_EDGE ( 'NONE', *, *, #5316, .T. ) ;
#3267 = EDGE_CURVE ( 'NONE', #4783, #3658, #5487, .T. ) ;
#3268 = AXIS2_PLACEMENT_3D ( 'NONE', #2393, #6262, #502 ) ;
#3269 = FACE_OUTER_BOUND ( 'NONE', #3281, .T. ) ;
#3270 = CARTESIAN_POINT ( 'NONE',  ( -10.58988923114686109, -8.585741751430326474, 5.359675854780170390 ) ) ;
#3271 = ORIENTED_EDGE ( 'NONE', *, *, #3196, .F. ) ;
#3272 = AXIS2_PLACEMENT_3D ( 'NONE', #24, #4355, #5881 ) ;
#3273 = EDGE_CURVE ( 'NONE', #4349, #5123, #5609, .T. ) ;
#3274 = CARTESIAN_POINT ( 'NONE',  ( 3.872262096536936760, -15.32180636813364849, 5.400137046524545958 ) ) ;
#3275 = DIRECTION ( 'NONE',  ( 2.776556567440326182E-11, -0.9986295347545739443, 0.05233595624294390403 ) ) ;
#3276 = DIRECTION ( 'NONE',  ( 1.000000000000000000, 0.000000000000000000, 0.000000000000000000 ) ) ;
#3277 = LINE ( 'NONE', #5209, #3951 ) ;
#3278 = ORIENTED_EDGE ( 'NONE', *, *, #3726, .T. ) ;
#3279 = ORIENTED_EDGE ( 'NONE', *, *, #3617, .F. ) ;
#3280 = DIRECTION ( 'NONE',  ( 1.000000000000000000, 0.000000000000000000, 0.000000000000000000 ) ) ;
#3281 = EDGE_LOOP ( 'NONE', ( #360, #4676, #5455, #5538 ) ) ;
#3282 = VECTOR ( 'NONE', #3392, 1000.000000000000114 ) ;
#3283 = DIRECTION ( 'NONE',  ( -1.000000000000000000, 0.000000000000000000, 0.000000000000000000 ) ) ;
#3284 = CARTESIAN_POINT ( 'NONE',  ( 4.349384664014427138, -6.410891652015773268, 5.500000000000000000 ) ) ;
#3285 = AXIS2_PLACEMENT_3D ( 'NONE', #5549, #2195, #1752 ) ;
#3286 = DIRECTION ( 'NONE',  ( -0.7071067812433913247, -0.7071067811297037098, 0.000000000000000000 ) ) ;
#3287 = EDGE_LOOP ( 'NONE', ( #5096, #1892, #554, #3903 ) ) ;
#3288 = ORIENTED_EDGE ( 'NONE', *, *, #4550, .F. ) ;
#3289 = DIRECTION ( 'NONE',  ( -0.03700710823804046617, -0.03700711088049560282, -0.9986295347545739443 ) ) ;
#3290 = EDGE_CURVE ( 'NONE', #2057, #1111, #4029, .T. ) ;
#3291 = ORIENTED_EDGE ( 'NONE', *, *, #4070, .T. ) ;
#3292 = VERTEX_POINT ( 'NONE', #5009 ) ;
#3293 = CARTESIAN_POINT ( 'NONE',  ( 7.900409773726092766, -12.71082473635957477, 5.500000000000000000 ) ) ;
#3294 = AXIS2_PLACEMENT_3D ( 'NONE', #941, #3339, #4858 ) ;
#3295 = ORIENTED_EDGE ( 'NONE', *, *, #512, .F. ) ;
#3296 = DIRECTION ( 'NONE',  ( 1.620338397315858060E-05, -0.9999999998687252312, -1.054444037568150588E-22 ) ) ;
#3297 = EDGE_CURVE ( 'NONE', #3113, #2676, #5606, .T. ) ;
#3298 = ORIENTED_EDGE ( 'NONE', *, *, #2728, .F. ) ;
#3299 = EDGE_CURVE ( 'NONE', #4280, #2325, #2281, .T. ) ;
#3300 = LINE ( 'NONE', #3741, #2282 ) ;
#3301 = VERTEX_POINT ( 'NONE', #4122 ) ;
#3302 = CARTESIAN_POINT ( 'NONE',  ( 8.679899476994901164, -6.999999727076404277, 2.000000000000000000 ) ) ;
#3303 = LINE ( 'NONE', #965, #1704 ) ;
#3304 = CARTESIAN_POINT ( 'NONE',  ( -9.867796590798375789, 8.112115839455549704, 2.000000000000000000 ) ) ;
#3305 = CARTESIAN_POINT ( 'NONE',  ( -6.821806094936381015, 11.42726392698719096, 5.400137046524544182 ) ) ;
#3306 = ORIENTED_EDGE ( 'NONE', *, *, #4455, .T. ) ;
#3307 = ADVANCED_FACE ( 'NONE', ( #2792 ), #3263, .T. ) ;
#3308 = CARTESIAN_POINT ( 'NONE',  ( 7.900410251127892636, -12.71082473634956500, 5.500000000000000000 ) ) ;
#3309 = VERTEX_POINT ( 'NONE', #1776 ) ;
#3310 = CARTESIAN_POINT ( 'NONE',  ( -15.00000000000000355, -15.50000000000006573, 2.000000000000000000 ) ) ;
#3311 = CARTESIAN_POINT ( 'NONE',  ( -6.219804847899827571, -8.189393073809027257, 5.500000000000000000 ) ) ;
#3312 = CARTESIAN_POINT ( 'NONE',  ( 7.496201208999996979, -8.727986575000015179, 2.000000000000000000 ) ) ;
#3313 = AXIS2_PLACEMENT_3D ( 'NONE', #1198, #5050, #722 ) ;
#3314 = PLANE ( 'NONE',  #532 ) ;
#3315 = ORIENTED_EDGE ( 'NONE', *, *, #2952, .F. ) ;
#3316 = ORIENTED_EDGE ( 'NONE', *, *, #4331, .T. ) ;
#3317 = COLOUR_RGB ( '',0.7921568627450980005, 0.8196078431372548767, 0.9333333333333333481 ) ;
#3318 = CARTESIAN_POINT ( 'NONE',  ( -5.430017697469455840, 2.667847035079353279, 1.999999999987966293 ) ) ;
#3319 = ORIENTED_EDGE ( 'NONE', *, *, #2835, .F. ) ;
#3320 = VERTEX_POINT ( 'NONE', #4690 ) ;
#3321 = LINE ( 'NONE', #3829, #5486 ) ;
#3322 = VECTOR ( 'NONE', #4816, 1000.000000000000114 ) ;
#3323 = VECTOR ( 'NONE', #4605, 1000.000000000000000 ) ;
#3324 = ORIENTED_EDGE ( 'NONE', *, *, #1083, .T. ) ;
#3325 = EDGE_CURVE ( 'NONE', #5127, #655, #2666, .T. ) ;
#3326 = CARTESIAN_POINT ( 'NONE',  ( -4.263254555211820396, -6.486124438831867067, 5.400137046524543294 ) ) ;
#3327 = AXIS2_PLACEMENT_3D ( 'NONE', #2345, #6213, #2796 ) ;
#3328 = ORIENTED_EDGE ( 'NONE', *, *, #706, .F. ) ;
#3329 = DIRECTION ( 'NONE',  ( -0.7431448254774006834, 0.000000000000000000, -0.6691306063588511321 ) ) ;
#3330 = VERTEX_POINT ( 'NONE', #6147 ) ;
#3331 = EDGE_CURVE ( 'NONE', #1712, #912, #1302, .T. ) ;
#3332 = VECTOR ( 'NONE', #104, 1000.000000000000000 ) ;
#3333 = PLANE ( 'NONE',  #4440 ) ;
#3334 = EDGE_CURVE ( 'NONE', #5411, #3330, #2253, .T. ) ;
#3335 = DIRECTION ( 'NONE',  ( -1.758524546238221997E-05, 0.9999999998453795724, 3.414611865064309550E-23 ) ) ;
#3336 = DIRECTION ( 'NONE',  ( 1.000000000000000000, -4.991528668765784202E-11, 0.000000000000000000 ) ) ;
#3337 = DIRECTION ( 'NONE',  ( -1.558233228438827872E-05, 0.7431448253140263693, 0.6691306063588603470 ) ) ;
#3338 = VERTEX_POINT ( 'NONE', #3614 ) ;
#3339 = DIRECTION ( 'NONE',  ( -0.000000000000000000, -0.000000000000000000, -1.000000000000000000 ) ) ;
#3340 = ORIENTED_EDGE ( 'NONE', *, *, #4392, .F. ) ;
#3341 = DIRECTION ( 'NONE',  ( -0.000000000000000000, -0.000000000000000000, -1.000000000000000000 ) ) ;
#3342 = EDGE_CURVE ( 'NONE', #3357, #107, #3260, .T. ) ;
#3343 = CARTESIAN_POINT ( 'NONE',  ( -4.349718143775355372, -8.189362772122359857, 5.500000000000000000 ) ) ;
#3344 = EDGE_CURVE ( 'NONE', #5638, #293, #4371, .T. ) ;
#3345 = CARTESIAN_POINT ( 'NONE',  ( -8.704448048000003268, 7.072134619999985716, 2.000000000000000000 ) ) ;
#3346 = DIRECTION ( 'NONE',  ( -0.5964807902151489927, 0.5964683637614144329, 0.5370625270265024787 ) ) ;
#3347 = ORIENTED_EDGE ( 'NONE', *, *, #1753, .T. ) ;
#3348 = DIRECTION ( 'NONE',  ( -0.000000000000000000, -0.000000000000000000, -1.000000000000000000 ) ) ;
#3349 = ORIENTED_EDGE ( 'NONE', *, *, #5727, .F. ) ;
#3350 = VECTOR ( 'NONE', #151, 1000.000000000000114 ) ;
#3351 = VECTOR ( 'NONE', #2472, 1000.000000000000114 ) ;
#3352 = CARTESIAN_POINT ( 'NONE',  ( 14.48332870112989212, -14.50000000000000000, 0.000000000000000000 ) ) ;
#3353 = VECTOR ( 'NONE', #2972, 1000.000000000000000 ) ;
#3354 = ORIENTED_EDGE ( 'NONE', *, *, #5324, .F. ) ;
#3356 = DIRECTION ( 'NONE',  ( 1.000000000000000000, 0.000000000000000000, 0.000000000000000000 ) ) ;
#3355 = AXIS2_PLACEMENT_3D ( 'NONE', #1015, #2941, #5311 ) ;
#3357 = VERTEX_POINT ( 'NONE', #3735 ) ;
#3358 = FACE_OUTER_BOUND ( 'NONE', #4375, .T. ) ;
#3359 = EDGE_LOOP ( 'NONE', ( #4391, #3974, #2899, #1475 ) ) ;
#3360 = EDGE_CURVE ( 'NONE', #1174, #5452, #5668, .T. ) ;
#3361 = CIRCLE ( 'NONE', #5793, 0.3000000000462701988 ) ;
#3362 = CARTESIAN_POINT ( 'NONE',  ( -15.50000000000000355, -13.50000000000000000, 0.4999999999999970024 ) ) ;
#3363 = ORIENTED_EDGE ( 'NONE', *, *, #5164, .F. ) ;
#3364 = CARTESIAN_POINT ( 'NONE',  ( -9.213608338457341063, 7.288593667782435226, 5.400137046524553064 ) ) ;
#3365 = AXIS2_PLACEMENT_3D ( 'NONE', #1281, #2742, #3211 ) ;
#3366 = LINE ( 'NONE', #2830, #5240 ) ;
#3367 = DIRECTION ( 'NONE',  ( -1.000000000000000000, 0.000000000000000000, 0.000000000000000000 ) ) ;
#3368 = DIRECTION ( 'NONE',  ( -1.000000000000000000, 5.981805089575197430E-17, 0.000000000000000000 ) ) ;
#3369 = ORIENTED_EDGE ( 'NONE', *, *, #4274, .T. ) ;
#3370 = EDGE_CURVE ( 'NONE', #3416, #1316, #2763, .T. ) ;
#3371 = DIRECTION ( 'NONE',  ( -0.05233595625427022585, 3.130634894895785245E-18, 0.9986295347539801970 ) ) ;
#3372 = ORIENTED_EDGE ( 'NONE', *, *, #2652, .F. ) ;
#3373 = CARTESIAN_POINT ( 'NONE',  ( 15.48277299116755401, -14.46666666666666501, 0.4999999999999970024 ) ) ;
#3374 = DIRECTION ( 'NONE',  ( 0.05233595624294390403, 0.000000000000000000, -0.9986295347545739443 ) ) ;
#3375 = DIRECTION ( 'NONE',  ( 0.000000000000000000, 0.000000000000000000, 1.000000000000000000 ) ) ;
#3376 = DIRECTION ( 'NONE',  ( -2.019756517667898881E-11, -1.000000000000000000, 0.000000000000000000 ) ) ;
#3377 = CARTESIAN_POINT ( 'NONE',  ( -8.728260421999999963, 7.495871411999987188, 2.000000000000000000 ) ) ;
#3378 = VERTEX_POINT ( 'NONE', #5129 ) ;
#3379 = EDGE_CURVE ( 'NONE', #4009, #1267, #4151, .T. ) ;
#3380 = DIRECTION ( 'NONE',  ( 1.000000000000000000, 0.000000000000000000, 0.000000000000000000 ) ) ;
#3381 = ORIENTED_EDGE ( 'NONE', *, *, #1605, .T. ) ;
#3382 = AXIS2_PLACEMENT_3D ( 'NONE', #2259, #2736, #5535 ) ;
#3383 = DIRECTION ( 'NONE',  ( -0.000000000000000000, 1.000000000000000000, -0.000000000000000000 ) ) ;
#3384 = AXIS2_PLACEMENT_3D ( 'NONE', #4060, #5425, #4947 ) ;
#3385 = VERTEX_POINT ( 'NONE', #1213 ) ;
#3386 = FACE_OUTER_BOUND ( 'NONE', #5654, .T. ) ;
#3387 = ORIENTED_EDGE ( 'NONE', *, *, #2243, .F. ) ;
#3388 = DIRECTION ( 'NONE',  ( -0.000000000000000000, -0.000000000000000000, -1.000000000000000000 ) ) ;
#3389 = ORIENTED_EDGE ( 'NONE', *, *, #872, .T. ) ;
#3390 = VERTEX_POINT ( 'NONE', #3643 ) ;
#3391 = AXIS2_PLACEMENT_3D ( 'NONE', #3206, #6152, #1369 ) ;
#3392 = DIRECTION ( 'NONE',  ( -0.05610762023188192726, 0.9984247267330246256, 0.000000000000000000 ) ) ;
#3393 = ORIENTED_EDGE ( 'NONE', *, *, #1181, .F. ) ;
#3394 = DIRECTION ( 'NONE',  ( -1.000000000000000000, 0.000000000000000000, 0.000000000000000000 ) ) ;
#3395 = DIRECTION ( 'NONE',  ( -1.000000000000000000, 0.000000000000000000, 0.000000000000000000 ) ) ;
#3396 = CARTESIAN_POINT ( 'NONE',  ( -6.999994330000003373, 8.131365950999983383, 2.000000000000000000 ) ) ;
#3397 = FACE_OUTER_BOUND ( 'NONE', #837, .T. ) ;
#3398 = ORIENTED_EDGE ( 'NONE', *, *, #2565, .F. ) ;
#3399 = LINE ( 'NONE', #3815, #2336 ) ;
#3400 = ORIENTED_EDGE ( 'NONE', *, *, #2224, .F. ) ;
#3401 = CARTESIAN_POINT ( 'NONE',  ( 7.177054352820610994, -9.254836957081698401, 5.500000000000000000 ) ) ;
#3402 = ORIENTED_EDGE ( 'NONE', *, *, #3029, .T. ) ;
#3403 = FACE_OUTER_BOUND ( 'NONE', #2846, .T. ) ;
#3404 = CARTESIAN_POINT ( 'NONE',  ( -4.049635330023595436, -13.30026024938548268, 2.000000000000282441 ) ) ;
#3405 = EDGE_CURVE ( 'NONE', #5066, #2020, #769, .T. ) ;
#3406 = CARTESIAN_POINT ( 'NONE',  ( -5.760897322021591549, -1.387778780781445676E-14, 5.500000000000000000 ) ) ;
#3407 = DIRECTION ( 'NONE',  ( 1.000000000000000000, 0.000000000000000000, 0.000000000000000000 ) ) ;
#3408 = EDGE_LOOP ( 'NONE', ( #4378, #4835, #3900, #5853 ) ) ;
#3409 = CARTESIAN_POINT ( 'NONE',  ( -6.521800698102172333, 4.349384663999985356, 5.400137046524894124 ) ) ;
#3410 = VECTOR ( 'NONE', #4490, 1000.000000000000000 ) ;
#3411 = ORIENTED_EDGE ( 'NONE', *, *, #3344, .T. ) ;
#3412 = AXIS2_PLACEMENT_3D ( 'NONE', #5552, #6009, #3596 ) ;
#3413 = ADVANCED_FACE ( 'NONE', ( #299 ), #1339, .T. ) ;
#3414 = EDGE_CURVE ( 'NONE', #3338, #5317, #801, .T. ) ;
#3415 = CARTESIAN_POINT ( 'NONE',  ( -6.710897049236004719, 8.679899476999986874, 5.500000000000000000 ) ) ;
#3416 = VERTEX_POINT ( 'NONE', #742 ) ;
#3417 = CONICAL_SURFACE ( 'NONE', #5131, 0.01089732232512075072, 0.8377580409572865650 ) ;
#3418 = DIRECTION ( 'NONE',  ( -0.000000000000000000, -0.000000000000000000, -1.000000000000000000 ) ) ;
#3419 = ORIENTED_EDGE ( 'NONE', *, *, #3124, .T. ) ;
#3420 = EDGE_CURVE ( 'NONE', #765, #4563, #5098, .T. ) ;
#3421 = EDGE_CURVE ( 'NONE', #2081, #2397, #3863, .T. ) ;
#3422 = DIRECTION ( 'NONE',  ( 0.000000000000000000, 0.000000000000000000, 1.000000000000000000 ) ) ;
#3423 = VERTEX_POINT ( 'NONE', #6088 ) ;
#3424 = ORIENTED_EDGE ( 'NONE', *, *, #1938, .F. ) ;
#3425 = VECTOR ( 'NONE', #2964, 1000.000000000000000 ) ;
#3426 = AXIS2_PLACEMENT_3D ( 'NONE', #2863, #6156, #1939 ) ;
#3427 = CARTESIAN_POINT ( 'NONE',  ( -6.306879696147884573, -8.109153569207007806, 5.319214661537828626 ) ) ;
#3428 = ORIENTED_EDGE ( 'NONE', *, *, #259, .T. ) ;
#3429 = CARTESIAN_POINT ( 'NONE',  ( -8.162981655315897811, -6.251010571609523225, 5.466809425399246081 ) ) ;
#3430 = CIRCLE ( 'NONE', #205, 0.5891026778835936062 ) ;
#3431 = PLANE ( 'NONE',  #4589 ) ;
#3432 = DIRECTION ( 'NONE',  ( 1.000000000000000000, 0.000000000000000000, 0.000000000000000000 ) ) ;
#3433 = VERTEX_POINT ( 'NONE', #1746 ) ;
#3434 = DIRECTION ( 'NONE',  ( -0.000000000000000000, -0.000000000000000000, -1.000000000000000000 ) ) ;
#3435 = AXIS2_PLACEMENT_3D ( 'NONE', #41, #4025, #1555 ) ;
#3436 = ORIENTED_EDGE ( 'NONE', *, *, #1401, .T. ) ;
#3437 = CARTESIAN_POINT ( 'NONE',  ( -13.50000000000000355, -15.49999999999999822, 1.499999999999996225 ) ) ;
#3438 = CARTESIAN_POINT ( 'NONE',  ( -4.341679093630072650, -6.407699900440796625, 5.500000000000000000 ) ) ;
#3439 = FACE_OUTER_BOUND ( 'NONE', #4325, .T. ) ;
#3440 = CARTESIAN_POINT ( 'NONE',  ( -4.349635330000003464, -13.30026441600001519, 5.500000000000000000 ) ) ;
#3441 = DIRECTION ( 'NONE',  ( -0.9986295345576913229, -1.982991427287568190E-05, 0.05233595624294390403 ) ) ;
#3442 = DIRECTION ( 'NONE',  ( 0.000000000000000000, 0.000000000000000000, 1.000000000000000000 ) ) ;
#3443 = ORIENTED_EDGE ( 'NONE', *, *, #2024, .T. ) ;
#3444 = FACE_OUTER_BOUND ( 'NONE', #383, .T. ) ;
#3445 = VECTOR ( 'NONE', #1785, 999.9999999999998863 ) ;
#3446 = VERTEX_POINT ( 'NONE', #3677 ) ;
#3447 = DIRECTION ( 'NONE',  ( 0.05233595624294390403, 0.000000000000000000, -0.9986295347545739443 ) ) ;
#3448 = CIRCLE ( 'NONE', #1524, 0.01089732224873393718 ) ;
#3449 = ORIENTED_EDGE ( 'NONE', *, *, #2971, .T. ) ;
#3450 = EDGE_CURVE ( 'NONE', #4696, #5197, #5181, .T. ) ;
#3451 = LINE ( 'NONE', #1059, #3254 ) ;
#3452 = VERTEX_POINT ( 'NONE', #2885 ) ;
#3453 = CIRCLE ( 'NONE', #734, 2.000000000000000000 ) ;
#3454 = DIRECTION ( 'NONE',  ( 0.4731468056351604279, 0.4731467728764510161, -0.7431448254774056794 ) ) ;
#3455 = ORIENTED_EDGE ( 'NONE', *, *, #1473, .T. ) ;
#3456 = ORIENTED_EDGE ( 'NONE', *, *, #4090, .T. ) ;
#3457 = AXIS2_PLACEMENT_3D ( 'NONE', #3651, #2709, #6099 ) ;
#3458 = VECTOR ( 'NONE', #6228, 1000.000000000000000 ) ;
#3459 = EDGE_CURVE ( 'NONE', #5661, #4786, #2963, .T. ) ;
#3460 = CARTESIAN_POINT ( 'NONE',  ( -5.699274774000003596, -2.800136971000014352, 5.400137046524544182 ) ) ;
#3461 = AXIS2_PLACEMENT_3D ( 'NONE', #536, #573, #497 ) ;
#3462 = ORIENTED_EDGE ( 'NONE', *, *, #2098, .F. ) ;
#3463 = CARTESIAN_POINT ( 'NONE',  ( -3.866166097049060113, -15.32180636813364671, 5.400137046524545070 ) ) ;
#3464 = DIRECTION ( 'NONE',  ( 0.6691306063588491337, -4.804649681384159959E-11, -0.7431448254774024598 ) ) ;
#3465 = AXIS2_PLACEMENT_3D ( 'NONE', #4299, #3732, #5158 ) ;
#3466 = DIRECTION ( 'NONE',  ( 1.000000000000000000, 0.000000000000000000, 0.000000000000000000 ) ) ;
#3467 = DIRECTION ( 'NONE',  ( 0.7431448253796746339, 1.224431724818265642E-05, 0.6691306063553583705 ) ) ;
#3468 = ORIENTED_EDGE ( 'NONE', *, *, #391, .F. ) ;
#3469 = DIRECTION ( 'NONE',  ( -0.7061377158778989749, 0.7061377159583535068, 0.05233595624294390403 ) ) ;
#3470 = EDGE_LOOP ( 'NONE', ( #2608, #3306, #2508, #2438, #5601, #3389 ) ) ;
#3471 = FACE_OUTER_BOUND ( 'NONE', #4661, .T. ) ;
#3472 = CARTESIAN_POINT ( 'NONE',  ( 5.699274773999996491, 2.800136970999986374, 2.000000000000000000 ) ) ;
#3473 = EDGE_CURVE ( 'NONE', #2923, #5396, #6000, .T. ) ;
#3474 = AXIS2_PLACEMENT_3D ( 'NONE', #1733, #2181, #289 ) ;
#3475 = DIRECTION ( 'NONE',  ( 0.000000000000000000, 0.000000000000000000, 1.000000000000000000 ) ) ;
#3476 = CARTESIAN_POINT ( 'NONE',  ( -12.71061434028066195, -4.350264393272403218, 5.500000000000000000 ) ) ;
#3477 = LINE ( 'NONE', #2526, #4313 ) ;
#3478 = ORIENTED_EDGE ( 'NONE', *, *, #2924, .F. ) ;
#3479 = DIRECTION ( 'NONE',  ( -0.000000000000000000, -0.000000000000000000, -1.000000000000000000 ) ) ;
#3480 = EDGE_LOOP ( 'NONE', ( #1918, #3247, #2817, #5447 ) ) ;
#3481 = LINE ( 'NONE', #5346, #2563 ) ;
#3482 = VERTEX_POINT ( 'NONE', #6179 ) ;
#3483 = FACE_OUTER_BOUND ( 'NONE', #543, .T. ) ;
#3484 = EDGE_LOOP ( 'NONE', ( #1878, #3462, #5347, #3674 ) ) ;
#3485 = VECTOR ( 'NONE', #6183, 1000.000000000000000 ) ;
#3486 = EDGE_CURVE ( 'NONE', #708, #2725, #5318, .T. ) ;
#3487 = LINE ( 'NONE', #3019, #2220 ) ;
#3488 = ORIENTED_EDGE ( 'NONE', *, *, #3685, .T. ) ;
#3489 = ORIENTED_EDGE ( 'NONE', *, *, #1103, .F. ) ;
#3490 = CARTESIAN_POINT ( 'NONE',  ( 11.43766054588273740, -6.696734463318465558, 5.500000000000000000 ) ) ;
#3491 = EDGE_LOOP ( 'NONE', ( #1360, #440, #1924, #5300 ) ) ;
#3492 = DIRECTION ( 'NONE',  ( -1.000000000000000000, 0.000000000000000000, 0.000000000000000000 ) ) ;
#3493 = EDGE_CURVE ( 'NONE', #2057, #362, #1962, .T. ) ;
#3494 = CARTESIAN_POINT ( 'NONE',  ( -0.3000000000000034861, 8.477655575999987647, 5.500000000000000000 ) ) ;
#3495 = DIRECTION ( 'NONE',  ( 1.000000000000000000, -2.226554535850134995E-10, -0.000000000000000000 ) ) ;
#3496 = ADVANCED_FACE ( 'NONE', ( #1836 ), #4171, .T. ) ;
#3497 = VERTEX_POINT ( 'NONE', #6210 ) ;
#3498 = AXIS2_PLACEMENT_3D ( 'NONE', #1947, #5600, #5814 ) ;
#3499 = DIRECTION ( 'NONE',  ( 0.7431448254773996842, 0.000000000000000000, 0.6691306063588520203 ) ) ;
#3500 = VERTEX_POINT ( 'NONE', #2819 ) ;
#3501 = FACE_OUTER_BOUND ( 'NONE', #1548, .T. ) ;
#3502 = CARTESIAN_POINT ( 'NONE',  ( -12.99964404003013208, -8.500224051813010107, 2.000000000000000000 ) ) ;
#3503 = FACE_OUTER_BOUND ( 'NONE', #69, .T. ) ;
#3504 = FACE_OUTER_BOUND ( 'NONE', #2271, .T. ) ;
#3505 = PRODUCT_DEFINITION_SHAPE ( 'NONE', 'NONE',  #3707 ) ;
#3506 = LINE ( 'NONE', #2464, #4524 ) ;
#3507 = EDGE_CURVE ( 'NONE', #2469, #712, #5761, .T. ) ;
#3508 = ORIENTED_EDGE ( 'NONE', *, *, #522, .T. ) ;
#3509 = CARTESIAN_POINT ( 'NONE',  ( 8.200355128983851216, -10.07985378206322302, 2.000000000000000000 ) ) ;
#3510 = ORIENTED_EDGE ( 'NONE', *, *, #5083, .F. ) ;
#3511 = B_SPLINE_CURVE_WITH_KNOTS ( 'NONE', 3,
 ( #4052, #1151, #813, #6130, #3842, #1876, #1494, #2865, #3812, #4789 ),
 .UNSPECIFIED., .F., .F.,
 ( 4, 3, 3, 4 ),
 ( 0.0001000001663627146517, 0.0002215504886946331460, 0.001107752458166960793, 0.003504806836749543852 ),
 .UNSPECIFIED. ) ;
#3512 = CARTESIAN_POINT ( 'NONE',  ( 3.322571044975516141, 5.797444778940152865, 2.000000000000000000 ) ) ;
#3513 = DIRECTION ( 'NONE',  ( 0.9999999997801694018, 2.096809632237549059E-05, -0.000000000000000000 ) ) ;
#3514 = VECTOR ( 'NONE', #2938, 1000.000000000000000 ) ;
#3515 = ORIENTED_EDGE ( 'NONE', *, *, #5155, .T. ) ;
#3516 = CARTESIAN_POINT ( 'NONE',  ( 8.022161497147788367, -10.07985747954353961, 5.400137046524545958 ) ) ;
#3517 = ORIENTED_EDGE ( 'NONE', *, *, #3809, .F. ) ;
#3518 = DIRECTION ( 'NONE',  ( -0.03701777599200058860, -0.7066221353243183900, -0.7066221353243234971 ) ) ;
#3519 = CIRCLE ( 'NONE', #609, 0.4781936322655802041 ) ;
#3520 = ORIENTED_EDGE ( 'NONE', *, *, #2795, .F. ) ;
#3521 = ORIENTED_EDGE ( 'NONE', *, *, #108, .F. ) ;
#3522 = DIRECTION ( 'NONE',  ( 1.000000000000000000, 0.000000000000000000, -0.000000000000000000 ) ) ;
#3523 = EDGE_CURVE ( 'NONE', #1179, #4412, #338, .T. ) ;
#3524 = ORIENTED_EDGE ( 'NONE', *, *, #2016, .T. ) ;
#3525 = CARTESIAN_POINT ( 'NONE',  ( -5.282716275102972148, 3.216695468915179212, 5.500000000000000000 ) ) ;
#3526 = LINE ( 'NONE', #3905, #3132 ) ;
#3527 = CIRCLE ( 'NONE', #1501, 0.4781936319106991351 ) ;
#3528 = AXIS2_PLACEMENT_3D ( 'NONE', #3240, #1670, #4699 ) ;
#3529 = FACE_OUTER_BOUND ( 'NONE', #1187, .T. ) ;
#3530 = CARTESIAN_POINT ( 'NONE',  ( -6.699994329622446010, -4.349384664000013778, 2.000000000000000000 ) ) ;
#3531 = EDGE_CURVE ( 'NONE', #2179, #2027, #1865, .T. ) ;
#3532 = VERTEX_POINT ( 'NONE', #1483 ) ;
#3533 = FACE_OUTER_BOUND ( 'NONE', #4713, .T. ) ;
#3534 = LINE ( 'NONE', #3945, #5156 ) ;
#3535 = AXIS2_PLACEMENT_3D ( 'NONE', #6092, #2611, #5100 ) ;
#3536 = ADVANCED_FACE ( 'NONE', ( #3386 ), #2758, .F. ) ;
#3537 = DIRECTION ( 'NONE',  ( -1.403039500638208836E-05, 0.6691306062117643449, -0.7431448254773929118 ) ) ;
#3538 = DIRECTION ( 'NONE',  ( 0.6653925108794296328, 0.7446568029298495928, 0.05233595624294389015 ) ) ;
#3539 = CARTESIAN_POINT ( 'NONE',  ( 2.540362452892682033, -5.170541225359684745, 5.500000000000000000 ) ) ;
#3540 = EDGE_LOOP ( 'NONE', ( #4497, #3047, #6141, #5669 ) ) ;
#3541 = VECTOR ( 'NONE', #4748, 1000.000000000000114 ) ;
#3542 = CARTESIAN_POINT ( 'NONE',  ( 3.448572970425295203, 5.671442853476020396, 5.400137046524544182 ) ) ;
#3543 = EDGE_CURVE ( 'NONE', #6145, #5747, #3321, .T. ) ;
#3544 = ORIENTED_EDGE ( 'NONE', *, *, #4693, .F. ) ;
#3545 = EDGE_CURVE ( 'NONE', #2919, #2923, #5730, .T. ) ;
#3546 = FACE_OUTER_BOUND ( 'NONE', #4528, .T. ) ;
#3547 = DIRECTION ( 'NONE',  ( 0.03700710956662225243, -0.03700710955191385126, -0.9986295347545739443 ) ) ;
#3548 = VECTOR ( 'NONE', #3004, 1000.000000000000114 ) ;
#3549 = ORIENTED_EDGE ( 'NONE', *, *, #836, .T. ) ;
#3550 = DIRECTION ( 'NONE',  ( 0.9999999998285441505, 1.851787947816638911E-05, 0.000000000000000000 ) ) ;
#3551 = EDGE_CURVE ( 'NONE', #4152, #1796, #6188, .T. ) ;
#3552 = ORIENTED_EDGE ( 'NONE', *, *, #96, .T. ) ;
#3553 = VECTOR ( 'NONE', #5504, 1000.000000000000000 ) ;
#3554 = CARTESIAN_POINT ( 'NONE',  ( 5.585312744999996859, 3.534703078999986037, 2.000000000000000000 ) ) ;
#3555 = ORIENTED_EDGE ( 'NONE', *, *, #1285, .F. ) ;
#3556 = ORIENTED_EDGE ( 'NONE', *, *, #5055, .F. ) ;
#3557 = DIRECTION ( 'NONE',  ( 1.000000000000000000, 0.000000000000000000, 0.000000000000000000 ) ) ;
#3558 = ORIENTED_EDGE ( 'NONE', *, *, #1293, .F. ) ;
#3559 = DIRECTION ( 'NONE',  ( 1.000000000000000000, 0.000000000000000000, 0.000000000000000000 ) ) ;
#3560 = CARTESIAN_POINT ( 'NONE',  ( -3.469446951953614189E-15, -1.387778780781445676E-14, 5.400137046524545070 ) ) ;
#3561 = AXIS2_PLACEMENT_3D ( 'NONE', #2490, #2974, #4926 ) ;
#3562 = DIRECTION ( 'NONE',  ( 1.000000000000000000, 0.000000000000000000, 0.000000000000000000 ) ) ;
#3563 = AXIS2_PLACEMENT_3D ( 'NONE', #5776, #4822, #462 ) ;
#3564 = DIRECTION ( 'NONE',  ( -0.000000000000000000, -0.000000000000000000, 1.000000000000000000 ) ) ;
#3565 = FACE_OUTER_BOUND ( 'NONE', #3359, .T. ) ;
#3566 = DIRECTION ( 'NONE',  ( -1.000000000000000000, 0.000000000000000000, 0.000000000000000000 ) ) ;
#3567 = VECTOR ( 'NONE', #1953, 1000.000000000000114 ) ;
#3568 = AXIS2_PLACEMENT_3D ( 'NONE', #4214, #4602, #4716 ) ;
#3569 = CARTESIAN_POINT ( 'NONE',  ( 8.343497993012762848, -6.787862303264844854, 2.000000000000000000 ) ) ;
#3570 = DIRECTION ( 'NONE',  ( 0.000000000000000000, 0.000000000000000000, -1.000000000000000000 ) ) ;
#3571 = ADVANCED_FACE ( 'NONE', ( #1363 ), #6094, .T. ) ;
#3572 = CARTESIAN_POINT ( 'NONE',  ( -12.69964383820470388, -8.511118736279113861, 5.500000000000000000 ) ) ;
#3573 = ORIENTED_EDGE ( 'NONE', *, *, #2174, .F. ) ;
#3574 = CARTESIAN_POINT ( 'NONE',  ( -6.699994329968539830, 4.349384663999985356, 2.000000000000000000 ) ) ;
#3575 = VECTOR ( 'NONE', #5507, 1000.000000000000000 ) ;
#3576 = EDGE_LOOP ( 'NONE', ( #4809, #5322, #4240, #954 ) ) ;
#3577 = DIRECTION ( 'NONE',  ( -0.000000000000000000, -0.000000000000000000, -1.000000000000000000 ) ) ;
#3578 = EDGE_CURVE ( 'NONE', #4287, #5317, #5254, .T. ) ;
#3579 = AXIS2_PLACEMENT_3D ( 'NONE', #3782, #3939, #1529 ) ;
#3580 = CARTESIAN_POINT ( 'NONE',  ( -6.912131753737879691, 8.467767434989925235, 2.000000000000000000 ) ) ;
#3581 = ORIENTED_EDGE ( 'NONE', *, *, #2359, .T. ) ;
#3582 = DIRECTION ( 'NONE',  ( 1.000000000000000000, 0.000000000000000000, 0.000000000000000000 ) ) ;
#3583 = VERTEX_POINT ( 'NONE', #925 ) ;
#3584 = CARTESIAN_POINT ( 'NONE',  ( -6.612126364341861517, -5.651691968406093558, 2.000000000000000000 ) ) ;
#3585 = ORIENTED_EDGE ( 'NONE', *, *, #2873, .T. ) ;
#3586 = VERTEX_POINT ( 'NONE', #3293 ) ;
#3587 = EDGE_CURVE ( 'NONE', #4186, #2404, #934, .T. ) ;
#3588 = CARTESIAN_POINT ( 'NONE',  ( 5.699274773999996491, 2.800136970999986374, 2.000000000000000000 ) ) ;
#3589 = ORIENTED_EDGE ( 'NONE', *, *, #3180, .T. ) ;
#3590 = CONICAL_SURFACE ( 'NONE', #5424, 0.01089732227636981687, 0.8377580409572699116 ) ;
#3591 = FACE_OUTER_BOUND ( 'NONE', #327, .T. ) ;
#3592 = DIRECTION ( 'NONE',  ( -0.6289812103098973983, -0.5620865173618388999, 0.5370673924910501773 ) ) ;
#3593 = FACE_OUTER_BOUND ( 'NONE', #5683, .T. ) ;
#3594 = DIRECTION ( 'NONE',  ( -0.000000000000000000, -0.000000000000000000, -1.000000000000000000 ) ) ;
#3595 = DIRECTION ( 'NONE',  ( -0.000000000000000000, -0.000000000000000000, -1.000000000000000000 ) ) ;
#3596 = DIRECTION ( 'NONE',  ( 1.000000000000000000, 0.000000000000000000, 0.000000000000000000 ) ) ;
#3597 = DIRECTION ( 'NONE',  ( 0.000000000000000000, 0.000000000000000000, 1.000000000000000000 ) ) ;
#3598 = DIRECTION ( 'NONE',  ( -0.7071067813308421490, 0.7071067810422528854, 3.464679189806686867E-18 ) ) ;
#3599 = CARTESIAN_POINT ( 'NONE',  ( 5.170541225248794781, 2.540362453040116986, 5.500000000000000000 ) ) ;
#3600 = VERTEX_POINT ( 'NONE', #449 ) ;
#3601 = CARTESIAN_POINT ( 'NONE',  ( -8.111458031410858638, 6.303298755358923700, 5.400137046526360507 ) ) ;
#3602 = VECTOR ( 'NONE', #1424, 1000.000000000000114 ) ;
#3603 = ORIENTED_EDGE ( 'NONE', *, *, #3957, .F. ) ;
#3604 = EDGE_CURVE ( 'NONE', #669, #5661, #2372, .T. ) ;
#3605 = CARTESIAN_POINT ( 'NONE',  ( 4.050413607908359914, -13.30000185100001531, 2.000000000000000000 ) ) ;
#3606 = DIRECTION ( 'NONE',  ( 0.05610762023188192726, -0.9984247267330247366, -0.000000000000000000 ) ) ;
#3607 = CARTESIAN_POINT ( 'NONE',  ( -3.469446951953614189E-15, -1.387778780781445676E-14, 5.500000000000000000 ) ) ;
#3608 = ADVANCED_FACE ( 'NONE', ( #476 ), #1539, .T. ) ;
#3609 = ORIENTED_EDGE ( 'NONE', *, *, #2835, .T. ) ;
#3610 = EDGE_CURVE ( 'NONE', #2466, #2761, #3926, .T. ) ;
#3611 = LINE ( 'NONE', #3111, #652 ) ;
#3612 = ORIENTED_EDGE ( 'NONE', *, *, #633, .F. ) ;
#3613 = VERTEX_POINT ( 'NONE', #4055 ) ;
#3614 = CARTESIAN_POINT ( 'NONE',  ( -6.410891652146886166, 8.131365950994144498, 5.500000000000000000 ) ) ;
#3615 = EDGE_CURVE ( 'NONE', #4657, #4186, #5477, .T. ) ;
#3616 = EDGE_LOOP ( 'NONE', ( #5544, #1525, #34, #5684, #3229, #2392, #4758, #1451, #3609, #1514, #3214, #5878, #4850, #4945, #2477, #4711, #5441, #3456, #2634, #6160, #3935 ) ) ;
#3617 = EDGE_CURVE ( 'NONE', #5188, #4880, #198, .T. ) ;
#3618 = VECTOR ( 'NONE', #4610, 1000.000000000000000 ) ;
#3619 = LINE ( 'NONE', #745, #3323 ) ;
#3620 = CARTESIAN_POINT ( 'NONE',  ( -15.50000000000000533, -4.076514285265409931, 1.499999999999996225 ) ) ;
#3621 = DIRECTION ( 'NONE',  ( -2.074952712614012854E-05, 0.9999999997847285327, 0.000000000000000000 ) ) ;
#3622 = DIRECTION ( 'NONE',  ( -0.000000000000000000, -0.000000000000000000, -1.000000000000000000 ) ) ;
#3623 = DIRECTION ( 'NONE',  ( -0.7071067812268299058, -0.7071067811462650177, 0.000000000000000000 ) ) ;
#3624 = LINE ( 'NONE', #752, #3618 ) ;
#3625 = CARTESIAN_POINT ( 'NONE',  ( -5.430017698035175755, -2.667847034394251082, 2.000000000000000000 ) ) ;
#3626 = DIRECTION ( 'NONE',  ( -0.000000000000000000, -0.000000000000000000, 1.000000000000000000 ) ) ;
#3627 = VERTEX_POINT ( 'NONE', #2986 ) ;
#3628 = CARTESIAN_POINT ( 'NONE',  ( 4.350401386351519406, -12.71089917327116403, 5.500000000000000000 ) ) ;
#3629 = AXIS2_PLACEMENT_3D ( 'NONE', #1543, #3982, #5917 ) ;
#3630 = VERTEX_POINT ( 'NONE', #3081 ) ;
#3631 = LINE ( 'NONE', #2566, #4356 ) ;
#3632 = DIRECTION ( 'NONE',  ( -0.000000000000000000, -0.000000000000000000, 1.000000000000000000 ) ) ;
#3633 = AXIS2_PLACEMENT_3D ( 'NONE', #2226, #4154, #4570 ) ;
#3634 = CARTESIAN_POINT ( 'NONE',  ( 7.900355128999997589, -10.07986000700001483, 5.500000000000000000 ) ) ;
#3635 = B_SPLINE_CURVE_WITH_KNOTS ( 'NONE', 3,
 ( #344, #2263, #6127, #3654, #3239, #5585, #6101, #5554, #1782, #5678 ),
 .UNSPECIFIED., .F., .F.,
 ( 4, 3, 3, 4 ),
 ( 0.0001000002718948956410, 0.0002215504887786646148, 0.001107752467935361508, 0.003504809135278626631 ),
 .UNSPECIFIED. ) ;
#3636 = DIRECTION ( 'NONE',  ( -0.000000000000000000, -0.000000000000000000, -1.000000000000000000 ) ) ;
#3637 = CONICAL_SURFACE ( 'NONE', #1, 0.01089732225077483935, 0.8377580409572701337 ) ;
#3638 = ORIENTED_EDGE ( 'NONE', *, *, #3610, .F. ) ;
#3639 = DIRECTION ( 'NONE',  ( 0.7061377159087433020, -0.7061377159275092907, 0.05233595624294389015 ) ) ;
#3640 = EDGE_CURVE ( 'NONE', #491, #3052, #1154, .T. ) ;
#3641 = ORIENTED_EDGE ( 'NONE', *, *, #3068, .F. ) ;
#3642 = VERTEX_POINT ( 'NONE', #70 ) ;
#3643 = CARTESIAN_POINT ( 'NONE',  ( 5.797444779044492513, 3.322571044955491271, 2.000000000000000000 ) ) ;
#3644 = ORIENTED_EDGE ( 'NONE', *, *, #3765, .T. ) ;
#3645 = CARTESIAN_POINT ( 'NONE',  ( -6.699999727000003347, 8.679899476999986874, 2.000000000000000000 ) ) ;
#3646 = EDGE_CURVE ( 'NONE', #2575, #3500, #1741, .T. ) ;
#3647 = PLANE ( 'NONE',  #1734 ) ;
#3648 = CIRCLE ( 'NONE', #3954, 5.760897322016199418 ) ;
#3649 = EDGE_CURVE ( 'NONE', #1554, #115, #5926, .T. ) ;
#3650 = CARTESIAN_POINT ( 'NONE',  ( -12.69963848481760138, -8.800221413993538633, 2.000000000000000000 ) ) ;
#3651 = CARTESIAN_POINT ( 'NONE',  ( -12.70002609400000360, 7.899931351999985196, 2.000000000000000000 ) ) ;
#3652 = LINE ( 'NONE', #5168, #509 ) ;
#3653 = AXIS2_PLACEMENT_3D ( 'NONE', #5331, #2485, #4005 ) ;
#3654 = CARTESIAN_POINT ( 'NONE',  ( 7.988245023952945445, -9.986573614956252953, 5.278753724718200147 ) ) ;
#3655 = DIRECTION ( 'NONE',  ( 0.7361562438362134753, 0.6768116315940184702, 0.000000000000000000 ) ) ;
#3656 = VECTOR ( 'NONE', #4351, 999.9999999999998863 ) ;
#3657 = CARTESIAN_POINT ( 'NONE',  ( 7.900412600322861856, -12.82173378222625004, 5.400137046524545958 ) ) ;
#3658 = VERTEX_POINT ( 'NONE', #4434 ) ;
#3659 = EDGE_CURVE ( 'NONE', #727, #4172, #2442, .T. ) ;
#3660 = VECTOR ( 'NONE', #2005, 1000.000000000000114 ) ;
#3661 = DIRECTION ( 'NONE',  ( 0.000000000000000000, 0.000000000000000000, 1.000000000000000000 ) ) ;
#3662 = CONICAL_SURFACE ( 'NONE', #5277, 0.2999999999627311342, 0.05235987755982995234 ) ;
#3663 = ORIENTED_EDGE ( 'NONE', *, *, #1441, .T. ) ;
#3664 = VECTOR ( 'NONE', #3040, 1000.000000000000000 ) ;
#3665 = CARTESIAN_POINT ( 'NONE',  ( -4.049635330018208634, -13.30026024938548268, 2.000000000000000000 ) ) ;
#3666 = DIRECTION ( 'NONE',  ( -1.000000000000000000, 0.000000000000000000, 0.000000000000000000 ) ) ;
#3667 = LINE ( 'NONE', #1263, #3091 ) ;
#3668 = VECTOR ( 'NONE', #413, 1000.000000000000000 ) ;
#3669 = DIRECTION ( 'NONE',  ( -0.03752322190679168584, -0.6680776722686632141, -0.7431448254773884710 ) ) ;
#3670 = LINE ( 'NONE', #5019, #1623 ) ;
#3671 = ORIENTED_EDGE ( 'NONE', *, *, #191, .F. ) ;
#3672 = AXIS2_PLACEMENT_3D ( 'NONE', #4314, #4285, #5838 ) ;
#3673 = LINE ( 'NONE', #3584, #4648 ) ;
#3674 = ORIENTED_EDGE ( 'NONE', *, *, #4254, .F. ) ;
#3675 = ORIENTED_EDGE ( 'NONE', *, *, #3610, .T. ) ;
#3676 = VECTOR ( 'NONE', #1137, 1000.000000000000000 ) ;
#3677 = CARTESIAN_POINT ( 'NONE',  ( -12.82152338616119636, -4.350266343635198929, 5.400137046524553064 ) ) ;
#3678 = ORIENTED_EDGE ( 'NONE', *, *, #1386, .T. ) ;
#3679 = EDGE_CURVE ( 'NONE', #367, #2081, #649, .T. ) ;
#3680 = DIRECTION ( 'NONE',  ( -0.6767889836201482767, -0.7361770654200024966, -0.000000000000000000 ) ) ;
#3681 = CARTESIAN_POINT ( 'NONE',  ( -3.216695469416878339, -5.282716275748700063, 5.500000000000000000 ) ) ;
#3682 = DIRECTION ( 'NONE',  ( 1.000000000000000000, 0.000000000000000000, 0.000000000000000000 ) ) ;
#3683 = FACE_OUTER_BOUND ( 'NONE', #5252, .T. ) ;
#3684 = AXIS2_PLACEMENT_3D ( 'NONE', #2613, #1628, #4541 ) ;
#3685 = EDGE_CURVE ( 'NONE', #66, #1744, #703, .T. ) ;
#3686 = CARTESIAN_POINT ( 'NONE',  ( 5.808258325911855202, 3.735439891097392273, 2.000000000000000000 ) ) ;
#3687 = CARTESIAN_POINT ( 'NONE',  ( -5.699274774000003596, -2.800136971000014352, 5.400137046524544182 ) ) ;
#3688 = PLANE ( 'NONE',  #3365 ) ;
#3689 = DIRECTION ( 'NONE',  ( -0.9984264146936411288, 0.05607757521506560872, 0.000000000000000000 ) ) ;
#3690 = EDGE_LOOP ( 'NONE', ( #1955, #2486, #5351, #514 ) ) ;
#3691 = LINE ( 'NONE', #2236, #5272 ) ;
#3692 = VERTEX_POINT ( 'NONE', #1585 ) ;
#3693 = EDGE_CURVE ( 'NONE', #1124, #3613, #5509, .T. ) ;
#3694 = CARTESIAN_POINT ( 'NONE',  ( -8.499675750000003305, -10.68021935800001465, 5.400137046524545958 ) ) ;
#3695 = EDGE_CURVE ( 'NONE', #3500, #5901, #1180, .T. ) ;
#3696 = FACE_OUTER_BOUND ( 'NONE', #2807, .T. ) ;
#3697 = DIRECTION ( 'NONE',  ( 0.000000000000000000, 0.000000000000000000, 1.000000000000000000 ) ) ;
#3698 = ORIENTED_EDGE ( 'NONE', *, *, #5848, .F. ) ;
#3699 = ORIENTED_EDGE ( 'NONE', *, *, #6236, .F. ) ;
#3700 = DIRECTION ( 'NONE',  ( -0.9984264146936411288, 0.05607757521506560872, -0.000000000000000000 ) ) ;
#3701 = ORIENTED_EDGE ( 'NONE', *, *, #2958, .F. ) ;
#3702 = VERTEX_POINT ( 'NONE', #5860 ) ;
#3703 = CARTESIAN_POINT ( 'NONE',  ( -13.29994605654849771, 3.760859782268985096, 5.500000000000000000 ) ) ;
#3704 = ORIENTED_EDGE ( 'NONE', *, *, #512, .T. ) ;
#3705 = DIRECTION ( 'NONE',  ( 0.000000000000000000, 0.000000000000000000, 1.000000000000000000 ) ) ;
#3706 = CIRCLE ( 'NONE', #5124, 0.2999999999627311342 ) ;
#3707 = PRODUCT_DEFINITION ( 'UNKNOWN', '', #4092, #2196 ) ;
#3708 = CARTESIAN_POINT ( 'NONE',  ( -12.99964404003174501, -8.500224051813010107, 2.000000000000084821 ) ) ;
#3709 = CARTESIAN_POINT ( 'NONE',  ( -4.049599919678109394, -14.99999999999999822, 2.000000000000000000 ) ) ;
#3710 = CARTESIAN_POINT ( 'NONE',  ( 8.486891804249159676, -0.2942169461278140163, 5.500000000000000000 ) ) ;
#3711 = DIRECTION ( 'NONE',  ( -0.7351681603373646512, 0.6758614678396096531, 0.05233595624294390403 ) ) ;
#3712 = DIRECTION ( 'NONE',  ( 0.9986295345395974632, 2.072109062035472636E-05, 0.05233595624294389709 ) ) ;
#3713 = CARTESIAN_POINT ( 'NONE',  ( -8.111458031410858638, 6.303298755358923700, 5.400137046526360507 ) ) ;
#3714 = ORIENTED_EDGE ( 'NONE', *, *, #4597, .F. ) ;
#3715 = CIRCLE ( 'NONE', #2103, 0.3000000000147685086 ) ;
#3716 = VERTEX_POINT ( 'NONE', #1515 ) ;
#3717 = EDGE_CURVE ( 'NONE', #3320, #2325, #3451, .T. ) ;
#3718 = B_SPLINE_CURVE_WITH_KNOTS ( 'NONE', 3,
 ( #5173, #4165, #1255, #812 ),
 .UNSPECIFIED., .F., .F.,
 ( 4, 4 ),
 ( 0.000000000000000000, 0.0001493492334877356928 ),
 .UNSPECIFIED. ) ;
#3719 = DIRECTION ( 'NONE',  ( 1.000000000000000000, 0.000000000000000000, 0.000000000000000000 ) ) ;
#3720 = ORIENTED_EDGE ( 'NONE', *, *, #2018, .F. ) ;
#3721 = ADVANCED_FACE ( 'NONE', ( #5896 ), #5381, .T. ) ;
#3722 = DIRECTION ( 'NONE',  ( -0.000000000000000000, -0.000000000000000000, -1.000000000000000000 ) ) ;
#3723 = DIRECTION ( 'NONE',  ( 0.000000000000000000, 0.000000000000000000, 1.000000000000000000 ) ) ;
#3724 = CARTESIAN_POINT ( 'NONE',  ( -8.799652370022663206, -12.70032002400001048, 2.000000000000000000 ) ) ;
#3725 = CIRCLE ( 'NONE', #1303, 0.3000000001796097049 ) ;
#3726 = EDGE_CURVE ( 'NONE', #2409, #3423, #2087, .T. ) ;
#3727 = CONICAL_SURFACE ( 'NONE', #3528, 0.3000000001321459497, 0.05235987755982995234 ) ;
#3728 = ADVANCED_FACE ( 'NONE', ( #3483 ), #3956, .T. ) ;
#3729 = ORIENTED_EDGE ( 'NONE', *, *, #1749, .F. ) ;
#3730 = ORIENTED_EDGE ( 'NONE', *, *, #302, .F. ) ;
#3731 = CIRCLE ( 'NONE', #5249, 6.049999999780197868 ) ;
#3732 = DIRECTION ( 'NONE',  ( 0.000000000000000000, 0.000000000000000000, 1.000000000000000000 ) ) ;
#3733 = ORIENTED_EDGE ( 'NONE', *, *, #2089, .T. ) ;
#3734 = EDGE_CURVE ( 'NONE', #2744, #377, #2536, .T. ) ;
#3735 = CARTESIAN_POINT ( 'NONE',  ( 15.48277299116755401, -14.46666666666666501, 0.4999999999999970024 ) ) ;
#3736 = ORIENTED_EDGE ( 'NONE', *, *, #3219, .T. ) ;
#3737 = CARTESIAN_POINT ( 'NONE',  ( 2.800136970999997033, 5.699274773999986721, 2.000000000000000000 ) ) ;
#3738 = CONICAL_SURFACE ( 'NONE', #1334, 6.049999999785586446, 0.05235987755982995234 ) ;
#3739 = VECTOR ( 'NONE', #3212, 1000.000000000000114 ) ;
#3740 = B_SPLINE_CURVE_WITH_KNOTS ( 'NONE', 3,
 ( #2487, #4388, #52, #3942 ),
 .UNSPECIFIED., .F., .F.,
 ( 4, 4 ),
 ( 0.0001001455196119755824, 0.003509750925411983004 ),
 .UNSPECIFIED. ) ;
#3741 = CARTESIAN_POINT ( 'NONE',  ( -3.080742166936061288, -14.53113247964292576, 6.112063013442303294 ) ) ;
#3742 = ORIENTED_EDGE ( 'NONE', *, *, #4297, .F. ) ;
#3743 = DIRECTION ( 'NONE',  ( 1.000000000000000000, 0.000000000000000000, 0.000000000000000000 ) ) ;
#3744 = CARTESIAN_POINT ( 'NONE',  ( -6.277449362724078163, -8.138054697404516702, 5.433438435342273110 ) ) ;
#3745 = AXIS2_PLACEMENT_3D ( 'NONE', #164, #1230, #4019 ) ;
#3746 = CARTESIAN_POINT ( 'NONE',  ( -6.699999727000003347, 11.42726392699998605, 5.500000000000000000 ) ) ;
#3747 = CARTESIAN_POINT ( 'NONE',  ( 14.48332870112989212, -15.50000000000000000, 0.4999999999999970024 ) ) ;
#3748 = ORIENTED_EDGE ( 'NONE', *, *, #3999, .F. ) ;
#3749 = VERTEX_POINT ( 'NONE', #3049 ) ;
#3750 = DIRECTION ( 'NONE',  ( 0.9984264146936411288, -0.05607757521506560872, 4.330848987258359546E-19 ) ) ;
#3751 = ORIENTED_EDGE ( 'NONE', *, *, #3273, .F. ) ;
#3752 = AXIS2_PLACEMENT_3D ( 'NONE', #1286, #4229, #1851 ) ;
#3753 = DIRECTION ( 'NONE',  ( -1.000000000000000000, 0.000000000000000000, 0.000000000000000000 ) ) ;
#3754 = EDGE_CURVE ( 'NONE', #2757, #409, #4195, .T. ) ;
#3755 = DIRECTION ( 'NONE',  ( 1.000000000000000000, 0.000000000000000000, 0.000000000000000000 ) ) ;
#3756 = DIRECTION ( 'NONE',  ( -0.7061377158613603156, 0.7061377159748921661, 0.05233595624294389709 ) ) ;
#3757 = CIRCLE ( 'NONE', #1537, 0.01089732227935354125 ) ;
#3758 = VECTOR ( 'NONE', #2785, 1000.000000000000000 ) ;
#3759 = AXIS2_PLACEMENT_3D ( 'NONE', #5286, #2853, #4780 ) ;
#3760 = CIRCLE ( 'NONE', #4772, 0.3000000000127310829 ) ;
#3761 = VERTEX_POINT ( 'NONE', #4969 ) ;
#3762 = CIRCLE ( 'NONE', #237, 0.01089732219873226771 ) ;
#3763 = ORIENTED_EDGE ( 'NONE', *, *, #4798, .F. ) ;
#3764 = VECTOR ( 'NONE', #330, 1000.000000000000114 ) ;
#3765 = EDGE_CURVE ( 'NONE', #5932, #1787, #1838, .T. ) ;
#3766 = VECTOR ( 'NONE', #1313, 1000.000000000000000 ) ;
#3767 = EDGE_CURVE ( 'NONE', #5197, #491, #2660, .T. ) ;
#3768 = LINE ( 'NONE', #384, #5388 ) ;
#3769 = ORIENTED_EDGE ( 'NONE', *, *, #5863, .T. ) ;
#3770 = EDGE_LOOP ( 'NONE', ( #1408, #640, #5702, #2771 ) ) ;
#3771 = DIRECTION ( 'NONE',  ( 0.9999999998285441505, 1.851787947816638572E-05, -0.000000000000000000 ) ) ;
#3772 = CONICAL_SURFACE ( 'NONE', #1351, 0.3000000001195956556, 0.05235987755982995234 ) ;
#3773 = EDGE_LOOP ( 'NONE', ( #3050, #3199, #2897, #3128 ) ) ;
#3774 = EDGE_CURVE ( 'NONE', #3320, #3301, #4650, .T. ) ;
#3775 = LINE ( 'NONE', #1868, #5457 ) ;
#3776 = ORIENTED_EDGE ( 'NONE', *, *, #4798, .T. ) ;
#3777 = UNCERTAINTY_MEASURE_WITH_UNIT (LENGTH_MEASURE( 1.000000000000000082E-05 ), #1913, 'distance_accuracy_value', 'NONE');
#3778 = CARTESIAN_POINT ( 'NONE',  ( -10.55451464615217461, -8.621982975291732743, 4.393767081129117180 ) ) ;
#3779 = ORIENTED_EDGE ( 'NONE', *, *, #5112, .F. ) ;
#3780 = DIRECTION ( 'NONE',  ( 9.691509300814249114E-07, -0.05233595623397058888, -0.9986295347545739443 ) ) ;
#3781 = DIRECTION ( 'NONE',  ( -1.000000000000000000, 0.000000000000000000, 0.000000000000000000 ) ) ;
#3782 = CARTESIAN_POINT ( 'NONE',  ( -6.999994330000003373, 8.131365950999983383, 2.000000000000000000 ) ) ;
#3783 = DIRECTION ( 'NONE',  ( -0.6691306062136577193, -1.394010883823203179E-05, -0.7431448254773873607 ) ) ;
#3784 = ORIENTED_EDGE ( 'NONE', *, *, #2728, .T. ) ;
#3785 = LINE ( 'NONE', #3308, #4764 ) ;
#3786 = ORIENTED_EDGE ( 'NONE', *, *, #828, .T. ) ;
#3787 = CARTESIAN_POINT ( 'NONE',  ( -0.2152995575590196664, 5.830852286721676769, 5.433547372085637761 ) ) ;
#3788 = VECTOR ( 'NONE', #1195, 999.9999999999998863 ) ;
#3789 = PLANE ( 'NONE',  #2133 ) ;
#3790 = CARTESIAN_POINT ( 'NONE',  ( 3.012269005276120737, -5.487142739223888732, 2.000000000000000000 ) ) ;
#3791 = VECTOR ( 'NONE', #4175, 1000.000000000000000 ) ;
#3792 = CARTESIAN_POINT ( 'NONE',  ( -0.2891026777640016698, 5.753638640241806712, 5.500000000000000000 ) ) ;
#3793 = ORIENTED_EDGE ( 'NONE', *, *, #1209, .T. ) ;
#3794 = ADVANCED_FACE ( 'NONE', ( #2669 ), #5171, .T. ) ;
#3795 = ORIENTED_EDGE ( 'NONE', *, *, #5697, .F. ) ;
#3796 = CARTESIAN_POINT ( 'NONE',  ( -8.499650807907141115, -13.00032002402952536, 2.000000000000000000 ) ) ;
#3797 = ORIENTED_EDGE ( 'NONE', *, *, #1952, .F. ) ;
#3798 = ORIENTED_EDGE ( 'NONE', *, *, #872, .F. ) ;
#3799 = ADVANCED_FACE ( 'NONE', ( #913 ), #3857, .T. ) ;
#3800 = CARTESIAN_POINT ( 'NONE',  ( 4.050413607924618908, -13.30000497597609943, 2.000000000000325517 ) ) ;
#3801 = CIRCLE ( 'NONE', #3391, 0.1218063681157170730 ) ;
#3802 = ORIENTED_EDGE ( 'NONE', *, *, #2606, .F. ) ;
#3803 = EDGE_CURVE ( 'NONE', #5160, #874, #2357, .T. ) ;
#3804 = DIRECTION ( 'NONE',  ( -0.02307840094496291586, -0.04697275514260233070, -0.9986295347545739443 ) ) ;
#3805 = EDGE_LOOP ( 'NONE', ( #5401, #1097, #3288, #1586 ) ) ;
#3806 = ADVANCED_FACE ( 'NONE', ( #2326 ), #4260, .F. ) ;
#3807 = CARTESIAN_POINT ( 'NONE',  ( 7.290364895844216875, -9.215188202414298146, 5.400137046524545070 ) ) ;
#3808 = ORIENTED_EDGE ( 'NONE', *, *, #6126, .T. ) ;
#3809 = EDGE_CURVE ( 'NONE', #4349, #518, #5748, .T. ) ;
#3810 = DIRECTION ( 'NONE',  ( 0.000000000000000000, 0.000000000000000000, -1.000000000000000000 ) ) ;
#3811 = FILL_AREA_STYLE_COLOUR ( '', #3317 ) ;
#3812 = CARTESIAN_POINT ( 'NONE',  ( -8.016528256491149307, -6.402204150712950792, 2.797922554897261715 ) ) ;
#3813 = LINE ( 'NONE', #3305, #4248 ) ;
#3814 = VERTEX_POINT ( 'NONE', #5239 ) ;
#3815 = CARTESIAN_POINT ( 'NONE',  ( -8.078286790553443453, -6.220231067218919385, 5.400137046524553064 ) ) ;
#3816 = ORIENTED_EDGE ( 'NONE', *, *, #4040, .F. ) ;
#3817 = DIRECTION ( 'NONE',  ( 0.000000000000000000, 0.000000000000000000, -1.000000000000000000 ) ) ;
#3818 = EDGE_CURVE ( 'NONE', #2125, #1031, #1206, .T. ) ;
#3819 = FACE_OUTER_BOUND ( 'NONE', #1942, .T. ) ;
#3820 = DIRECTION ( 'NONE',  ( -1.000000000000000000, 0.000000000000000000, 0.000000000000000000 ) ) ;
#3821 = CIRCLE ( 'NONE', #2715, 5.871806367948340544 ) ;
#3822 = CARTESIAN_POINT ( 'NONE',  ( 4.350403711903077841, -12.82180821915066637, 5.400137046524545958 ) ) ;
#3823 = EDGE_LOOP ( 'NONE', ( #1862, #4551, #223, #4601 ) ) ;
#3824 = VERTEX_POINT ( 'NONE', #5270 ) ;
#3825 = VECTOR ( 'NONE', #346, 1000.000000000000000 ) ;
#3826 = LINE ( 'NONE', #4330, #1440 ) ;
#3827 = ORIENTED_EDGE ( 'NONE', *, *, #1866, .T. ) ;
#3828 = ORIENTED_EDGE ( 'NONE', *, *, #2797, .T. ) ;
#3829 = CARTESIAN_POINT ( 'NONE',  ( -3.252606517456513302E-15, 6.050000000284919466, 2.000000000000000000 ) ) ;
#3830 = AXIS2_PLACEMENT_3D ( 'NONE', #1627, #3464, #3093 ) ;
#3831 = ORIENTED_EDGE ( 'NONE', *, *, #5313, .F. ) ;
#3832 = ADVANCED_FACE ( 'NONE', ( #229 ), #3662, .T. ) ;
#3833 = LINE ( 'NONE', #1893, #2926 ) ;
#3834 = CIRCLE ( 'NONE', #3435, 0.9999999999999991118 ) ;
#3835 = EDGE_LOOP ( 'NONE', ( #297, #6053, #221, #5413 ) ) ;
#3836 = LINE ( 'NONE', #3902, #5710 ) ;
#3837 = ORIENTED_EDGE ( 'NONE', *, *, #5792, .T. ) ;
#3838 = AXIS2_PLACEMENT_3D ( 'NONE', #3312, #4766, #1443 ) ;
#3839 = DIRECTION ( 'NONE',  ( 1.000000000000000000, 0.000000000000000000, 0.000000000000000000 ) ) ;
#3840 = EDGE_CURVE ( 'NONE', #3613, #912, #133, .T. ) ;
#3841 = DIRECTION ( 'NONE',  ( 1.000000000000000000, 0.000000000000000000, 0.000000000000000000 ) ) ;
#3842 = CARTESIAN_POINT ( 'NONE',  ( -8.096361994334664303, -6.319990100610676009, 4.983758135933615385 ) ) ;
#3843 = CARTESIAN_POINT ( 'NONE',  ( -8.108493788764658206, 6.306337412632739614, 5.319214834637086220 ) ) ;
#3844 = EDGE_CURVE ( 'NONE', #3929, #84, #2155, .T. ) ;
#3845 = EDGE_LOOP ( 'NONE', ( #2981, #317, #71, #4372 ) ) ;
#3846 = DIRECTION ( 'NONE',  ( 1.000000000000000000, 0.000000000000000000, 0.000000000000000000 ) ) ;
#3847 = VERTEX_POINT ( 'NONE', #5061 ) ;
#3848 = DIRECTION ( 'NONE',  ( 1.000000000000000000, 0.000000000000000000, 0.000000000000000000 ) ) ;
#3849 = ORIENTED_EDGE ( 'NONE', *, *, #4842, .T. ) ;
#3850 = CARTESIAN_POINT ( 'NONE',  ( -5.361140813653046067, 3.138270930549953430, 5.400137046525172124 ) ) ;
#3851 = FACE_OUTER_BOUND ( 'NONE', #4598, .T. ) ;
#3852 = LINE ( 'NONE', #5819, #1538 ) ;
#3853 = ADVANCED_FACE ( 'NONE', ( #763 ), #2242, .F. ) ;
#3854 = VERTEX_POINT ( 'NONE', #1706 ) ;
#3855 = CARTESIAN_POINT ( 'NONE',  ( -3.469446951953614189E-15, -1.387778780781445676E-14, 5.500000000000000000 ) ) ;
#3856 = ORIENTED_EDGE ( 'NONE', *, *, #2339, .T. ) ;
#3857 = CONICAL_SURFACE ( 'NONE', #1237, 0.3000000000433419856, 0.05235987755982995234 ) ;
#3858 = PLANE ( 'NONE',  #3868 ) ;
#3859 = AXIS2_PLACEMENT_3D ( 'NONE', #910, #2834, #432 ) ;
#3860 = ORIENTED_EDGE ( 'NONE', *, *, #2845, .F. ) ;
#3862 = DIRECTION ( 'NONE',  ( 0.000000000000000000, 0.000000000000000000, 1.000000000000000000 ) ) ;
#3861 = AXIS2_PLACEMENT_3D ( 'NONE', #2015, #3479, #4361 ) ;
#3863 = CIRCLE ( 'NONE', #5687, 0.01089732221807790391 ) ;
#3864 = ORIENTED_EDGE ( 'NONE', *, *, #1326, .F. ) ;
#3865 = CARTESIAN_POINT ( 'NONE',  ( -5.399274773526193449, -2.800136971000014352, 2.000000000000000000 ) ) ;
#3866 = ORIENTED_EDGE ( 'NONE', *, *, #381, .F. ) ;
#3867 = VERTEX_POINT ( 'NONE', #2185 ) ;
#3868 = AXIS2_PLACEMENT_3D ( 'NONE', #675, #3712, #5648 ) ;
#3869 = DIRECTION ( 'NONE',  ( 0.6767889836201482767, 0.7361770654200024966, -3.464679189806688022E-18 ) ) ;
#3870 = ADVANCED_FACE ( 'NONE', ( #4116 ), #1931, .T. ) ;
#3871 = ORIENTED_EDGE ( 'NONE', *, *, #256, .T. ) ;
#3872 = CARTESIAN_POINT ( 'NONE',  ( -6.407699900093889234, -4.341679093906127385, 5.500000000000000000 ) ) ;
#3873 = CIRCLE ( 'NONE', #3170, 0.1218063681529425041 ) ;
#3874 = DIRECTION ( 'NONE',  ( -0.03700711379098016451, -0.03700710532755547427, -0.9986295347545739443 ) ) ;
#3875 = CARTESIAN_POINT ( 'NONE',  ( 8.679899476991959517, -6.710897049325133423, 5.500000000000000000 ) ) ;
#3876 = DIRECTION ( 'NONE',  ( 0.05233595623167718730, 1.085960065010134685E-06, -0.9986295347545739443 ) ) ;
#3877 = ORIENTED_EDGE ( 'NONE', *, *, #1761, .F. ) ;
#3878 = DIRECTION ( 'NONE',  ( -0.000000000000000000, -0.000000000000000000, -1.000000000000000000 ) ) ;
#3879 = ADVANCED_FACE ( 'NONE', ( #5093 ), #4623, .F. ) ;
#3880 = VERTEX_POINT ( 'NONE', #1265 ) ;
#3881 = LINE ( 'NONE', #1979, #1930 ) ;
#3882 = VERTEX_POINT ( 'NONE', #3194 ) ;
#3883 = EDGE_CURVE ( 'NONE', #2337, #4861, #23, .T. ) ;
#3884 = DIRECTION ( 'NONE',  ( -0.000000000000000000, -0.000000000000000000, -1.000000000000000000 ) ) ;
#3885 = CARTESIAN_POINT ( 'NONE',  ( -9.986641140329480137, 7.987872781574627545, 5.278753725032147237 ) ) ;
#3886 = CARTESIAN_POINT ( 'NONE',  ( -6.699994329622446010, -4.349384664000013778, 2.000000000000000000 ) ) ;
#3887 = PLANE ( 'NONE',  #4572 ) ;
#3888 = ORIENTED_EDGE ( 'NONE', *, *, #2573, .F. ) ;
#3889 = CARTESIAN_POINT ( 'NONE',  ( 5.585312744999996859, 3.534703078999986037, 5.400137046524544182 ) ) ;
#3890 = ADVANCED_FACE ( 'NONE', ( #3003 ), #5675, .T. ) ;
#3891 = EDGE_CURVE ( 'NONE', #1511, #51, #596, .T. ) ;
#3892 = VERTEX_POINT ( 'NONE', #1077 ) ;
#3893 = CARTESIAN_POINT ( 'NONE',  ( 7.900417141715677438, -12.99992741403262997, 2.000000000000000000 ) ) ;
#3894 = AXIS2_PLACEMENT_3D ( 'NONE', #3588, #1095, #6001 ) ;
#3895 = ORIENTED_EDGE ( 'NONE', *, *, #5128, .T. ) ;
#3896 = CARTESIAN_POINT ( 'NONE',  ( -15.50000000000000355, -13.50000000000000000, 2.000000000000000000 ) ) ;
#3897 = EDGE_LOOP ( 'NONE', ( #1637, #5266, #4211, #5431 ) ) ;
#3898 = CARTESIAN_POINT ( 'NONE',  ( -5.699274774000003596, -2.800136971000014352, 5.500000000000000000 ) ) ;
#3899 = ORIENTED_EDGE ( 'NONE', *, *, #1651, .F. ) ;
#3900 = ORIENTED_EDGE ( 'NONE', *, *, #2571, .T. ) ;
#3901 = VECTOR ( 'NONE', #2260, 1000.000000000000000 ) ;
#3902 = CARTESIAN_POINT ( 'NONE',  ( -10.06515952562285676, 7.900766593447003494, 5.500000000000000000 ) ) ;
#3903 = ORIENTED_EDGE ( 'NONE', *, *, #4597, .T. ) ;
#3904 = DIRECTION ( 'NONE',  ( -0.000000000000000000, -0.000000000000000000, 1.000000000000000000 ) ) ;
#3905 = CARTESIAN_POINT ( 'NONE',  ( -10.07992694790109844, 8.021786240138467861, 5.400137046524552176 ) ) ;
#3906 = CARTESIAN_POINT ( 'NONE',  ( 4.349384663999996015, -6.699994329811234550, 2.000000000000000000 ) ) ;
#3907 = DIRECTION ( 'NONE',  ( -0.7061377160462412039, -0.7061377157900113888, 0.05233595624294391097 ) ) ;
#3908 = ORIENTED_EDGE ( 'NONE', *, *, #4976, .F. ) ;
#3909 = DIRECTION ( 'NONE',  ( 0.02457325042368853699, 0.05102594839442464031, -0.9983949659098166896 ) ) ;
#3910 = ORIENTED_EDGE ( 'NONE', *, *, #3734, .T. ) ;
#3911 = FACE_OUTER_BOUND ( 'NONE', #1498, .T. ) ;
#3912 = DIRECTION ( 'NONE',  ( 1.000000000000000000, 0.000000000000000000, 0.000000000000000000 ) ) ;
#3913 = DIRECTION ( 'NONE',  ( -0.4989331129663081010, -0.4458716375280418198, -0.7431448254773841411 ) ) ;
#3914 = LINE ( 'NONE', #4423, #1840 ) ;
#3915 = CARTESIAN_POINT ( 'NONE',  ( 3.872261987502299885, -15.31657266347698787, 5.400137046524545958 ) ) ;
#3916 = ADVANCED_FACE ( 'NONE', ( #3471 ), #4390, .F. ) ;
#3917 = CARTESIAN_POINT ( 'NONE',  ( -1.033010403277139666, 1.033010403394819754, 5.500000000000000000 ) ) ;
#3918 = ORIENTED_EDGE ( 'NONE', *, *, #3114, .F. ) ;
#3919 = EDGE_CURVE ( 'NONE', #2057, #2676, #5844, .T. ) ;
#3920 = DIRECTION ( 'NONE',  ( 0.000000000000000000, 0.000000000000000000, 1.000000000000000000 ) ) ;
#3921 = VERTEX_POINT ( 'NONE', #1571 ) ;
#3922 = AXIS2_PLACEMENT_3D ( 'NONE', #1251, #5614, #4579 ) ;
#3923 = EDGE_CURVE ( 'NONE', #816, #3082, #1144, .T. ) ;
#3924 = LINE ( 'NONE', #3893, #2967 ) ;
#3925 = EDGE_LOOP ( 'NONE', ( #2886, #2002, #3589, #880 ) ) ;
#3926 = LINE ( 'NONE', #4467, #4365 ) ;
#3927 = ORIENTED_EDGE ( 'NONE', *, *, #3068, .T. ) ;
#3928 = LINE ( 'NONE', #2574, #1718 ) ;
#3929 = VERTEX_POINT ( 'NONE', #2519 ) ;
#3930 = EDGE_LOOP ( 'NONE', ( #1283, #1765, #4895, #3521 ) ) ;
#3931 = ADVANCED_FACE ( 'NONE', ( #3501 ), #4668, .T. ) ;
#3932 = AXIS2_PLACEMENT_3D ( 'NONE', #5327, #3904, #3839 ) ;
#3933 = CIRCLE ( 'NONE', #1709, 0.9999999999999991118 ) ;
#3934 = DIRECTION ( 'NONE',  ( -1.000000000000000000, 0.000000000000000000, 0.000000000000000000 ) ) ;
#3935 = ORIENTED_EDGE ( 'NONE', *, *, #466, .T. ) ;
#3936 = CARTESIAN_POINT ( 'NONE',  ( -8.799675749869008357, -10.68022283005211115, 2.000000000001711076 ) ) ;
#3937 = AXIS2_PLACEMENT_3D ( 'NONE', #3645, #1246, #715 ) ;
#3938 = DIRECTION ( 'NONE',  ( -0.4528753774392343945, 0.4925846738129857072, -0.7431448254773934670 ) ) ;
#3939 = DIRECTION ( 'NONE',  ( -0.000000000000000000, -0.000000000000000000, -1.000000000000000000 ) ) ;
#3940 = CARTESIAN_POINT ( 'NONE',  ( 8.200355128975800767, -10.07985378206322302, 1.999999999999578115 ) ) ;
#3941 = ORIENTED_EDGE ( 'NONE', *, *, #522, .F. ) ;
#3942 = CARTESIAN_POINT ( 'NONE',  ( -3.659589346711516654E-15, 6.050000000284912360, 2.000000000000000000 ) ) ;
#3943 = ORIENTED_EDGE ( 'NONE', *, *, #1103, .T. ) ;
#3944 = DIRECTION ( 'NONE',  ( 0.000000000000000000, 0.000000000000000000, 1.000000000000000000 ) ) ;
#3945 = CARTESIAN_POINT ( 'NONE',  ( 2.667847035277223000, 5.430017697941923238, 2.000000000000000000 ) ) ;
#3946 = FACE_OUTER_BOUND ( 'NONE', #3616, .T. ) ;
#3947 = DIRECTION ( 'NONE',  ( 1.000000000000000000, -5.981805089575197430E-17, 0.000000000000000000 ) ) ;
#3948 = LINE ( 'NONE', #2560, #3410 ) ;
#3949 = EDGE_LOOP ( 'NONE', ( #5635, #450, #3489, #1561 ) ) ;
#3950 = CARTESIAN_POINT ( 'NONE',  ( 5.270084710141685669, 2.589269621622801942, 5.400137046524544182 ) ) ;
#3951 = VECTOR ( 'NONE', #879, 1000.000000000000000 ) ;
#3952 = ADVANCED_FACE ( 'NONE', ( #5879 ), #118, .T. ) ;
#3953 = DIRECTION ( 'NONE',  ( -0.5254827455559988314, -0.5254827454415190724, -0.6691306063588580155 ) ) ;
#3954 = AXIS2_PLACEMENT_3D ( 'NONE', #5595, #2272, #6198 ) ;
#3955 = ORIENTED_EDGE ( 'NONE', *, *, #246, .T. ) ;
#3956 = PLANE ( 'NONE',  #5891 ) ;
#3957 = EDGE_CURVE ( 'NONE', #2502, #2454, #4860, .T. ) ;
#3958 = ORIENTED_EDGE ( 'NONE', *, *, #800, .F. ) ;
#3959 = EDGE_CURVE ( 'NONE', #2004, #3882, #1535, .T. ) ;
#3960 = AXIS2_PLACEMENT_3D ( 'NONE', #4136, #5981, #728 ) ;
#3961 = CARTESIAN_POINT ( 'NONE',  ( -6.410891652236003324, 4.349384663999985356, 5.500000000000000000 ) ) ;
#3962 = ORIENTED_EDGE ( 'NONE', *, *, #3048, .F. ) ;
#3963 = ORIENTED_EDGE ( 'NONE', *, *, #2493, .T. ) ;
#3964 = AXIS2_PLACEMENT_3D ( 'NONE', #4451, #1946, #6254 ) ;
#3965 = AXIS2_PLACEMENT_3D ( 'NONE', #4878, #2433, #4808 ) ;
#3966 = DIRECTION ( 'NONE',  ( -1.000000000000000000, 0.000000000000000000, 0.000000000000000000 ) ) ;
#3967 = CIRCLE ( 'NONE', #1238, 0.1218063682657958002 ) ;
#3968 = ORIENTED_EDGE ( 'NONE', *, *, #1894, .F. ) ;
#3969 = EDGE_CURVE ( 'NONE', #3452, #367, #3757, .T. ) ;
#3970 = DIRECTION ( 'NONE',  ( 0.000000000000000000, 0.000000000000000000, 1.000000000000000000 ) ) ;
#3971 = LINE ( 'NONE', #5872, #2528 ) ;
#3972 = CONICAL_SURFACE ( 'NONE', #35, 0.01089732179250036195, 0.8377580409572854547 ) ;
#3973 = CARTESIAN_POINT ( 'NONE',  ( 8.477655575991086323, -0.1781936321953739299, 5.400137046524544182 ) ) ;
#3974 = ORIENTED_EDGE ( 'NONE', *, *, #684, .T. ) ;
#3975 = DIRECTION ( 'NONE',  ( 1.000000000000000000, -1.472343905637575592E-15, 0.000000000000000000 ) ) ;
#3976 = EDGE_LOOP ( 'NONE', ( #5122, #6054, #1063, #4339 ) ) ;
#3977 = DIRECTION ( 'NONE',  ( 0.000000000000000000, -0.7071067811865512365, 0.7071067811865439090 ) ) ;
#3978 = DIRECTION ( 'NONE',  ( -0.9999999998687253422, -1.620336785301418347E-05, 0.000000000000000000 ) ) ;
#3979 = CONICAL_SURFACE ( 'NONE', #1956, 0.3000000000672586320, 0.05235987755982995234 ) ;
#3980 = DIRECTION ( 'NONE',  ( -0.6691306063588525754, -5.976736274835937339E-17, -0.7431448254773994622 ) ) ;
#3981 = CARTESIAN_POINT ( 'NONE',  ( -6.399994330000002840, -5.439559934000014252, 5.500000000000000000 ) ) ;
#3982 = DIRECTION ( 'NONE',  ( -0.000000000000000000, -0.000000000000000000, 1.000000000000000000 ) ) ;
#3983 = LINE ( 'NONE', #4961, #5329 ) ;
#3984 = EDGE_LOOP ( 'NONE', ( #5851, #2401, #3071, #398 ) ) ;
#3985 = CIRCLE ( 'NONE', #2262, 0.5891026777747219167 ) ;
#3986 = CARTESIAN_POINT ( 'NONE',  ( -7.988169577572673319, 6.432102011106715089, 2.000000000000000000 ) ) ;
#3987 = EDGE_LOOP ( 'NONE', ( #203, #5744, #4061, #1978 ) ) ;
#3988 = LINE ( 'NONE', #674, #3553 ) ;
#3989 = DIRECTION ( 'NONE',  ( -0.7431448254774006834, 0.000000000000000000, -0.6691306063588511321 ) ) ;
#3990 = EDGE_CURVE ( 'NONE', #358, #2827, #4795, .T. ) ;
#3991 = ORIENTED_EDGE ( 'NONE', *, *, #29, .T. ) ;
#3992 = CARTESIAN_POINT ( 'NONE',  ( 7.900355128999997589, -10.07986000700001483, 5.400137046524546847 ) ) ;
#3993 = ORIENTED_EDGE ( 'NONE', *, *, #1985, .F. ) ;
#3994 = CIRCLE ( 'NONE', #6121, 0.4781936323401602684 ) ;
#3995 = CARTESIAN_POINT ( 'NONE',  ( -4.349384664000003120, -6.399994330000013498, 5.400137046524544182 ) ) ;
#3996 = EDGE_CURVE ( 'NONE', #1557, #5036, #4353, .T. ) ;
#3997 = ORIENTED_EDGE ( 'NONE', *, *, #1526, .F. ) ;
#3998 = ORIENTED_EDGE ( 'NONE', *, *, #3414, .T. ) ;
#3999 = EDGE_CURVE ( 'NONE', #5501, #1532, #3881, .T. ) ;
#4000 = DIRECTION ( 'NONE',  ( 0.7089993288105342906, 0.2226750623218633485, -0.6691306063588527975 ) ) ;
#4001 = ORIENTED_EDGE ( 'NONE', *, *, #302, .T. ) ;
#4002 = FACE_OUTER_BOUND ( 'NONE', #679, .T. ) ;
#4003 = DIRECTION ( 'NONE',  ( 1.000000000000000000, 0.000000000000000000, 0.000000000000000000 ) ) ;
#4004 = EDGE_CURVE ( 'NONE', #3357, #2789, #4319, .T. ) ;
#4005 = DIRECTION ( 'NONE',  ( 1.000000000000000000, 0.000000000000000000, 0.000000000000000000 ) ) ;
#4006 = AXIS2_PLACEMENT_3D ( 'NONE', #5153, #1006, #1771 ) ;
#4007 = ADVANCED_FACE ( 'NONE', ( #3911 ), #5072, .T. ) ;
#4008 = CARTESIAN_POINT ( 'NONE',  ( -6.912131753737879691, 8.467767434989925235, 2.000000000000000000 ) ) ;
#4009 = VERTEX_POINT ( 'NONE', #3401 ) ;
#4010 = CARTESIAN_POINT ( 'NONE',  ( 14.98332870112989035, -14.50000000000000000, 0.000000000000000000 ) ) ;
#4011 = FACE_OUTER_BOUND ( 'NONE', #2954, .T. ) ;
#4012 = DIRECTION ( 'NONE',  ( 1.006661911716823586E-11, -0.05233595624294390403, -0.9986295347545739443 ) ) ;
#4013 = CARTESIAN_POINT ( 'NONE',  ( -12.99995560200986766, 4.349968417071295335, 2.000000000000000000 ) ) ;
#4014 = DIRECTION ( 'NONE',  ( 0.04697275514763013526, 0.02307840093472953574, -0.9986295347545739443 ) ) ;
#4015 = ORIENTED_EDGE ( 'NONE', *, *, #4200, .F. ) ;
#4016 = EDGE_CURVE ( 'NONE', #5934, #5621, #5335, .T. ) ;
#4017 = DIRECTION ( 'NONE',  ( -0.000000000000000000, -0.000000000000000000, -1.000000000000000000 ) ) ;
#4018 = EDGE_LOOP ( 'NONE', ( #4494, #5824, #2993, #3387 ) ) ;
#4019 = DIRECTION ( 'NONE',  ( -1.000000000000000000, 0.000000000000000000, 0.000000000000000000 ) ) ;
#4020 = DIRECTION ( 'NONE',  ( 1.000000000000000000, 0.000000000000000000, 0.000000000000000000 ) ) ;
#4021 = AXIS2_PLACEMENT_3D ( 'NONE', #4457, #2109, #3407 ) ;
#4022 = ORIENTED_EDGE ( 'NONE', *, *, #3014, .F. ) ;
#4023 = DIRECTION ( 'NONE',  ( -0.6663412544728543052, 0.7456469222008113018, -0.000000000000000000 ) ) ;
#4024 = ORIENTED_EDGE ( 'NONE', *, *, #3038, .T. ) ;
#4025 = DIRECTION ( 'NONE',  ( 0.000000000000000000, 0.000000000000000000, -1.000000000000000000 ) ) ;
#4026 = AXIS2_PLACEMENT_3D ( 'NONE', #5977, #2619, #4076 ) ;
#4027 = ORIENTED_EDGE ( 'NONE', *, *, #2845, .T. ) ;
#4028 = EDGE_LOOP ( 'NONE', ( #3419, #2434, #1349, #5905 ) ) ;
#4029 = LINE ( 'NONE', #1161, #5005 ) ;
#4030 = ORIENTED_EDGE ( 'NONE', *, *, #4839, .T. ) ;
#4031 = ADVANCED_FACE ( 'NONE', ( #529 ), #1499, .T. ) ;
#4032 = DIRECTION ( 'NONE',  ( 0.7446250390085761284, 0.6654280569420056857, 0.05233595624294389015 ) ) ;
#4033 = DIRECTION ( 'NONE',  ( 0.000000000000000000, -0.7431448254774006834, -0.6691306063588511321 ) ) ;
#4034 = AXIS2_PLACEMENT_3D ( 'NONE', #5489, #3090, #687 ) ;
#4035 = CIRCLE ( 'NONE', #4540, 1.000000000000000888 ) ;
#4036 = CARTESIAN_POINT ( 'NONE',  ( -8.200092867000003949, -6.220646561000013897, 2.000000000000000000 ) ) ;
#4037 = CARTESIAN_POINT ( 'NONE',  ( 14.48332870112989212, -15.50000000000000000, 1.499999999999992673 ) ) ;
#4038 = CARTESIAN_POINT ( 'NONE',  ( 14.98305084614871951, -14.48333333333333428, 2.000000000000000000 ) ) ;
#4039 = LINE ( 'NONE', #2076, #1820 ) ;
#4040 = EDGE_CURVE ( 'NONE', #4948, #3892, #750, .T. ) ;
#4041 = VECTOR ( 'NONE', #5937, 1000.000000000000000 ) ;
#4042 = CYLINDRICAL_SURFACE ( 'NONE', #4026, 31.00000000000006750 ) ;
#4043 = EDGE_CURVE ( 'NONE', #4058, #6180, #1332, .T. ) ;
#4044 = DIRECTION ( 'NONE',  ( -0.9999999998285441505, -1.851787947816638911E-05, -2.108888075136301175E-22 ) ) ;
#4045 = DIRECTION ( 'NONE',  ( 0.000000000000000000, 0.000000000000000000, 1.000000000000000000 ) ) ;
#4046 = ORIENTED_EDGE ( 'NONE', *, *, #3331, .F. ) ;
#4047 = VECTOR ( 'NONE', #739, 1000.000000000000000 ) ;
#4048 = CARTESIAN_POINT ( 'NONE',  ( 8.131365950999994041, -6.999994330000014031, 2.000000000000000000 ) ) ;
#4049 = VERTEX_POINT ( 'NONE', #4010 ) ;
#4050 = DIRECTION ( 'NONE',  ( -0.000000000000000000, -1.000000000000000000, -0.000000000000000000 ) ) ;
#4051 = EDGE_CURVE ( 'NONE', #912, #3052, #2552, .T. ) ;
#4052 = CARTESIAN_POINT ( 'NONE',  ( -8.111672948869079747, -6.304424299164764989, 5.400137046525653517 ) ) ;
#4053 = VECTOR ( 'NONE', #2553, 1000.000000000000000 ) ;
#4054 = ORIENTED_EDGE ( 'NONE', *, *, #2727, .T. ) ;
#4055 = CARTESIAN_POINT ( 'NONE',  ( -6.521800697756095389, -4.349384664061727079, 5.400137046524544182 ) ) ;
#4056 = ORIENTED_EDGE ( 'NONE', *, *, #2826, .T. ) ;
#4057 = DIRECTION ( 'NONE',  ( 1.000000000000000000, 6.938862362141469722E-11, 0.000000000000000000 ) ) ;
#4058 = VERTEX_POINT ( 'NONE', #4514 ) ;
#4059 = ORIENTED_EDGE ( 'NONE', *, *, #5521, .F. ) ;
#4060 = CARTESIAN_POINT ( 'NONE',  ( 2.800136970999997033, 5.699274773999986721, 5.400137046524544182 ) ) ;
#4061 = ORIENTED_EDGE ( 'NONE', *, *, #4804, .F. ) ;
#4062 = AXIS2_PLACEMENT_3D ( 'NONE', #4203, #4258, #5113 ) ;
#4063 = LINE ( 'NONE', #6003, #5345 ) ;
#4064 = DIRECTION ( 'NONE',  ( -1.000000000000000000, 0.000000000000000000, 0.000000000000000000 ) ) ;
#4065 = AXIS2_PLACEMENT_3D ( 'NONE', #56, #2040, #5368 ) ;
#4066 = VECTOR ( 'NONE', #538, 1000.000000000000000 ) ;
#4067 = AXIS2_PLACEMENT_3D ( 'NONE', #792, #2724, #2837 ) ;
#4068 = LINE ( 'NONE', #3681, #4500 ) ;
#4069 = CONICAL_SURFACE ( 'NONE', #5995, 0.2999999998422467895, 0.05235987755982995234 ) ;
#4070 = EDGE_CURVE ( 'NONE', #3378, #3761, #4872, .T. ) ;
#4071 = FACE_OUTER_BOUND ( 'NONE', #6208, .T. ) ;
#4072 = DIRECTION ( 'NONE',  ( 0.000000000000000000, 0.000000000000000000, 1.000000000000000000 ) ) ;
#4073 = CARTESIAN_POINT ( 'NONE',  ( -8.111672948869079747, -6.304424299164764989, 5.400137046525653517 ) ) ;
#4074 = VECTOR ( 'NONE', #2937, 1000.000000000000000 ) ;
#4075 = VECTOR ( 'NONE', #361, 1000.000000000000000 ) ;
#4076 = DIRECTION ( 'NONE',  ( -1.000000000000000000, 0.000000000000000000, 0.000000000000000000 ) ) ;
#4077 = DIRECTION ( 'NONE',  ( -0.9999999999102268111, -1.339948558378241375E-05, 1.678384522914928058E-23 ) ) ;
#4078 = CARTESIAN_POINT ( 'NONE',  ( -1.033010402578779852, 1.033010402744848344, 5.500000000000000000 ) ) ;
#4079 = ORIENTED_EDGE ( 'NONE', *, *, #1559, .T. ) ;
#4080 = EDGE_CURVE ( 'NONE', #4412, #3080, #4571, .T. ) ;
#4081 = DIRECTION ( 'NONE',  ( 1.000000000000000000, 0.000000000000000000, 0.000000000000000000 ) ) ;
#4082 = VECTOR ( 'NONE', #2501, 1000.000000000000000 ) ;
#4083 = ORIENTED_EDGE ( 'NONE', *, *, #5198, .T. ) ;
#4084 = EDGE_CURVE ( 'NONE', #6203, #3749, #5578, .T. ) ;
#4085 = AXIS2_PLACEMENT_3D ( 'NONE', #5551, #3595, #5526 ) ;
#4086 = DIRECTION ( 'NONE',  ( 0.000000000000000000, 0.000000000000000000, 1.000000000000000000 ) ) ;
#4087 = VECTOR ( 'NONE', #5109, 1000.000000000000000 ) ;
#4088 = LINE ( 'NONE', #823, #2879 ) ;
#4089 = EDGE_CURVE ( 'NONE', #4691, #2161, #2617, .T. ) ;
#4090 = EDGE_CURVE ( 'NONE', #4532, #4868, #1220, .T. ) ;
#4091 = CARTESIAN_POINT ( 'NONE',  ( 2.800136970999997033, -5.699274774000014254, 2.000000000000000000 ) ) ;
#4092 = PRODUCT_DEFINITION_FORMATION_WITH_SPECIFIED_SOURCE ( 'ANY', '', #519, .NOT_KNOWN. ) ;
#4093 = VERTEX_POINT ( 'NONE', #2169 ) ;
#4094 = DIRECTION ( 'NONE',  ( 0.000000000000000000, 0.000000000000000000, 1.000000000000000000 ) ) ;
#4095 = ORIENTED_EDGE ( 'NONE', *, *, #2018, .T. ) ;
#4096 = ORIENTED_EDGE ( 'NONE', *, *, #2089, .F. ) ;
#4097 = DIRECTION ( 'NONE',  ( 0.000000000000000000, 0.000000000000000000, -1.000000000000000000 ) ) ;
#4098 = ORIENTED_EDGE ( 'NONE', *, *, #1638, .T. ) ;
#4099 = LINE ( 'NONE', #713, #6154 ) ;
#4100 = CONICAL_SURFACE ( 'NONE', #959, 0.01089732225866522908, 0.8377580409572685793 ) ;
#4101 = DIRECTION ( 'NONE',  ( 1.000000000000000000, -1.731651965481160858E-10, 0.000000000000000000 ) ) ;
#4102 = LINE ( 'NONE', #2678, #5271 ) ;
#4103 = DIRECTION ( 'NONE',  ( 1.000000000000000000, 0.000000000000000000, 0.000000000000000000 ) ) ;
#4104 = CARTESIAN_POINT ( 'NONE',  ( 5.871806367913845470, -1.387778780781445676E-14, 5.400137046524544182 ) ) ;
#4105 = FACE_OUTER_BOUND ( 'NONE', #1336, .T. ) ;
#4106 = CARTESIAN_POINT ( 'NONE',  ( -5.699274774000003596, -2.800136971000014352, 2.000000000000000000 ) ) ;
#4107 = LINE ( 'NONE', #2653, #2626 ) ;
#4108 = CARTESIAN_POINT ( 'NONE',  ( -6.663501807785477737, 11.54347362183001913, 5.400137046524543294 ) ) ;
#4109 = ORIENTED_EDGE ( 'NONE', *, *, #3137, .F. ) ;
#4110 = CARTESIAN_POINT ( 'NONE',  ( -13.29994785364856824, 3.871768828156994413, 5.400137046524553064 ) ) ;
#4111 = ORIENTED_EDGE ( 'NONE', *, *, #3420, .F. ) ;
#4112 = CARTESIAN_POINT ( 'NONE',  ( -6.583435846537879499, 8.547924464206047901, 5.500000000000000000 ) ) ;
#4113 = EDGE_CURVE ( 'NONE', #1174, #1055, #628, .T. ) ;
#4114 = DIRECTION ( 'NONE',  ( -0.000000000000000000, -0.000000000000000000, -1.000000000000000000 ) ) ;
#4115 = DIRECTION ( 'NONE',  ( -0.5964762234107437999, 0.5964665585653764479, -0.5370696038865286903 ) ) ;
#4116 = FACE_OUTER_BOUND ( 'NONE', #3976, .T. ) ;
#4117 = ORIENTED_EDGE ( 'NONE', *, *, #5343, .T. ) ;
#4118 = ADVANCED_FACE ( 'NONE', ( #3533 ), #1235, .T. ) ;
#4119 = LINE ( 'NONE', #1743, #4047 ) ;
#4120 = EDGE_LOOP ( 'NONE', ( #3704, #3013, #3638, #6217 ) ) ;
#4121 = ORIENTED_EDGE ( 'NONE', *, *, #5733, .T. ) ;
#4122 = CARTESIAN_POINT ( 'NONE',  ( -15.50000000000000533, 4.049926811792508907, 2.000000000000000000 ) ) ;
#4123 = ORIENTED_EDGE ( 'NONE', *, *, #208, .F. ) ;
#4124 = VECTOR ( 'NONE', #666, 999.9999999999998863 ) ;
#4125 = ADVANCED_FACE ( 'NONE', ( #2136 ), #5696, .F. ) ;
#4126 = DIRECTION ( 'NONE',  ( 0.7071067811865425767, 0.000000000000000000, 0.7071067811865525687 ) ) ;
#4127 = CARTESIAN_POINT ( 'NONE',  ( -5.699274774000003596, 2.800136970999986374, 5.500000000000000000 ) ) ;
#4128 = LINE ( 'NONE', #2737, #6032 ) ;
#4129 = DIRECTION ( 'NONE',  ( -0.000000000000000000, -0.000000000000000000, -1.000000000000000000 ) ) ;
#4130 = DIRECTION ( 'NONE',  ( 1.000000000000000000, 0.000000000000000000, 0.000000000000000000 ) ) ;
#4131 = CARTESIAN_POINT ( 'NONE',  ( -0.1407942677755999461, 8.731926169458848364, 2.000000000000000000 ) ) ;
#4132 = AXIS2_PLACEMENT_3D ( 'NONE', #4013, #3441, #4424 ) ;
#4133 = CARTESIAN_POINT ( 'NONE',  ( -5.282716275420678897, -3.216695469614911929, 5.500000000000000000 ) ) ;
#4134 = DIRECTION ( 'NONE',  ( -0.5254827642662510678, -0.5254827267312822681, -0.6691306063588453590 ) ) ;
#4135 = ORIENTED_EDGE ( 'NONE', *, *, #4271, .T. ) ;
#4136 = CARTESIAN_POINT ( 'NONE',  ( 14.48332870112989212, -14.50000000000000000, 0.000000000000000000 ) ) ;
#4137 = VECTOR ( 'NONE', #4787, 1000.000000000000000 ) ;
#4138 = VECTOR ( 'NONE', #1422, 1000.000000000000227 ) ;
#4139 = ORIENTED_EDGE ( 'NONE', *, *, #3774, .T. ) ;
#4140 = DIRECTION ( 'NONE',  ( 0.000000000000000000, 0.000000000000000000, -1.000000000000000000 ) ) ;
#4141 = DIRECTION ( 'NONE',  ( -1.000000000000000000, 0.000000000000000000, 0.000000000000000000 ) ) ;
#4142 = CONICAL_SURFACE ( 'NONE', #918, 0.5891026781723379679, 0.8377580409572850106 ) ;
#4143 = LINE ( 'NONE', #4556, #1075 ) ;
#4144 = EDGE_CURVE ( 'NONE', #1287, #1120, #423, .T. ) ;
#4145 = CARTESIAN_POINT ( 'NONE',  ( -0.2522718034238362605, 5.792366618083597096, 5.466837331789089482 ) ) ;
#4146 = VERTEX_POINT ( 'NONE', #4038 ) ;
#4147 = DIRECTION ( 'NONE',  ( -0.000000000000000000, 0.000000000000000000, -1.000000000000000000 ) ) ;
#4148 = ORIENTED_EDGE ( 'NONE', *, *, #916, .F. ) ;
#4149 = ORIENTED_EDGE ( 'NONE', *, *, #4161, .F. ) ;
#4150 = EDGE_CURVE ( 'NONE', #128, #2857, #3150, .T. ) ;
#4151 = LINE ( 'NONE', #4185, #1842 ) ;
#4152 = VERTEX_POINT ( 'NONE', #4104 ) ;
#4153 = ADVANCED_FACE ( 'NONE', ( #3565 ), #4364, .T. ) ;
#4154 = DIRECTION ( 'NONE',  ( 0.000000000000000000, 0.000000000000000000, 1.000000000000000000 ) ) ;
#4155 = DIRECTION ( 'NONE',  ( 1.376174027944090944E-05, -0.7431448253508624591, -0.6691306063578699170 ) ) ;
#4156 = UNCERTAINTY_MEASURE_WITH_UNIT (LENGTH_MEASURE( 1.000000000000000082E-05 ), #1999, 'distance_accuracy_value', 'NONE');
#4157 = EDGE_CURVE ( 'NONE', #866, #4280, #833, .T. ) ;
#4158 = CARTESIAN_POINT ( 'NONE',  ( 3.012269005276120737, -5.487142739223888732, 2.000000000000000000 ) ) ;
#4159 = CARTESIAN_POINT ( 'NONE',  ( 11.42726392699999671, -6.699999727000014005, 5.400137046524544182 ) ) ;
#4160 = LINE ( 'NONE', #1667, #4823 ) ;
#4161 = EDGE_CURVE ( 'NONE', #4201, #4675, #5379, .T. ) ;
#4162 = VECTOR ( 'NONE', #4155, 1000.000000000000114 ) ;
#4163 = VECTOR ( 'NONE', #3550, 1000.000000000000000 ) ;
#4164 = DIRECTION ( 'NONE',  ( -1.000000000000000000, 0.000000000000000000, 0.000000000000000000 ) ) ;
#4165 = CARTESIAN_POINT ( 'NONE',  ( -10.61730529032066173, -8.557826601244947540, 5.433438434856353361 ) ) ;
#4166 = VECTOR ( 'NONE', #1227, 1000.000000000000114 ) ;
#4167 = CARTESIAN_POINT ( 'NONE',  ( -8.200294732000003251, 6.219963096999987506, 5.400137046524553064 ) ) ;
#4168 = DIRECTION ( 'NONE',  ( -1.239087992370563894E-05, 0.6691306062441267910, -0.7431448254773989071 ) ) ;
#4169 = ORIENTED_EDGE ( 'NONE', *, *, #3459, .T. ) ;
#4170 = DIRECTION ( 'NONE',  ( -0.05233595623485169657, -9.203406370406636454E-07, -0.9986295347545739443 ) ) ;
#4171 = CONICAL_SURFACE ( 'NONE', #1429, 6.050000000297532488, 0.05235987755982995234 ) ;
#4172 = VERTEX_POINT ( 'NONE', #3063 ) ;
#4173 = FACE_OUTER_BOUND ( 'NONE', #5867, .T. ) ;
#4174 = FACE_OUTER_BOUND ( 'NONE', #2637, .T. ) ;
#4175 = DIRECTION ( 'NONE',  ( -7.180436279143186773E-11, -1.000000000000000000, 0.000000000000000000 ) ) ;
#4176 = AXIS2_PLACEMENT_3D ( 'NONE', #2368, #1387, #4212 ) ;
#4177 = ORIENTED_EDGE ( 'NONE', *, *, #3659, .F. ) ;
#4178 = ORIENTED_EDGE ( 'NONE', *, *, #4805, .T. ) ;
#4179 = CONICAL_SURFACE ( 'NONE', #3672, 0.3000000001796097049, 0.05235987755982995234 ) ;
#4180 = EDGE_CURVE ( 'NONE', #2409, #2004, #1166, .T. ) ;
#4181 = CARTESIAN_POINT ( 'NONE',  ( -0.2942169458265063708, 8.486891804410019446, 5.500000000000000000 ) ) ;
#4182 = ORIENTED_EDGE ( 'NONE', *, *, #5733, .F. ) ;
#4183 = VERTEX_POINT ( 'NONE', #5018 ) ;
#4184 = AXIS2_PLACEMENT_3D ( 'NONE', #1540, #598, #630 ) ;
#4185 = CARTESIAN_POINT ( 'NONE',  ( 7.197268125301717667, -8.894913523071004136, 5.500000000000000000 ) ) ;
#4186 = VERTEX_POINT ( 'NONE', #307 ) ;
#4187 = ADVANCED_FACE ( 'NONE', ( #3181 ), #775, .T. ) ;
#4188 = DIRECTION ( 'NONE',  ( 0.7446219583146275189, 0.6654315042735997610, 0.05233595624294390403 ) ) ;
#4189 = EDGE_CURVE ( 'NONE', #3482, #4590, #5189, .T. ) ;
#4190 = FACE_OUTER_BOUND ( 'NONE', #1331, .T. ) ;
#4191 = LINE ( 'NONE', #6125, #3758 ) ;
#4192 = CIRCLE ( 'NONE', #4793, 0.4781936320459598821 ) ;
#4193 = LINE ( 'NONE', #280, #4323 ) ;
#4194 = EDGE_CURVE ( 'NONE', #236, #4859, #2463, .T. ) ;
#4195 = B_SPLINE_CURVE_WITH_KNOTS ( 'NONE', 3,
 ( #5957, #3787, #4145, #3134 ),
 .UNSPECIFIED., .F., .F.,
 ( 4, 4 ),
 ( 0.000000000000000000, 0.0001886933735380741199 ),
 .UNSPECIFIED. ) ;
#4196 = CARTESIAN_POINT ( 'NONE',  ( 7.957186101159818392, -10.01688760456571714, 5.433449322456525898 ) ) ;
#4197 = AXIS2_PLACEMENT_3D ( 'NONE', #2066, #4979, #5038 ) ;
#4198 = LINE ( 'NONE', #1759, #4087 ) ;
#4199 = CARTESIAN_POINT ( 'NONE',  ( 5.792366617577511256, -0.2522718031548909501, 5.466837331789025534 ) ) ;
#4200 = EDGE_CURVE ( 'NONE', #1611, #4228, #5991, .T. ) ;
#4201 = VERTEX_POINT ( 'NONE', #4326 ) ;
#4202 = ORIENTED_EDGE ( 'NONE', *, *, #865, .T. ) ;
#4203 = CARTESIAN_POINT ( 'NONE',  ( 8.131365950999994041, -6.999994330000014031, 5.500000000000000000 ) ) ;
#4204 = ORIENTED_EDGE ( 'NONE', *, *, #94, .F. ) ;
#4205 = CARTESIAN_POINT ( 'NONE',  ( -8.901400751217218854, 7.307669366027106150, 5.400137046524553064 ) ) ;
#4206 = DIRECTION ( 'NONE',  ( 1.000000000000000000, 0.000000000000000000, 0.000000000000000000 ) ) ;
#4207 = CARTESIAN_POINT ( 'NONE',  ( -6.999999726802731637, 11.42726392699998605, 2.000000000000000000 ) ) ;
#4208 = CIRCLE ( 'NONE', #67, 0.1218063680540641402 ) ;
#4209 = APPLICATION_CONTEXT ( 'automotive_design' ) ;
#4210 = ORIENTED_EDGE ( 'NONE', *, *, #3405, .T. ) ;
#4211 = ORIENTED_EDGE ( 'NONE', *, *, #2367, .T. ) ;
#4212 = DIRECTION ( 'NONE',  ( -1.000000000000000000, 2.226554535850134995E-10, 0.000000000000000000 ) ) ;
#4213 = ORIENTED_EDGE ( 'NONE', *, *, #3551, .T. ) ;
#4214 = CARTESIAN_POINT ( 'NONE',  ( -6.699999727000003347, 11.42726392699998605, 5.500000000000000000 ) ) ;
#4215 = EDGE_LOOP ( 'NONE', ( #1517, #1880, #5962, #3266 ) ) ;
#4216 = DIRECTION ( 'NONE',  ( -0.6680765428025373653, -0.03754332594711119742, -0.7431448254774021267 ) ) ;
#4217 = CARTESIAN_POINT ( 'NONE',  ( -6.699994329968539830, 4.349384663999985356, 2.000000000000000000 ) ) ;
#4218 = ADVANCED_FACE ( 'NONE', ( #4459 ), #127, .T. ) ;
#4219 = EDGE_LOOP ( 'NONE', ( #920, #1995, #241, #6072 ) ) ;
#4220 = CIRCLE ( 'NONE', #4021, 0.01089732215642236213 ) ;
#4221 = B_SPLINE_CURVE_WITH_KNOTS ( 'NONE', 3,
 ( #5336, #323, #2245, #5302 ),
 .UNSPECIFIED., .F., .F.,
 ( 4, 4 ),
 ( 0.000000000000000000, 0.0001493492372459552856 ),
 .UNSPECIFIED. ) ;
#4222 = FACE_OUTER_BOUND ( 'NONE', #3491, .T. ) ;
#4223 = DIRECTION ( 'NONE',  ( 0.05233595623167746486, 1.085946343735447079E-06, -0.9986295347545739443 ) ) ;
#4224 = LINE ( 'NONE', #6157, #3766 ) ;
#4225 = LINE ( 'NONE', #3747, #1222 ) ;
#4226 = ORIENTED_EDGE ( 'NONE', *, *, #6136, .F. ) ;
#4227 = VECTOR ( 'NONE', #4012, 1000.000000000000000 ) ;
#4228 = VERTEX_POINT ( 'NONE', #1919 ) ;
#4229 = DIRECTION ( 'NONE',  ( 0.000000000000000000, 0.000000000000000000, 1.000000000000000000 ) ) ;
#4230 = EDGE_CURVE ( 'NONE', #2161, #4783, #3762, .T. ) ;
#4231 = ORIENTED_EDGE ( 'NONE', *, *, #2410, .F. ) ;
#4232 = ADVANCED_FACE ( 'NONE', ( #2050 ), #2152, .T. ) ;
#4233 = CARTESIAN_POINT ( 'NONE',  ( -6.410891651795520119, -4.349384664100138131, 5.500000000000000000 ) ) ;
#4234 = FACE_OUTER_BOUND ( 'NONE', #2745, .T. ) ;
#4235 = CARTESIAN_POINT ( 'NONE',  ( -6.699999727000003347, 8.679899476999986874, 5.400137046524544182 ) ) ;
#4236 = CIRCLE ( 'NONE', #1708, 0.4999999999999987232 ) ;
#4237 = VECTOR ( 'NONE', #4044, 999.9999999999998863 ) ;
#4238 = EDGE_LOOP ( 'NONE', ( #4304, #4791, #4409, #3369 ) ) ;
#4239 = EDGE_CURVE ( 'NONE', #620, #712, #30, .T. ) ;
#4240 = ORIENTED_EDGE ( 'NONE', *, *, #1705, .T. ) ;
#4241 = AXIS2_PLACEMENT_3D ( 'NONE', #4510, #5165, #4663 ) ;
#4242 = CARTESIAN_POINT ( 'NONE',  ( -8.499675750000003305, -10.68021935800001465, 5.500000000000000000 ) ) ;
#4243 = VERTEX_POINT ( 'NONE', #3986 ) ;
#4244 = CIRCLE ( 'NONE', #5054, 0.4781936319554688786 ) ;
#4245 = CARTESIAN_POINT ( 'NONE',  ( -10.67954268100000448, -8.500184006000015557, 5.500000000000000000 ) ) ;
#4246 = ORIENTED_EDGE ( 'NONE', *, *, #4303, .T. ) ;
#4247 = CARTESIAN_POINT ( 'NONE',  ( -2.667847035499366637, -5.430017697295482115, 1.999999999989012345 ) ) ;
#4248 = VECTOR ( 'NONE', #5743, 1000.000000000000114 ) ;
#4249 = DIRECTION ( 'NONE',  ( -0.05233595624092082094, -4.601748853219743849E-07, -0.9986295347545739443 ) ) ;
#4250 = VERTEX_POINT ( 'NONE', #5920 ) ;
#4251 = CARTESIAN_POINT ( 'NONE',  ( -8.191077206682367162, -6.226767794733657269, 5.500000000000000000 ) ) ;
#4252 = DIRECTION ( 'NONE',  ( 0.6758840847752187742, -0.7351473672888325650, 0.05233595624294389709 ) ) ;
#4253 = AXIS2_PLACEMENT_3D ( 'NONE', #700, #260, #195 ) ;
#4254 = EDGE_CURVE ( 'NONE', #5452, #708, #5685, .T. ) ;
#4255 = CARTESIAN_POINT ( 'NONE',  ( -2.800136971000003694, -5.699274774000014254, 2.000000000000000000 ) ) ;
#4256 = PLANE ( 'NONE',  #5564 ) ;
#4257 = ORIENTED_EDGE ( 'NONE', *, *, #2284, .F. ) ;
#4258 = DIRECTION ( 'NONE',  ( -0.000000000000000000, -0.000000000000000000, -1.000000000000000000 ) ) ;
#4259 = VERTEX_POINT ( 'NONE', #578 ) ;
#4260 = PLANE ( 'NONE',  #424 ) ;
#4261 = CIRCLE ( 'NONE', #5783, 5.760897322050690939 ) ;
#4262 = DIRECTION ( 'NONE',  ( 0.000000000000000000, -0.05233595625189308570, 0.9986295347541048750 ) ) ;
#4263 = PLANE ( 'NONE',  #5485 ) ;
#4264 = ADVANCED_FACE ( 'NONE', ( #1546 ), #2554, .F. ) ;
#4265 = CARTESIAN_POINT ( 'NONE',  ( 8.467767435004773802, -6.912131753842751358, 2.000000000000000000 ) ) ;
#4266 = VECTOR ( 'NONE', #4421, 1000.000000000000114 ) ;
#4267 = AXIS2_PLACEMENT_3D ( 'NONE', #4709, #4737, #4767 ) ;
#4268 = EDGE_CURVE ( 'NONE', #669, #6081, #1338, .T. ) ;
#4269 = AXIS2_PLACEMENT_3D ( 'NONE', #3343, #5273, #1010 ) ;
#4270 = ORIENTED_EDGE ( 'NONE', *, *, #3299, .F. ) ;
#4271 = EDGE_CURVE ( 'NONE', #1744, #3385, #2446, .T. ) ;
#4272 = LINE ( 'NONE', #1417, #4775 ) ;
#4273 = ORIENTED_EDGE ( 'NONE', *, *, #5735, .F. ) ;
#4274 = EDGE_CURVE ( 'NONE', #2027, #2083, #644, .T. ) ;
#4275 = ORIENTED_EDGE ( 'NONE', *, *, #263, .F. ) ;
#4276 = CARTESIAN_POINT ( 'NONE',  ( -3.469446951953614189E-15, -1.387778780781445676E-14, 2.000000000000000000 ) ) ;
#4277 = ORIENTED_EDGE ( 'NONE', *, *, #633, .T. ) ;
#4278 = FACE_OUTER_BOUND ( 'NONE', #1961, .T. ) ;
#4279 = VECTOR ( 'NONE', #1079, 1000.000000000000000 ) ;
#4280 = VERTEX_POINT ( 'NONE', #1477 ) ;
#4281 = LINE ( 'NONE', #5325, #4502 ) ;
#4282 = ORIENTED_EDGE ( 'NONE', *, *, #4080, .T. ) ;
#4283 = DIRECTION ( 'NONE',  ( 0.7061377160404970210, -0.7061377157957554607, 0.05233595624294389709 ) ) ;
#4284 = CARTESIAN_POINT ( 'NONE',  ( -14.46666666666667034, 15.48277299116756289, 1.499999999999992673 ) ) ;
#4285 = DIRECTION ( 'NONE',  ( 0.000000000000000000, 0.000000000000000000, 1.000000000000000000 ) ) ;
#4286 = CARTESIAN_POINT ( 'NONE',  ( -5.044722235433840574E-11, 8.477655575938456423, 2.000000000000000000 ) ) ;
#4287 = VERTEX_POINT ( 'NONE', #3409 ) ;
#4288 = DIRECTION ( 'NONE',  ( 0.7066214505184271744, 0.03704391089586087787, 0.7066214505184325034 ) ) ;
#4289 = ORIENTED_EDGE ( 'NONE', *, *, #5689, .T. ) ;
#4290 = DIRECTION ( 'NONE',  ( 0.7071067811865526798, 8.459549885149713024E-17, -0.7071067811865424657 ) ) ;
#4291 = EDGE_CURVE ( 'NONE', #2267, #128, #1428, .T. ) ;
#4292 = VECTOR ( 'NONE', #2607, 1000.000000000000000 ) ;
#4293 = CARTESIAN_POINT ( 'NONE',  ( -9.867796590798375789, 8.112115839455549704, 2.000000000000000000 ) ) ;
#4294 = CARTESIAN_POINT ( 'NONE',  ( -12.71054136228248232, -8.500220580661862257, 5.500000000000000000 ) ) ;
#4295 = LINE ( 'NONE', #3822, #5380 ) ;
#4296 = ORIENTED_EDGE ( 'NONE', *, *, #2499, .T. ) ;
#4297 = EDGE_CURVE ( 'NONE', #4474, #414, #539, .T. ) ;
#4298 = VERTEX_POINT ( 'NONE', #3950 ) ;
#4299 = CARTESIAN_POINT ( 'NONE',  ( -3.469446951953614189E-15, -1.387778780781445676E-14, 5.500000000000000000 ) ) ;
#4300 = VERTEX_POINT ( 'NONE', #4802 ) ;
#4301 = ORIENTED_EDGE ( 'NONE', *, *, #5982, .T. ) ;
#4302 = DIRECTION ( 'NONE',  ( 0.000000000000000000, 0.000000000000000000, 1.000000000000000000 ) ) ;
#4303 = EDGE_CURVE ( 'NONE', #6222, #5210, #471, .T. ) ;
#4304 = ORIENTED_EDGE ( 'NONE', *, *, #1083, .F. ) ;
#4305 = EDGE_CURVE ( 'NONE', #2354, #2892, #789, .T. ) ;
#4306 = DIRECTION ( 'NONE',  ( 1.000000000000000000, 0.000000000000000000, 0.000000000000000000 ) ) ;
#4307 = EDGE_LOOP ( 'NONE', ( #4955, #4117, #3793, #2631 ) ) ;
#4308 = CARTESIAN_POINT ( 'NONE',  ( -6.319439688374184350, -8.096839307086250770, 4.983758067037872941 ) ) ;
#4309 = ORIENTED_EDGE ( 'NONE', *, *, #5324, .T. ) ;
#4310 = ADVANCED_FACE ( 'NONE', ( #3444 ), #5342, .F. ) ;
#4311 = CARTESIAN_POINT ( 'NONE',  ( 2.667847035277224332, 5.430017697941922350, 2.000000000000000000 ) ) ;
#4312 = CARTESIAN_POINT ( 'NONE',  ( -7.987549735179151789, -6.432366699815232458, 2.000000000000000000 ) ) ;
#4313 = VECTOR ( 'NONE', #4641, 999.9999999999998863 ) ;
#4314 = CARTESIAN_POINT ( 'NONE',  ( -5.699274774000003596, 2.800136970999986374, 2.000000000000000000 ) ) ;
#4315 = LINE ( 'NONE', #1877, #721 ) ;
#4316 = VERTEX_POINT ( 'NONE', #542 ) ;
#4317 = CARTESIAN_POINT ( 'NONE',  ( 5.675833383149802458, 3.616206485660042436, 5.400137046524544182 ) ) ;
#4318 = ORIENTED_EDGE ( 'NONE', *, *, #5102, .T. ) ;
#4319 = LINE ( 'NONE', #3373, #5478 ) ;
#4320 = CARTESIAN_POINT ( 'NONE',  ( -12.99964404003013208, -8.500224051813010107, 2.000000000000000000 ) ) ;
#4321 = DIRECTION ( 'NONE',  ( 1.455131637532912960E-12, -0.05233595624294390403, -0.9986295347545739443 ) ) ;
#4322 = LINE ( 'NONE', #4294, #3567 ) ;
#4323 = VECTOR ( 'NONE', #3208, 1000.000000000000000 ) ;
#4324 = DIRECTION ( 'NONE',  ( -0.9999999998285351577, -1.851836092818829135E-05, 0.000000000000000000 ) ) ;
#4325 = EDGE_LOOP ( 'NONE', ( #2716, #2365, #2373, #5162 ) ) ;
#4326 = CARTESIAN_POINT ( 'NONE',  ( -10.07061161904442947, 7.905638343919243027, 5.500000000000000000 ) ) ;
#4327 = EDGE_LOOP ( 'NONE', ( #6251, #1437, #2777, #2705 ) ) ;
#4328 = CONICAL_SURFACE ( 'NONE', #3932, 0.5891026778835936062, 0.8377580409572852327 ) ;
#4329 = AXIS2_PLACEMENT_3D ( 'NONE', #2495, #3570, #4929 ) ;
#4330 = CARTESIAN_POINT ( 'NONE',  ( -6.787862303154558852, 8.343497992992499945, 2.000000000000000000 ) ) ;
#4331 = EDGE_CURVE ( 'NONE', #18, #1554, #2468, .T. ) ;
#4332 = ORIENTED_EDGE ( 'NONE', *, *, #2642, .F. ) ;
#4333 = CARTESIAN_POINT ( 'NONE',  ( -3.469446951953614189E-15, -1.387778780781445676E-14, 2.000000000000000000 ) ) ;
#4334 = CIRCLE ( 'NONE', #710, 5.871806367919236713 ) ;
#4335 = ORIENTED_EDGE ( 'NONE', *, *, #4842, .F. ) ;
#4336 = CARTESIAN_POINT ( 'NONE',  ( -14.99999592300000373, -14.99999592300001439, 5.400137046524543294 ) ) ;
#4337 = ADVANCED_FACE ( 'NONE', ( #1505 ), #5999, .T. ) ;
#4338 = ORIENTED_EDGE ( 'NONE', *, *, #58, .T. ) ;
#4339 = ORIENTED_EDGE ( 'NONE', *, *, #5358, .T. ) ;
#4340 = EDGE_CURVE ( 'NONE', #1801, #1816, #5242, .T. ) ;
#4341 = LINE ( 'NONE', #1932, #455 ) ;
#4342 = ORIENTED_EDGE ( 'NONE', *, *, #4305, .F. ) ;
#4343 = CARTESIAN_POINT ( 'NONE',  ( -5.439559933969148275, -6.521800697944883041, 5.400137046524544182 ) ) ;
#4344 = VECTOR ( 'NONE', #4422, 1000.000000000000000 ) ;
#4345 = CARTESIAN_POINT ( 'NONE',  ( -12.82152338616119636, -4.350266343635197153, 5.400137046524553064 ) ) ;
#4346 = ADVANCED_FACE ( 'NONE', ( #437 ), #5306, .F. ) ;
#4347 = DIRECTION ( 'NONE',  ( -0.7456787297131750591, 0.6663056596287815214, -0.000000000000000000 ) ) ;
#4348 = DIRECTION ( 'NONE',  ( 0.7071068056651136358, -0.7071067567079805105, 0.000000000000000000 ) ) ;
#4349 = VERTEX_POINT ( 'NONE', #27 ) ;
#4350 = ADVANCED_FACE ( 'NONE', ( #1883 ), #4263, .F. ) ;
#4351 = DIRECTION ( 'NONE',  ( 0.5254827267379764688, 0.5254827642595492065, 0.6691306063588514652 ) ) ;
#4352 = VERTEX_POINT ( 'NONE', #917 ) ;
#4353 = LINE ( 'NONE', #1468, #5169 ) ;
#4354 = DIRECTION ( 'NONE',  ( 0.6691306062269369859, 1.328701194954588737E-05, -0.7431448254773944662 ) ) ;
#4355 = DIRECTION ( 'NONE',  ( 2.223503120241706948E-10, 0.9986295347545739443, 0.05233595624294390403 ) ) ;
#4356 = VECTOR ( 'NONE', #6018, 1000.000000000000000 ) ;
#4357 = DIRECTION ( 'NONE',  ( 0.05607295254125859579, 0.9984266743198050298, -0.000000000000000000 ) ) ;
#4358 = CARTESIAN_POINT ( 'NONE',  ( -8.189158894090816432, -8.500148328877278558, 5.500000000000000000 ) ) ;
#4359 = DIRECTION ( 'NONE',  ( -0.05610762023188192033, 0.9984247267330246256, 0.000000000000000000 ) ) ;
#4360 = ORIENTED_EDGE ( 'NONE', *, *, #166, .F. ) ;
#4361 = DIRECTION ( 'NONE',  ( -1.000000000000000000, 0.000000000000000000, 0.000000000000000000 ) ) ;
#4362 = VECTOR ( 'NONE', #3909, 1000.000000000000114 ) ;
#4363 = VERTEX_POINT ( 'NONE', #537 ) ;
#4364 = CONICAL_SURFACE ( 'NONE', #2160, 0.3000000000377023857, 0.05235987755982995234 ) ;
#4365 = VECTOR ( 'NONE', #3109, 1000.000000000000000 ) ;
#4366 = CARTESIAN_POINT ( 'NONE',  ( -6.699994329923615766, 8.131365950999983383, 2.000000000000000000 ) ) ;
#4367 = AXIS2_PLACEMENT_3D ( 'NONE', #2385, #3469, #5403 ) ;
#4368 = ORIENTED_EDGE ( 'NONE', *, *, #1276, .F. ) ;
#4370 = DIRECTION ( 'NONE',  ( -1.286895283225127409E-10, -0.7431448254774006834, -0.6691306063588511321 ) ) ;
#4369 = AXIS2_PLACEMENT_3D ( 'NONE', #2424, #1011, #6259 ) ;
#4371 = CIRCLE ( 'NONE', #1647, 0.1218063682009093429 ) ;
#4372 = ORIENTED_EDGE ( 'NONE', *, *, #3883, .F. ) ;
#4373 = FACE_OUTER_BOUND ( 'NONE', #3480, .T. ) ;
#4374 = EDGE_LOOP ( 'NONE', ( #4934, #1673, #923, #270 ) ) ;
#4375 = EDGE_LOOP ( 'NONE', ( #591, #3641, #740, #3864 ) ) ;
#4376 = CONICAL_SURFACE ( 'NONE', #2158, 27.71089732279888906, 0.8377580409572915610 ) ;
#4377 = CARTESIAN_POINT ( 'NONE',  ( -6.303969662266919016, -8.112254480036630966, 5.400137046524545958 ) ) ;
#4378 = ORIENTED_EDGE ( 'NONE', *, *, #2880, .F. ) ;
#4379 = AXIS2_PLACEMENT_3D ( 'NONE', #5942, #1601, #1136 ) ;
#4380 = EDGE_CURVE ( 'NONE', #1316, #888, #2390, .T. ) ;
#4381 = CARTESIAN_POINT ( 'NONE',  ( -8.111672948869079747, -6.304424299164764989, 5.400137046525653517 ) ) ;
#4382 = AXIS2_PLACEMENT_3D ( 'NONE', #4619, #3723, #5656 ) ;
#4383 = EDGE_CURVE ( 'NONE', #3692, #3452, #4322, .T. ) ;
#4384 = PLANE ( 'NONE',  #1901 ) ;
#4385 = LINE ( 'NONE', #5264, #1846 ) ;
#4386 = DIRECTION ( 'NONE',  ( 0.05233595624979547889, 0.000000000000000000, -0.9986295347542147871 ) ) ;
#4387 = VERTEX_POINT ( 'NONE', #4736 ) ;
#4388 = CARTESIAN_POINT ( 'NONE',  ( -0.1187983509575751134, 5.930327864140219951, 4.266807572898134282 ) ) ;
#4389 = ORIENTED_EDGE ( 'NONE', *, *, #404, .F. ) ;
#4390 = PLANE ( 'NONE',  #4475 ) ;
#4391 = ORIENTED_EDGE ( 'NONE', *, *, #5295, .F. ) ;
#4392 = EDGE_CURVE ( 'NONE', #3613, #2502, #498, .T. ) ;
#4393 = PRODUCT_CONTEXT ( 'NONE', #5058, 'mechanical' ) ;
#4394 = DIRECTION ( 'NONE',  ( 0.4731467891592563424, 0.4731467893523602086, -0.7431448254774029039 ) ) ;
#4395 = DIRECTION ( 'NONE',  ( 0.7071067810582567503, -0.7071067813148383951, 0.000000000000000000 ) ) ;
#4396 = DIRECTION ( 'NONE',  ( -0.05233595624294391097, -0.000000000000000000, -0.9986295347545739443 ) ) ;
#4397 = ORIENTED_EDGE ( 'NONE', *, *, #4230, .T. ) ;
#4398 = CARTESIAN_POINT ( 'NONE',  ( -15.00000000000000533, 14.48332870112990101, 0.000000000000000000 ) ) ;
#4399 = AXIS2_PLACEMENT_3D ( 'NONE', #1843, #873, #306 ) ;
#4400 = ORIENTED_EDGE ( 'NONE', *, *, #3117, .F. ) ;
#4401 = AXIS2_PLACEMENT_3D ( 'NONE', #701, #262, #1205 ) ;
#4402 = EDGE_CURVE ( 'NONE', #4964, #3692, #842, .T. ) ;
#4403 = LINE ( 'NONE', #1480, #3265 ) ;
#4404 = EDGE_LOOP ( 'NONE', ( #2869, #2053, #2849, #1226 ) ) ;
#4405 = DIRECTION ( 'NONE',  ( -0.000000000000000000, -0.000000000000000000, -1.000000000000000000 ) ) ;
#4406 = ORIENTED_EDGE ( 'NONE', *, *, #2500, .F. ) ;
#4407 = DIRECTION ( 'NONE',  ( -1.000000000000000000, 0.000000000000000000, 0.000000000000000000 ) ) ;
#4408 = EDGE_LOOP ( 'NONE', ( #1906, #2031, #6086, #2641 ) ) ;
#4409 = ORIENTED_EDGE ( 'NONE', *, *, #3531, .T. ) ;
#4410 = CIRCLE ( 'NONE', #3294, 5.871806368431182754 ) ;
#4411 = CARTESIAN_POINT ( 'NONE',  ( -6.219804941000003140, -8.200290396000012194, 2.000000000000000000 ) ) ;
#4412 = VERTEX_POINT ( 'NONE', #3406 ) ;
#4413 = DIRECTION ( 'NONE',  ( -0.000000000000000000, -0.000000000000000000, -1.000000000000000000 ) ) ;
#4414 =( NAMED_UNIT ( * ) SI_UNIT ( $, .STERADIAN. ) SOLID_ANGLE_UNIT ( ) );
#4415 = DIRECTION ( 'NONE',  ( 0.000000000000000000, 0.000000000000000000, 1.000000000000000000 ) ) ;
#4416 = CARTESIAN_POINT ( 'NONE',  ( -4.349635330000003464, -15.21089732223600421, 5.500000000000000000 ) ) ;
#4417 = EDGE_LOOP ( 'NONE', ( #1829, #2622, #5086, #4838 ) ) ;
#4418 = ADVANCED_FACE ( 'NONE', ( #2841 ), #1412, .F. ) ;
#4419 = DIRECTION ( 'NONE',  ( -1.000000000000000000, 0.000000000000000000, 0.000000000000000000 ) ) ;
#4420 = ORIENTED_EDGE ( 'NONE', *, *, #3046, .T. ) ;
#4421 = DIRECTION ( 'NONE',  ( 0.7071067813823205261, -0.7071067809907743973, 0.000000000000000000 ) ) ;
#4422 = DIRECTION ( 'NONE',  ( -0.5522695168566460477, -0.4972550777868039451, 0.6691306063588530195 ) ) ;
#4423 = CARTESIAN_POINT ( 'NONE',  ( -4.349643223798011604, -12.71116173827277862, 5.500000000000000000 ) ) ;
#4424 = DIRECTION ( 'NONE',  ( 0.05233595625323381878, 0.000000000000000000, 0.9986295347540345979 ) ) ;
#4425 = DIRECTION ( 'NONE',  ( 2.083280424562703465E-05, -0.9999999997829971399, 0.000000000000000000 ) ) ;
#4426 = ORIENTED_EDGE ( 'NONE', *, *, #6068, .F. ) ;
#4427 = EDGE_CURVE ( 'NONE', #3385, #3089, #5751, .T. ) ;
#4428 = CARTESIAN_POINT ( 'NONE',  ( -6.699994329923615766, 8.131365950999983383, 2.000000000000000000 ) ) ;
#4429 = EDGE_CURVE ( 'NONE', #4243, #5066, #1411, .T. ) ;
#4430 = VECTOR ( 'NONE', #1279, 999.9999999999998863 ) ;
#4431 = CARTESIAN_POINT ( 'NONE',  ( -15.00000000000000533, 4.049934913476437082, 2.000000000000000000 ) ) ;
#4432 = ORIENTED_EDGE ( 'NONE', *, *, #2367, .F. ) ;
#4433 = ADVANCED_FACE ( 'NONE', ( #3851 ), #1982, .F. ) ;
#4434 = CARTESIAN_POINT ( 'NONE',  ( 11.54347362071643701, -6.663501804166880760, 5.400137046524544182 ) ) ;
#4435 = ORIENTED_EDGE ( 'NONE', *, *, #4016, .T. ) ;
#4436 = AXIS2_PLACEMENT_3D ( 'NONE', #5555, #3711, #2684 ) ;
#4437 = DIRECTION ( 'NONE',  ( 0.000000000000000000, -0.7431448254773980189, -0.6691306063588539077 ) ) ;
#4438 = ORIENTED_EDGE ( 'NONE', *, *, #603, .T. ) ;
#4439 = ORIENTED_EDGE ( 'NONE', *, *, #3360, .T. ) ;
#4440 = AXIS2_PLACEMENT_3D ( 'NONE', #5769, #1900, #935 ) ;
#4441 = AXIS2_PLACEMENT_3D ( 'NONE', #4639, #311, #2232 ) ;
#4442 = FACE_OUTER_BOUND ( 'NONE', #3823, .T. ) ;
#4443 = ORIENTED_EDGE ( 'NONE', *, *, #3450, .T. ) ;
#4444 = CARTESIAN_POINT ( 'NONE',  ( -6.521800698057266032, 8.131365950996384484, 5.400137046524544182 ) ) ;
#4445 = VECTOR ( 'NONE', #4126, 999.9999999999998863 ) ;
#4446 = CARTESIAN_POINT ( 'NONE',  ( -5.439559934000004482, -6.399994330000013498, 2.000000000000000000 ) ) ;
#4447 = ORIENTED_EDGE ( 'NONE', *, *, #2795, .T. ) ;
#4448 = DIRECTION ( 'NONE',  ( 4.229774942574855896E-17, 0.7071067811865525687, -0.7071067811865425767 ) ) ;
#4449 = CIRCLE ( 'NONE', #2828, 27.82180636869653512 ) ;
#4450 = ORIENTED_EDGE ( 'NONE', *, *, #3726, .F. ) ;
#4451 = CARTESIAN_POINT ( 'NONE',  ( 14.48332870112989212, -14.50000000000000000, 2.000000000000000000 ) ) ;
#4452 = CARTESIAN_POINT ( 'NONE',  ( -12.82176197018110742, 4.349971955445199434, 5.400137046524682738 ) ) ;
#4453 = DIRECTION ( 'NONE',  ( 0.7071067811959433902, 0.7071067811771516443, -0.000000000000000000 ) ) ;
#4454 = DIRECTION ( 'NONE',  ( 1.000000000000000000, 0.000000000000000000, 0.000000000000000000 ) ) ;
#4455 = EDGE_CURVE ( 'NONE', #2179, #1593, #1472, .T. ) ;
#4456 = CARTESIAN_POINT ( 'NONE',  ( -15.21089732223601132, -3.866880195907627993, 5.500000000000000000 ) ) ;
#4457 = CARTESIAN_POINT ( 'NONE',  ( -6.219804941000003140, -8.200290396000012194, 5.500000000000000000 ) ) ;
#4458 = ORIENTED_EDGE ( 'NONE', *, *, #4291, .F. ) ;
#4459 = FACE_OUTER_BOUND ( 'NONE', #4215, .T. ) ;
#4460 = EDGE_LOOP ( 'NONE', ( #167, #1201, #3018, #3816 ) ) ;
#4461 = LINE ( 'NONE', #4522, #5371 ) ;
#4462 = EDGE_CURVE ( 'NONE', #5143, #4093, #5215, .T. ) ;
#4463 = EDGE_CURVE ( 'NONE', #1395, #4316, #406, .T. ) ;
#4464 = CARTESIAN_POINT ( 'NONE',  ( -7.900092866932745039, -6.220646561000013897, 2.000000000000000000 ) ) ;
#4465 = AXIS2_PLACEMENT_3D ( 'NONE', #4495, #2116, #2531 ) ;
#4466 = ORIENTED_EDGE ( 'NONE', *, *, #3092, .T. ) ;
#4467 = CARTESIAN_POINT ( 'NONE',  ( -12.70002629580951492, 7.910828674276411121, 5.500000000000000000 ) ) ;
#4468 = CONICAL_SURFACE ( 'NONE', #1929, 0.2999999999685372121, 0.05235987755982995234 ) ;
#4469 = ORIENTED_EDGE ( 'NONE', *, *, #4996, .F. ) ;
#4470 = ADVANCED_FACE ( 'NONE', ( #1382 ), #5786, .T. ) ;
#4471 = VECTOR ( 'NONE', #4170, 1000.000000000000000 ) ;
#4472 = PLANE ( 'NONE',  #2932 ) ;
#4473 = ORIENTED_EDGE ( 'NONE', *, *, #2766, .F. ) ;
#4474 = VERTEX_POINT ( 'NONE', #2079 ) ;
#4475 = AXIS2_PLACEMENT_3D ( 'NONE', #1005, #2900, #1040 ) ;
#4476 = VECTOR ( 'NONE', #2120, 999.9999999999998863 ) ;
#4477 = CARTESIAN_POINT ( 'NONE',  ( -8.585236150302822722, -10.59056844198870451, 5.359675854863533928 ) ) ;
#4478 = VERTEX_POINT ( 'NONE', #4990 ) ;
#4479 = LINE ( 'NONE', #3025, #5643 ) ;
#4480 = ADVANCED_FACE ( 'NONE', ( #1169 ), #1606, .T. ) ;
#4481 = PRESENTATION_STYLE_ASSIGNMENT (( #5908 ) ) ;
#4482 = AXIS2_PLACEMENT_3D ( 'NONE', #2470, #5826, #1921 ) ;
#4483 = LINE ( 'NONE', #4984, #3350 ) ;
#4484 = DIRECTION ( 'NONE',  ( 0.7071068056651136358, -0.7071067567079806215, 0.000000000000000000 ) ) ;
#4485 = ORIENTED_EDGE ( 'NONE', *, *, #2407, .T. ) ;
#4486 = DIRECTION ( 'NONE',  ( 1.000000000000000000, 0.000000000000000000, 0.000000000000000000 ) ) ;
#4487 = CARTESIAN_POINT ( 'NONE',  ( -9.151529599000006954, 7.472091212999985466, 2.000000000000000000 ) ) ;
#4488 = CARTESIAN_POINT ( 'NONE',  ( -7.900294732024616629, 6.219970388503319292, 2.000000000000000000 ) ) ;
#4489 = PLANE ( 'NONE',  #904 ) ;
#4490 = DIRECTION ( 'NONE',  ( -0.7071068056651136358, 0.7071067567079806215, 6.379385339144611841E-18 ) ) ;
#4491 = EDGE_LOOP ( 'NONE', ( #3779, #2561, #5483, #3291 ) ) ;
#4492 = DIRECTION ( 'NONE',  ( 0.000000000000000000, 0.000000000000000000, 1.000000000000000000 ) ) ;
#4493 = EDGE_CURVE ( 'NONE', #4843, #1295, #618, .T. ) ;
#4494 = ORIENTED_EDGE ( 'NONE', *, *, #871, .T. ) ;
#4495 = CARTESIAN_POINT ( 'NONE',  ( -14.99999592300000373, -14.99999592300001439, 5.500000000000000000 ) ) ;
#4496 = CARTESIAN_POINT ( 'NONE',  ( -6.303851604855013946, -8.112126063113340280, 5.400137046525551376 ) ) ;
#4497 = ORIENTED_EDGE ( 'NONE', *, *, #592, .T. ) ;
#4498 = ADVANCED_FACE ( 'NONE', ( #3504 ), #605, .T. ) ;
#4499 = CARTESIAN_POINT ( 'NONE',  ( -15.00000000000000533, 14.48332870112990101, 0.000000000000000000 ) ) ;
#4500 = VECTOR ( 'NONE', #2584, 1000.000000000000114 ) ;
#4501 = EDGE_LOOP ( 'NONE', ( #1207, #5767, #741, #2189 ) ) ;
#4502 = VECTOR ( 'NONE', #3329, 999.9999999999998863 ) ;
#4503 = DIRECTION ( 'NONE',  ( -1.000000000000000000, 0.000000000000000000, 0.000000000000000000 ) ) ;
#4504 = ORIENTED_EDGE ( 'NONE', *, *, #4811, .F. ) ;
#4505 = EDGE_LOOP ( 'NONE', ( #4360, #1016, #4139, #4095 ) ) ;
#4506 = EDGE_CURVE ( 'NONE', #981, #985, #3933, .T. ) ;
#4507 = CARTESIAN_POINT ( 'NONE',  ( -8.586750505096460984, -10.58908253125219368, 5.319214661618747897 ) ) ;
#4508 = ORIENTED_EDGE ( 'NONE', *, *, #4951, .F. ) ;
#4509 = DIRECTION ( 'NONE',  ( -1.000000000000000000, 0.000000000000000000, 0.000000000000000000 ) ) ;
#4510 = CARTESIAN_POINT ( 'NONE',  ( -8.499652370000005064, -12.70032002400001048, 2.000000000000000000 ) ) ;
#4511 = DIRECTION ( 'NONE',  ( -1.000000000000000000, 0.000000000000000000, 0.000000000000000000 ) ) ;
#4512 = AXIS2_PLACEMENT_3D ( 'NONE', #825, #4354, #2755 ) ;
#4513 = DIRECTION ( 'NONE',  ( -0.9986295347545739443, 3.458525812417059590E-10, 0.05233595624294390403 ) ) ;
#4514 = CARTESIAN_POINT ( 'NONE',  ( -5.270084710714812992, -2.589269620307853348, 5.400137046524545070 ) ) ;
#4515 = CARTESIAN_POINT ( 'NONE',  ( -13.50000000000000355, -13.50000000000000000, 2.000000000000000000 ) ) ;
#4516 = DIRECTION ( 'NONE',  ( 0.000000000000000000, 0.000000000000000000, -1.000000000000000000 ) ) ;
#4517 = LINE ( 'NONE', #6012, #1008 ) ;
#4518 = DIRECTION ( 'NONE',  ( -0.000000000000000000, -0.000000000000000000, 1.000000000000000000 ) ) ;
#4519 = ORIENTED_EDGE ( 'NONE', *, *, #1872, .T. ) ;
#4520 = LINE ( 'NONE', #3574, #25 ) ;
#4521 = ORIENTED_EDGE ( 'NONE', *, *, #4655, .F. ) ;
#4522 = CARTESIAN_POINT ( 'NONE',  ( -16.89695213386083239, -5.447285165445229005, 3.981869428705198111 ) ) ;
#4523 = CARTESIAN_POINT ( 'NONE',  ( 8.022215863020981885, -12.69995888124512184, 5.400137046524545070 ) ) ;
#4524 = VECTOR ( 'NONE', #1049, 1000.000000000000114 ) ;
#4525 = ORIENTED_EDGE ( 'NONE', *, *, #438, .F. ) ;
#4526 = DIRECTION ( 'NONE',  ( -0.000000000000000000, -0.000000000000000000, -1.000000000000000000 ) ) ;
#4527 = CIRCLE ( 'NONE', #5636, 0.2999999999495562841 ) ;
#4528 = EDGE_LOOP ( 'NONE', ( #4301, #5666, #5541, #3573 ) ) ;
#4529 = EDGE_CURVE ( 'NONE', #107, #115, #4035, .T. ) ;
#4530 = DIRECTION ( 'NONE',  ( 1.000000000000000000, 0.000000000000000000, 0.000000000000000000 ) ) ;
#4531 = CIRCLE ( 'NONE', #1797, 0.4781936318790820373 ) ;
#4532 = VERTEX_POINT ( 'NONE', #219 ) ;
#4533 = ORIENTED_EDGE ( 'NONE', *, *, #2465, .T. ) ;
#4534 = FACE_OUTER_BOUND ( 'NONE', #3984, .T. ) ;
#4535 = EDGE_LOOP ( 'NONE', ( #5830, #5719, #798, #1608 ) ) ;
#4536 = DIRECTION ( 'NONE',  ( 0.000000000000000000, 0.000000000000000000, -1.000000000000000000 ) ) ;
#4537 = EDGE_CURVE ( 'NONE', #2733, #230, #2140, .T. ) ;
#4538 = DIRECTION ( 'NONE',  ( 5.981805089575197430E-17, 1.000000000000000000, -0.000000000000000000 ) ) ;
#4539 = AXIS2_PLACEMENT_3D ( 'NONE', #623, #4536, #4509 ) ;
#4540 = AXIS2_PLACEMENT_3D ( 'NONE', #2620, #4548, #1081 ) ;
#4541 = DIRECTION ( 'NONE',  ( 1.000000000000000000, 0.000000000000000000, 0.000000000000000000 ) ) ;
#4542 = EDGE_CURVE ( 'NONE', #1796, #2884, #2361, .T. ) ;
#4543 = CARTESIAN_POINT ( 'NONE',  ( 14.98332870112989035, -14.50000000000000000, 0.000000000000000000 ) ) ;
#4544 = CARTESIAN_POINT ( 'NONE',  ( -6.407699900468463383, -5.447265504449262608, 5.500000000000000000 ) ) ;
#4545 = DIRECTION ( 'NONE',  ( 0.000000000000000000, 0.000000000000000000, -1.000000000000000000 ) ) ;
#4546 = DIRECTION ( 'NONE',  ( 1.000000000000000000, 0.000000000000000000, 0.000000000000000000 ) ) ;
#4547 = EDGE_CURVE ( 'NONE', #3642, #5934, #157, .T. ) ;
#4548 = DIRECTION ( 'NONE',  ( 0.000000000000000000, 0.000000000000000000, 1.000000000000000000 ) ) ;
#4549 = FACE_OUTER_BOUND ( 'NONE', #6159, .T. ) ;
#4550 = EDGE_CURVE ( 'NONE', #3692, #3446, #667, .T. ) ;
#4551 = ORIENTED_EDGE ( 'NONE', *, *, #256, .F. ) ;
#4552 = VECTOR ( 'NONE', #142, 1000.000000000000000 ) ;
#4553 = LINE ( 'NONE', #2205, #3664 ) ;
#4554 = ORIENTED_EDGE ( 'NONE', *, *, #5792, .F. ) ;
#4555 = FACE_OUTER_BOUND ( 'NONE', #5213, .T. ) ;
#4556 = CARTESIAN_POINT ( 'NONE',  ( -3.760490646798643422, -15.31657057099338459, 5.500000000000000000 ) ) ;
#4557 = CONICAL_SURFACE ( 'NONE', #6174, 0.5891026778083365834, 0.8377580409572846776 ) ;
#4558 = VECTOR ( 'NONE', #2293, 1000.000000000000000 ) ;
#4559 = DIRECTION ( 'NONE',  ( 1.000000000000000000, 0.000000000000000000, 0.000000000000000000 ) ) ;
#4560 = ORIENTED_EDGE ( 'NONE', *, *, #5070, .F. ) ;
#4561 = AXIS2_PLACEMENT_3D ( 'NONE', #1646, #3577, #3106 ) ;
#4562 = LINE ( 'NONE', #5996, #1909 ) ;
#4563 = VERTEX_POINT ( 'NONE', #2978 ) ;
#4564 = ORIENTED_EDGE ( 'NONE', *, *, #4811, .T. ) ;
#4565 = CARTESIAN_POINT ( 'NONE',  ( -3.469446951953614189E-15, -1.387778780781445676E-14, 5.500000000000000000 ) ) ;
#4566 = EDGE_CURVE ( 'NONE', #5036, #981, #4517, .T. ) ;
#4567 = ORIENTED_EDGE ( 'NONE', *, *, #3290, .F. ) ;
#4568 = CIRCLE ( 'NONE', #5889, 0.3000000000107291842 ) ;
#4569 = DIRECTION ( 'NONE',  ( -1.196361017915039486E-16, 1.000000000000000000, 0.000000000000000000 ) ) ;
#4570 = DIRECTION ( 'NONE',  ( 1.000000000000000000, 0.000000000000000000, 0.000000000000000000 ) ) ;
#4571 = CIRCLE ( 'NONE', #2955, 5.760897322021587996 ) ;
#4572 = AXIS2_PLACEMENT_3D ( 'NONE', #5752, #380, #2904 ) ;
#4573 = AXIS2_PLACEMENT_3D ( 'NONE', #1452, #3418, #1420 ) ;
#4574 = FACE_OUTER_BOUND ( 'NONE', #3022, .T. ) ;
#4575 = AXIS2_PLACEMENT_3D ( 'NONE', #2936, #285, #2690 ) ;
#4576 = CARTESIAN_POINT ( 'NONE',  ( 7.911252451282097198, -10.07985978085516621, 5.500000000000000000 ) ) ;
#4577 = ADVANCED_FACE ( 'NONE', ( #4959 ), #123, .T. ) ;
#4578 = DIRECTION ( 'NONE',  ( 1.000000000000000000, 0.000000000000000000, 0.000000000000000000 ) ) ;
#4579 = DIRECTION ( 'NONE',  ( 1.000000000000000000, 0.000000000000000000, 0.000000000000000000 ) ) ;
#4580 = VECTOR ( 'NONE', #2732, 1000.000000000000000 ) ;
#4581 = EDGE_CURVE ( 'NONE', #5758, #4478, #5373, .T. ) ;
#4582 = FACE_OUTER_BOUND ( 'NONE', #5238, .T. ) ;
#4583 = CIRCLE ( 'NONE', #2055, 0.1218063681656493535 ) ;
#4584 = FACE_OUTER_BOUND ( 'NONE', #4238, .T. ) ;
#4585 = CARTESIAN_POINT ( 'NONE',  ( 8.469499922831641214, -6.661860382169813910, 5.400137046524544182 ) ) ;
#4586 = EDGE_LOOP ( 'NONE', ( #1491, #63, #2855, #1590, #1967, #3958, #1352, #3556, #350, #5703, #4781, #5650, #5357, #5827, #1994, #933, #3993, #2405, #4679, #1643, #3748, #3055, #3603, #4335, #2311, #6209, #1004, #2516, #2219, #832, #6116, #2384, #650, #4426, #5248, #996, #4368, #4148, #4015, #3730, #1064, #204, #4473, #5624, #702, #2429, #2905, #3714, #5737, #5992 ) ) ;
#4587 = DIRECTION ( 'NONE',  ( -1.000000000000000000, 0.000000000000000000, 0.000000000000000000 ) ) ;
#4588 = EDGE_CURVE ( 'NONE', #1111, #2780, #5409, .T. ) ;
#4589 = AXIS2_PLACEMENT_3D ( 'NONE', #459, #5742, #2382 ) ;
#4590 = VERTEX_POINT ( 'NONE', #3009 ) ;
#4591 = LINE ( 'NONE', #5116, #730 ) ;
#4592 = FACE_OUTER_BOUND ( 'NONE', #1019, .T. ) ;
#4593 = CIRCLE ( 'NONE', #5195, 0.5891026781723379679 ) ;
#4594 = FACE_OUTER_BOUND ( 'NONE', #5088, .T. ) ;
#4595 = CARTESIAN_POINT ( 'NONE',  ( 2.589269621648042641, 5.270084710396925054, 5.400137046524545070 ) ) ;
#4596 = AXIS2_PLACEMENT_3D ( 'NONE', #261, #4114, #2239 ) ;
#4597 = EDGE_CURVE ( 'NONE', #3390, #5661, #1396, .T. ) ;
#4598 = EDGE_LOOP ( 'NONE', ( #2218, #1157, #1834, #4912 ) ) ;
#4599 = DIRECTION ( 'NONE',  ( 1.000000000000000000, 0.000000000000000000, 0.000000000000000000 ) ) ;
#4600 = ORIENTED_EDGE ( 'NONE', *, *, #1209, .F. ) ;
#4601 = ORIENTED_EDGE ( 'NONE', *, *, #5949, .F. ) ;
#4602 = DIRECTION ( 'NONE',  ( 0.000000000000000000, 0.000000000000000000, -1.000000000000000000 ) ) ;
#4603 = ORIENTED_EDGE ( 'NONE', *, *, #3084, .T. ) ;
#4604 = CIRCLE ( 'NONE', #3382, 0.01089732209247004646 ) ;
#4605 = DIRECTION ( 'NONE',  ( -0.7431448253308868823, -1.475655572314349658E-05, -0.6691306063588556841 ) ) ;
#4606 = CARTESIAN_POINT ( 'NONE',  ( -8.583722413806686546, -10.59205502515562713, 5.400137046525551376 ) ) ;
#4607 = CARTESIAN_POINT ( 'NONE',  ( -10.57608863351556572, -8.599815681456984606, 4.983758066738673165 ) ) ;
#4608 = DIRECTION ( 'NONE',  ( 1.000000000000000000, 2.780366963733654075E-11, 0.000000000000000000 ) ) ;
#4609 = DIRECTION ( 'NONE',  ( 1.000000000000000000, 0.000000000000000000, 0.000000000000000000 ) ) ;
#4610 = DIRECTION ( 'NONE',  ( -8.480187509436744414E-07, 0.05233595623607352476, -0.9986295347545739443 ) ) ;
#4611 = DIRECTION ( 'NONE',  ( 1.338112205448325119E-05, -0.9986295346649237681, 0.05233595624294391097 ) ) ;
#4612 = ADVANCED_FACE ( 'NONE', ( #2558 ), #2723, .F. ) ;
#4613 = DIRECTION ( 'NONE',  ( -0.03700710954902209499, -0.03700710956951402952, -0.9986295347545739443 ) ) ;
#4614 = ORIENTED_EDGE ( 'NONE', *, *, #1096, .F. ) ;
#4615 = LINE ( 'NONE', #1579, #1329 ) ;
#4616 = CIRCLE ( 'NONE', #579, 0.2999999996314683393 ) ;
#4617 = ORIENTED_EDGE ( 'NONE', *, *, #651, .T. ) ;
#4618 = DIRECTION ( 'NONE',  ( -0.000000000000000000, -0.000000000000000000, -1.000000000000000000 ) ) ;
#4619 = CARTESIAN_POINT ( 'NONE',  ( -14.99999592300000373, -14.99999592300001439, 5.500000000000000000 ) ) ;
#4620 = ADVANCED_FACE ( 'NONE', ( #1575 ), #4489, .T. ) ;
#4621 = CARTESIAN_POINT ( 'NONE',  ( -1.033010401631292874, -1.033010402203311973, 5.500000000000000000 ) ) ;
#4622 = EDGE_CURVE ( 'NONE', #2013, #1120, #1139, .T. ) ;
#4623 = PLANE ( 'NONE',  #4669 ) ;
#4624 = VERTEX_POINT ( 'NONE', #2172 ) ;
#4625 = CARTESIAN_POINT ( 'NONE',  ( -3.381199579632111263, 1.928274468777201767, 5.500000000000000000 ) ) ;
#4626 = EDGE_LOOP ( 'NONE', ( #2255, #4098, #3488, #4135 ) ) ;
#4627 = ORIENTED_EDGE ( 'NONE', *, *, #5697, .T. ) ;
#4628 = ADVANCED_FACE ( 'NONE', ( #3154 ), #3727, .T. ) ;
#4629 = CARTESIAN_POINT ( 'NONE',  ( -6.663501807785477737, 11.54347362183001913, 5.400137046524544182 ) ) ;
#4630 = ORIENTED_EDGE ( 'NONE', *, *, #179, .F. ) ;
#4631 = AXIS2_PLACEMENT_3D ( 'NONE', #2589, #4516, #1168 ) ;
#4632 = CARTESIAN_POINT ( 'NONE',  ( -13.50000000000000355, -15.49999999999999822, 0.4999999999999970024 ) ) ;
#4633 = DIRECTION ( 'NONE',  ( 0.000000000000000000, 0.000000000000000000, 1.000000000000000000 ) ) ;
#4634 = CARTESIAN_POINT ( 'NONE',  ( -10.59137585997897091, -8.584228059832357260, 5.400137046525557594 ) ) ;
#4635 = DIRECTION ( 'NONE',  ( 1.849250136792257300E-05, -0.9986295345833530179, 0.05233595624294390403 ) ) ;
#4636 = FACE_OUTER_BOUND ( 'NONE', #5941, .T. ) ;
#4637 = CARTESIAN_POINT ( 'NONE',  ( -5.651691992457239522, -6.612126339943232622, 2.000000000000000000 ) ) ;
#4638 = AXIS2_PLACEMENT_3D ( 'NONE', #5294, #3275, #2351 ) ;
#4639 = CARTESIAN_POINT ( 'NONE',  ( -12.99964404003013208, -8.500224051813010107, 2.000000000000000000 ) ) ;
#4640 = CARTESIAN_POINT ( 'NONE',  ( -6.612126364334579343, 4.137252629711624330, 2.000000000000000000 ) ) ;
#4641 = DIRECTION ( 'NONE',  ( -0.6669900090166906992, -0.3277019369880979083, 0.6691306063588510211 ) ) ;
#4642 = ORIENTED_EDGE ( 'NONE', *, *, #5536, .T. ) ;
#4643 = DIRECTION ( 'NONE',  ( 1.000000000000000000, 0.000000000000000000, 0.000000000000000000 ) ) ;
#4644 = CONICAL_SURFACE ( 'NONE', #1807, 0.3000000000192917793, 0.05235987755982995234 ) ;
#4645 = EDGE_LOOP ( 'NONE', ( #1738, #4318, #3200, #2540 ) ) ;
#4646 = CARTESIAN_POINT ( 'NONE',  ( -2.540362453609269267, -5.170541225599658119, 5.500000000000000000 ) ) ;
#4647 = CARTESIAN_POINT ( 'NONE',  ( -12.82145040817228754, -8.500222485008082529, 5.400137046524553064 ) ) ;
#4648 = VECTOR ( 'NONE', #6083, 1000.000000000000000 ) ;
#4649 = FACE_OUTER_BOUND ( 'NONE', #767, .T. ) ;
#4650 = LINE ( 'NONE', #1380, #1146 ) ;
#4651 = FACE_OUTER_BOUND ( 'NONE', #3287, .T. ) ;
#4652 = ADVANCED_FACE ( 'NONE', ( #5616 ), #370, .T. ) ;
#4653 = VECTOR ( 'NONE', #5849, 1000.000000000000114 ) ;
#4654 = ORIENTED_EDGE ( 'NONE', *, *, #5259, .T. ) ;
#4655 = EDGE_CURVE ( 'NONE', #1966, #1055, #253, .T. ) ;
#4656 = DIRECTION ( 'NONE',  ( 1.000000000000000000, 0.000000000000000000, 0.000000000000000000 ) ) ;
#4657 = VERTEX_POINT ( 'NONE', #6070 ) ;
#4658 = ORIENTED_EDGE ( 'NONE', *, *, #3923, .F. ) ;
#4659 = CARTESIAN_POINT ( 'NONE',  ( -6.699999727000003347, 8.679899476999986874, 2.000000000000000000 ) ) ;
#4660 = ADVANCED_FACE ( 'NONE', ( #4584 ), #6257, .F. ) ;
#4661 = EDGE_LOOP ( 'NONE', ( #3784, #3860, #4226, #3612 ) ) ;
#4662 = ADVANCED_FACE ( 'NONE', ( #6038 ), #1726, .T. ) ;
#4663 = DIRECTION ( 'NONE',  ( 1.000000000000000000, 0.000000000000000000, 0.000000000000000000 ) ) ;
#4664 = DIRECTION ( 'NONE',  ( -1.860428632343225442E-11, 0.6691306063588539077, -0.7431448254773982409 ) ) ;
#4665 = CARTESIAN_POINT ( 'NONE',  ( -10.58691794068441006, -8.588770943569452143, 5.278753466713994591 ) ) ;
#4666 = DIRECTION ( 'NONE',  ( -1.000000000000000000, 0.000000000000000000, 0.000000000000000000 ) ) ;
#4667 = EDGE_CURVE ( 'NONE', #2761, #3482, #4107, .T. ) ;
#4668 = CONICAL_SURFACE ( 'NONE', #3964, 0.5000000000000004441, 0.7853981633974412846 ) ;
#4669 = AXIS2_PLACEMENT_3D ( 'NONE', #2212, #3669, #5599 ) ;
#4670 = DIRECTION ( 'NONE',  ( -1.000000000000000000, 0.000000000000000000, 0.000000000000000000 ) ) ;
#4671 = DIRECTION ( 'NONE',  ( -9.692191839267520821E-07, 0.05233595623396932600, -0.9986295347545739443 ) ) ;
#4672 = AXIS2_PLACEMENT_3D ( 'NONE', #5592, #1788, #3280 ) ;
#4673 = DIRECTION ( 'NONE',  ( -0.5254827454987630597, 0.5254827454987630597, 0.6691306063588516873 ) ) ;
#4674 = CARTESIAN_POINT ( 'NONE',  ( 5.707119112693162855, 3.534703078999986037, 5.400137046524544182 ) ) ;
#4675 = VERTEX_POINT ( 'NONE', #5084 ) ;
#4676 = ORIENTED_EDGE ( 'NONE', *, *, #4933, .F. ) ;
#4677 = LINE ( 'NONE', #1729, #1736 ) ;
#4678 = AXIS2_PLACEMENT_3D ( 'NONE', #4, #3862, #1923 ) ;
#4679 = ORIENTED_EDGE ( 'NONE', *, *, #5399, .F. ) ;
#4680 = DIRECTION ( 'NONE',  ( 0.05233595622748559578, 1.272025997418619591E-06, -0.9986295347545739443 ) ) ;
#4681 = CARTESIAN_POINT ( 'NONE',  ( -15.50000000000007461, -15.50000000000006573, 2.000000000000000000 ) ) ;
#4682 = PLANE ( 'NONE',  #2991 ) ;
#4683 = CONICAL_SURFACE ( 'NONE', #240, 28.00000000056289551, 0.05235987755982995234 ) ;
#4684 = CARTESIAN_POINT ( 'NONE',  ( -5.487142739267036440, 3.012269005232953489, 2.000000000000000000 ) ) ;
#4685 = ORIENTED_EDGE ( 'NONE', *, *, #6028, .F. ) ;
#4686 = CONICAL_SURFACE ( 'NONE', #5496, 0.01089732218555818088, 0.8377580409572845666 ) ;
#4687 = CARTESIAN_POINT ( 'NONE',  ( 6.306767322276849441, -8.108283736929186247, 5.319214834644915513 ) ) ;
#4688 = ADVANCED_FACE ( 'NONE', ( #2201 ), #6129, .T. ) ;
#4689 = ORIENTED_EDGE ( 'NONE', *, *, #2407, .F. ) ;
#4690 = CARTESIAN_POINT ( 'NONE',  ( -15.32180636813364849, 3.871736067239732293, 5.400137046524553952 ) ) ;
#4691 = VERTEX_POINT ( 'NONE', #3126 ) ;
#4692 = DIRECTION ( 'NONE',  ( 0.000000000000000000, 0.000000000000000000, 1.000000000000000000 ) ) ;
#4693 = EDGE_CURVE ( 'NONE', #1787, #1790, #2740, .T. ) ;
#4694 = EDGE_CURVE ( 'NONE', #2397, #963, #5140, .T. ) ;
#4695 = CARTESIAN_POINT ( 'NONE',  ( -10.46740672188842147, -8.712312115502383492, 2.000000000000000000 ) ) ;
#4696 = VERTEX_POINT ( 'NONE', #3625 ) ;
#4697 = AXIS2_PLACEMENT_3D ( 'NONE', #807, #4664, #5133 ) ;
#4698 = FACE_OUTER_BOUND ( 'NONE', #5775, .T. ) ;
#4699 = DIRECTION ( 'NONE',  ( 1.000000000000000000, 0.000000000000000000, 0.000000000000000000 ) ) ;
#4700 = CARTESIAN_POINT ( 'NONE',  ( -9.254869116917184613, 7.176726784143095728, 5.500000000000000000 ) ) ;
#4701 = DIRECTION ( 'NONE',  ( -7.269470150119875867E-07, 0.05233595623789525503, -0.9986295347545739443 ) ) ;
#4702 = ORIENTED_EDGE ( 'NONE', *, *, #4080, .F. ) ;
#4703 = ORIENTED_EDGE ( 'NONE', *, *, #442, .T. ) ;
#4704 = EDGE_CURVE ( 'NONE', #5290, #2397, #3718, .T. ) ;
#4705 = DIRECTION ( 'NONE',  ( 1.000000000000000000, 0.000000000000000000, 0.000000000000000000 ) ) ;
#4706 = ORIENTED_EDGE ( 'NONE', *, *, #4918, .F. ) ;
#4707 = DIRECTION ( 'NONE',  ( 0.000000000000000000, 0.000000000000000000, 1.000000000000000000 ) ) ;
#4708 = DIRECTION ( 'NONE',  ( -1.000000000000000000, 0.000000000000000000, 0.000000000000000000 ) ) ;
#4709 = CARTESIAN_POINT ( 'NONE',  ( -8.499652370000005064, -12.70032002400001048, 5.500000000000000000 ) ) ;
#4710 = CIRCLE ( 'NONE', #2989, 0.1218063681463809056 ) ;
#4711 = ORIENTED_EDGE ( 'NONE', *, *, #2224, .T. ) ;
#4712 = ORIENTED_EDGE ( 'NONE', *, *, #2603, .F. ) ;
#4713 = EDGE_LOOP ( 'NONE', ( #4182, #40, #3102, #3041 ) ) ;
#4714 = CARTESIAN_POINT ( 'NONE',  ( 6.341645560915262436, -8.074526629778707942, 4.393768172297286334 ) ) ;
#4715 = ORIENTED_EDGE ( 'NONE', *, *, #2366, .T. ) ;
#4716 = DIRECTION ( 'NONE',  ( -1.000000000000000000, 0.000000000000000000, 0.000000000000000000 ) ) ;
#4717 = EDGE_LOOP ( 'NONE', ( #5571, #4567, #5734, #4980 ) ) ;
#4718 = EDGE_CURVE ( 'NONE', #2725, #76, #5588, .T. ) ;
#4719 = LINE ( 'NONE', #5289, #5253 ) ;
#4720 = CARTESIAN_POINT ( 'NONE',  ( 6.936814567990912117, -8.986126411382032941, 5.500000000000000000 ) ) ;
#4721 = ORIENTED_EDGE ( 'NONE', *, *, #2215, .F. ) ;
#4722 = AXIS2_PLACEMENT_3D ( 'NONE', #2649, #4545, #3182 ) ;
#4723 = EDGE_CURVE ( 'NONE', #4387, #4259, #1224, .T. ) ;
#4724 = DIRECTION ( 'NONE',  ( -1.985712777636717435E-05, 0.9999999998028472614, -0.000000000000000000 ) ) ;
#4725 = EDGE_CURVE ( 'NONE', #2575, #1552, #335, .T. ) ;
#4726 = PLANE ( 'NONE',  #4638 ) ;
#4727 = FACE_OUTER_BOUND ( 'NONE', #2252, .T. ) ;
#4728 = CARTESIAN_POINT ( 'NONE',  ( -6.661860382191610697, 8.469499922952490323, 5.400137046524875473 ) ) ;
#4729 = ORIENTED_EDGE ( 'NONE', *, *, #4581, .F. ) ;
#4730 = ORIENTED_EDGE ( 'NONE', *, *, #5010, .F. ) ;
#4731 = LINE ( 'NONE', #316, #1425 ) ;
#4732 = ORIENTED_EDGE ( 'NONE', *, *, #901, .F. ) ;
#4733 = ADVANCED_FACE ( 'NONE', ( #3209 ), #849, .T. ) ;
#4734 = DIRECTION ( 'NONE',  ( 1.000000000000000000, 0.000000000000000000, 0.000000000000000000 ) ) ;
#4735 = EDGE_CURVE ( 'NONE', #1790, #736, #5139, .T. ) ;
#4736 = CARTESIAN_POINT ( 'NONE',  ( -8.510573072091743185, -10.68021948408902233, 5.500000000000000000 ) ) ;
#4737 = DIRECTION ( 'NONE',  ( 0.000000000000000000, 0.000000000000000000, 1.000000000000000000 ) ) ;
#4738 = AXIS2_PLACEMENT_3D ( 'NONE', #1430, #998, #2448 ) ;
#4739 = CONICAL_SURFACE ( 'NONE', #495, 0.5891026782378090410, 0.8377580409572866760 ) ;
#4740 = ORIENTED_EDGE ( 'NONE', *, *, #2578, .T. ) ;
#4741 = ORIENTED_EDGE ( 'NONE', *, *, #2915, .T. ) ;
#4742 = DIRECTION ( 'NONE',  ( -1.620338397315858060E-05, 0.9999999998687251201, 0.000000000000000000 ) ) ;
#4743 = ORIENTED_EDGE ( 'NONE', *, *, #1181, .T. ) ;
#4744 = ORIENTED_EDGE ( 'NONE', *, *, #4542, .T. ) ;
#4745 = AXIS2_PLACEMENT_3D ( 'NONE', #5539, #4147, #1683 ) ;
#4746 = CARTESIAN_POINT ( 'NONE',  ( -4.137252629733029430, -6.612126364266986300, 2.000000000000000000 ) ) ;
#4747 = ORIENTED_EDGE ( 'NONE', *, *, #3646, .T. ) ;
#4748 = DIRECTION ( 'NONE',  ( 0.7456799060895265008, -0.6663043431153025109, 9.476967503372663905E-21 ) ) ;
#4749 = EDGE_LOOP ( 'NONE', ( #3478, #3428, #1852, #5508, #3172, #3190 ) ) ;
#4750 = CIRCLE ( 'NONE', #1518, 0.2999999999627311342 ) ;
#4751 = CARTESIAN_POINT ( 'NONE',  ( -15.50000000000000533, 4.081289161283684130, 1.401570722589125628 ) ) ;
#4752 = ORIENTED_EDGE ( 'NONE', *, *, #2465, .F. ) ;
#4753 = DIRECTION ( 'NONE',  ( -1.000000000000000000, 1.731651965481161116E-10, -1.357265817624481669E-27 ) ) ;
#4754 = DIRECTION ( 'NONE',  ( 0.000000000000000000, 0.000000000000000000, -1.000000000000000000 ) ) ;
#4755 = AXIS2_PLACEMENT_3D ( 'NONE', #4997, #1701, #5026 ) ;
#4756 = DIRECTION ( 'NONE',  ( 1.000000000000000000, 0.000000000000000000, 0.000000000000000000 ) ) ;
#4757 = DIRECTION ( 'NONE',  ( 1.000000000000000000, 0.000000000000000000, 0.000000000000000000 ) ) ;
#4758 = ORIENTED_EDGE ( 'NONE', *, *, #2603, .T. ) ;
#4759 = ADVANCED_FACE ( 'NONE', ( #2774 ), #6057, .T. ) ;
#4760 = FACE_OUTER_BOUND ( 'NONE', #3897, .T. ) ;
#4761 = VERTEX_POINT ( 'NONE', #1403 ) ;
#4762 = DIRECTION ( 'NONE',  ( -3.463272106474435838E-10, -1.000000000000000000, 0.000000000000000000 ) ) ;
#4763 = VECTOR ( 'NONE', #3467, 1000.000000000000227 ) ;
#4764 = VECTOR ( 'NONE', #2808, 1000.000000000000227 ) ;
#4765 = DIRECTION ( 'NONE',  ( 0.9999999999102268111, 1.339948558378241375E-05, 0.000000000000000000 ) ) ;
#4766 = DIRECTION ( 'NONE',  ( 0.9970583652625432114, -0.05599610650859236649, 0.05233595624294389015 ) ) ;
#4767 = DIRECTION ( 'NONE',  ( 1.000000000000000000, 0.000000000000000000, 0.000000000000000000 ) ) ;
#4768 = AXIS2_PLACEMENT_3D ( 'NONE', #278, #4956, #154 ) ;
#4769 = AXIS2_PLACEMENT_3D ( 'NONE', #4333, #4405, #2059 ) ;
#4770 = ORIENTED_EDGE ( 'NONE', *, *, #3734, .F. ) ;
#4771 = ADVANCED_FACE ( 'NONE', ( #395 ), #2450, .T. ) ;
#4772 = AXIS2_PLACEMENT_3D ( 'NONE', #4048, #756, #1674 ) ;
#4773 = ADVANCED_FACE ( 'NONE', ( #458 ), #4739, .F. ) ;
#4774 = ORIENTED_EDGE ( 'NONE', *, *, #846, .T. ) ;
#4775 = VECTOR ( 'NONE', #4742, 1000.000000000000114 ) ;
#4776 = DIRECTION ( 'NONE',  ( 0.000000000000000000, 0.000000000000000000, -1.000000000000000000 ) ) ;
#4777 = ORIENTED_EDGE ( 'NONE', *, *, #4090, .F. ) ;
#4778 = ORIENTED_EDGE ( 'NONE', *, *, #5259, .F. ) ;
#4779 = ADVANCED_FACE ( 'NONE', ( #2381 ), #2413, .T. ) ;
#4780 = DIRECTION ( 'NONE',  ( 1.000000000000000000, 0.000000000000000000, 0.000000000000000000 ) ) ;
#4781 = ORIENTED_EDGE ( 'NONE', *, *, #5990, .F. ) ;
#4782 = DIRECTION ( 'NONE',  ( -0.000000000000000000, -0.000000000000000000, -1.000000000000000000 ) ) ;
#4783 = VERTEX_POINT ( 'NONE', #2927 ) ;
#4784 = VECTOR ( 'NONE', #570, 1000.000000000000114 ) ;
#4785 = DIRECTION ( 'NONE',  ( 0.5254827448794726630, -0.5254827461180520132, 0.6691306063588525754 ) ) ;
#4786 = VERTEX_POINT ( 'NONE', #6190 ) ;
#4787 = DIRECTION ( 'NONE',  ( -1.157361500644497525E-05, 0.9999999999330256850, 8.894977262383801891E-23 ) ) ;
#4788 = DIRECTION ( 'NONE',  ( 0.7361562438362134753, 0.6768116315940184702, 0.000000000000000000 ) ) ;
#4789 = CARTESIAN_POINT ( 'NONE',  ( -7.987549735179151789, -6.432366699815232458, 2.000000000000000000 ) ) ;
#4790 = DIRECTION ( 'NONE',  ( 0.05233595624294390403, 0.000000000000000000, -0.9986295347545739443 ) ) ;
#4791 = ORIENTED_EDGE ( 'NONE', *, *, #2243, .T. ) ;
#4792 = FACE_OUTER_BOUND ( 'NONE', #4307, .T. ) ;
#4793 = AXIS2_PLACEMENT_3D ( 'NONE', #320, #5060, #2695 ) ;
#4794 = EDGE_LOOP ( 'NONE', ( #5230, #4400, #3225, #4777 ) ) ;
#4795 = LINE ( 'NONE', #3437, #2042 ) ;
#4796 = CONICAL_SURFACE ( 'NONE', #5816, 0.3000000000403634792, 0.05235987755982995234 ) ;
#4797 = DIRECTION ( 'NONE',  ( -0.05233595623158685678, -1.090304731416952046E-06, -0.9986295347545739443 ) ) ;
#4798 = EDGE_CURVE ( 'NONE', #4298, #4152, #5548, .T. ) ;
#4799 = DIRECTION ( 'NONE',  ( -0.7456799060895266118, 0.6663043431153025109, 0.000000000000000000 ) ) ;
#4800 = CARTESIAN_POINT ( 'NONE',  ( 3.216695468915188982, 5.282716275102953496, 5.500000000000000000 ) ) ;
#4801 = ORIENTED_EDGE ( 'NONE', *, *, #3717, .T. ) ;
#4802 = CARTESIAN_POINT ( 'NONE',  ( 5.593018315093884141, 3.526997508906099643, 5.500000000000000000 ) ) ;
#4803 = ORIENTED_EDGE ( 'NONE', *, *, #2453, .T. ) ;
#4804 = EDGE_CURVE ( 'NONE', #4532, #5900, #1763, .T. ) ;
#4805 = EDGE_CURVE ( 'NONE', #4861, #3292, #5960, .T. ) ;
#4806 = CARTESIAN_POINT ( 'NONE',  ( 6.220392548996657389, -7.900088823019717488, 2.000000000000257128 ) ) ;
#4807 = ORIENTED_EDGE ( 'NONE', *, *, #5647, .T. ) ;
#4808 = DIRECTION ( 'NONE',  ( -1.000000000000000000, 0.000000000000000000, 0.000000000000000000 ) ) ;
#4809 = ORIENTED_EDGE ( 'NONE', *, *, #2024, .F. ) ;
#4810 = EDGE_CURVE ( 'NONE', #6195, #3446, #1431, .T. ) ;
#4811 = EDGE_CURVE ( 'NONE', #153, #5404, #3303, .T. ) ;
#4812 = CARTESIAN_POINT ( 'NONE',  ( -5.699274774000003596, 2.800136970999986374, 2.000000000000000000 ) ) ;
#4813 = ORIENTED_EDGE ( 'NONE', *, *, #779, .T. ) ;
#4814 = DIRECTION ( 'NONE',  ( 1.196361017915039486E-16, -1.000000000000000000, 0.000000000000000000 ) ) ;
#4815 = ORIENTED_EDGE ( 'NONE', *, *, #4180, .T. ) ;
#4816 = DIRECTION ( 'NONE',  ( 0.7456787297131749481, -0.6663056596287816324, -4.024129197778824788E-18 ) ) ;
#4817 = DIRECTION ( 'NONE',  ( -0.7067138349038033507, -0.02357022603955364476, 0.7071067811865504593 ) ) ;
#4818 = VECTOR ( 'NONE', #4613, 1000.000000000000000 ) ;
#4819 = DIRECTION ( 'NONE',  ( -1.000000000000000000, 0.000000000000000000, 0.000000000000000000 ) ) ;
#4820 = DIRECTION ( 'NONE',  ( -2.083316576129790198E-05, 0.9999999997829897014, -0.000000000000000000 ) ) ;
#4821 = ORIENTED_EDGE ( 'NONE', *, *, #1321, .T. ) ;
#4822 = DIRECTION ( 'NONE',  ( 0.000000000000000000, 0.000000000000000000, 1.000000000000000000 ) ) ;
#4823 = VECTOR ( 'NONE', #3623, 1000.000000000000114 ) ;
#4824 = ORIENTED_EDGE ( 'NONE', *, *, #2366, .F. ) ;
#4825 = CARTESIAN_POINT ( 'NONE',  ( -6.699994329622446010, -4.349384664000013778, 2.000000000000000000 ) ) ;
#4826 = CARTESIAN_POINT ( 'NONE',  ( -15.31657106021116199, 3.760827106157156319, 5.500000000000000000 ) ) ;
#4827 = DIRECTION ( 'NONE',  ( 1.000000000000000000, 1.472343905614808277E-15, 0.000000000000000000 ) ) ;
#4828 = DIRECTION ( 'NONE',  ( -1.376225542114974728E-05, 0.7431448253499685075, 0.6691306063588520203 ) ) ;
#4829 = DIRECTION ( 'NONE',  ( 0.7071067813823205261, -0.7071067809907745083, 0.000000000000000000 ) ) ;
#4830 = CONICAL_SURFACE ( 'NONE', #6048, 0.2999999997797585527, 0.05235987755982995234 ) ;
#4831 = PLANE ( 'NONE',  #1837 ) ;
#4832 = EDGE_LOOP ( 'NONE', ( #2471, #3136, #1421, #3899 ) ) ;
#4833 = CARTESIAN_POINT ( 'NONE',  ( -8.162383538094353241, 6.249408779519201929, 5.466871895459136432 ) ) ;
#4834 = EDGE_CURVE ( 'NONE', #2251, #2064, #5233, .T. ) ;
#4835 = ORIENTED_EDGE ( 'NONE', *, *, #4810, .T. ) ;
#4836 = VECTOR ( 'NONE', #3598, 1000.000000000000114 ) ;
#4837 = DIRECTION ( 'NONE',  ( -0.6767889836201482767, -0.7361770654200024966, 0.000000000000000000 ) ) ;
#4838 = ORIENTED_EDGE ( 'NONE', *, *, #1276, .T. ) ;
#4839 = EDGE_CURVE ( 'NONE', #3292, #4146, #3366, .T. ) ;
#4840 = DIRECTION ( 'NONE',  ( 0.000000000000000000, 0.000000000000000000, 1.000000000000000000 ) ) ;
#4841 = AXIS2_PLACEMENT_3D ( 'NONE', #3494, #661, #4003 ) ;
#4842 = EDGE_CURVE ( 'NONE', #3052, #2502, #2310, .T. ) ;
#4843 = VERTEX_POINT ( 'NONE', #426 ) ;
#4844 = DIRECTION ( 'NONE',  ( 1.000000000000000000, 0.000000000000000000, 0.000000000000000000 ) ) ;
#4845 = CIRCLE ( 'NONE', #2633, 0.1218063681769909756 ) ;
#4846 = ORIENTED_EDGE ( 'NONE', *, *, #4918, .T. ) ;
#4847 = ORIENTED_EDGE ( 'NONE', *, *, #226, .T. ) ;
#4848 = ADVANCED_FACE ( 'NONE', ( #5741 ), #4726, .T. ) ;
#4849 = LINE ( 'NONE', #5258, #2276 ) ;
#4850 = ORIENTED_EDGE ( 'NONE', *, *, #757, .T. ) ;
#4851 = EDGE_CURVE ( 'NONE', #1966, #1532, #5207, .T. ) ;
#4852 = CARTESIAN_POINT ( 'NONE',  ( -6.610108074038421044, 11.71347973829136357, 2.000000000000000000 ) ) ;
#4853 = CIRCLE ( 'NONE', #2638, 0.01089732232511901600 ) ;
#4854 = CARTESIAN_POINT ( 'NONE',  ( -6.303851604855013946, -8.112126063113340280, 5.400137046525551376 ) ) ;
#4855 = FACE_OUTER_BOUND ( 'NONE', #1457, .T. ) ;
#4856 = CARTESIAN_POINT ( 'NONE',  ( 11.42726392699999671, -6.699999727000014005, 5.500000000000000000 ) ) ;
#4857 = ORIENTED_EDGE ( 'NONE', *, *, #2010, .F. ) ;
#4858 = DIRECTION ( 'NONE',  ( -1.000000000000000000, 0.000000000000000000, 0.000000000000000000 ) ) ;
#4859 = VERTEX_POINT ( 'NONE', #5805 ) ;
#4860 = LINE ( 'NONE', #4825, #3159 ) ;
#4861 = VERTEX_POINT ( 'NONE', #4284 ) ;
#4862 = ADVANCED_FACE ( 'NONE', ( #5328 ), #5749, .T. ) ;
#4863 = PLANE ( 'NONE',  #859 ) ;
#4864 = DIRECTION ( 'NONE',  ( 1.000000000000000000, 0.000000000000000000, 0.000000000000000000 ) ) ;
#4865 = MANIFOLD_SOLID_BREP ( 'Chanfro2', #5315 ) ;
#4866 = DIRECTION ( 'NONE',  ( -0.4458446291282818219, -0.4989572477113000115, -0.7431448254773960205 ) ) ;
#4867 = DIRECTION ( 'NONE',  ( -0.7071067812268300168, -0.7071067811462650177, 0.000000000000000000 ) ) ;
#4868 = VERTEX_POINT ( 'NONE', #1563 ) ;
#4869 = DIRECTION ( 'NONE',  ( 1.758524546238222336E-05, -0.9999999998453795724, 0.000000000000000000 ) ) ;
#4870 = VECTOR ( 'NONE', #5056, 1000.000000000000227 ) ;
#4871 = ORIENTED_EDGE ( 'NONE', *, *, #5307, .F. ) ;
#4872 = CIRCLE ( 'NONE', #4887, 0.3000000001195956556 ) ;
#4873 = AXIS2_PLACEMENT_3D ( 'NONE', #4930, #2591, #4425 ) ;
#4874 = CARTESIAN_POINT ( 'NONE',  ( -9.211167780099254188, 7.179182021950540005, 5.500000000000000000 ) ) ;
#4875 = CONICAL_SURFACE ( 'NONE', #5893, 0.4999999999999987232, 0.7853981633974533860 ) ;
#4876 = VERTEX_POINT ( 'NONE', #2965 ) ;
#4878 = CARTESIAN_POINT ( 'NONE',  ( -4.349384664000003120, -6.399994330000013498, 5.500000000000000000 ) ) ;
#4877 = AXIS2_PLACEMENT_3D ( 'NONE', #3889, #3348, #1085 ) ;
#4879 = VECTOR ( 'NONE', #1242, 1000.000000000000000 ) ;
#4880 = VERTEX_POINT ( 'NONE', #2512 ) ;
#4881 = ADVANCED_FACE ( 'NONE', ( #1528 ), #5246, .T. ) ;
#4882 = CARTESIAN_POINT ( 'NONE',  ( 11.72726392696272768, -6.699999727000014005, 2.000000000000000000 ) ) ;
#4883 = ORIENTED_EDGE ( 'NONE', *, *, #4331, .F. ) ;
#4884 = VERTEX_POINT ( 'NONE', #78 ) ;
#4885 = CARTESIAN_POINT ( 'NONE',  ( -6.308394623262663536, -8.107668280900366398, 5.278753466842560194 ) ) ;
#4886 = EDGE_LOOP ( 'NONE', ( #3230, #2481, #6253, #1325 ) ) ;
#4887 = AXIS2_PLACEMENT_3D ( 'NONE', #249, #3622, #183 ) ;
#4888 = DIRECTION ( 'NONE',  ( -0.3277019371334098929, -0.6669900089452950320, -0.6691306063588527975 ) ) ;
#4889 = ADVANCED_FACE ( 'NONE', ( #4891 ), #4384, .F. ) ;
#4890 = AXIS2_PLACEMENT_3D ( 'NONE', #2968, #4892, #562 ) ;
#4891 = FACE_OUTER_BOUND ( 'NONE', #4408, .T. ) ;
#4892 = DIRECTION ( 'NONE',  ( 0.9986295345378608523, 2.080461463166984219E-05, 0.05233595624294389709 ) ) ;
#4893 = FACE_OUTER_BOUND ( 'NONE', #2371, .T. ) ;
#4894 = EDGE_CURVE ( 'NONE', #374, #1728, #2998, .T. ) ;
#4895 = ORIENTED_EDGE ( 'NONE', *, *, #1826, .F. ) ;
#4896 = LINE ( 'NONE', #1977, #4362 ) ;
#4897 = VERTEX_POINT ( 'NONE', #150 ) ;
#4898 = CARTESIAN_POINT ( 'NONE',  ( 3.322571044975517918, 5.797444778940154642, 2.000000000000000000 ) ) ;
#4899 = FACE_OUTER_BOUND ( 'NONE', #1155, .T. ) ;
#4900 = CARTESIAN_POINT ( 'NONE',  ( -4.349635330000003464, -13.30026441600001519, 5.400137046524545958 ) ) ;
#4901 = ADVANCED_FACE ( 'NONE', ( #2034 ), #2583, .F. ) ;
#4902 = DIRECTION ( 'NONE',  ( -0.7431448253624962641, -1.306838416768574512E-05, -0.6691306063588499109 ) ) ;
#4903 = DIRECTION ( 'NONE',  ( 1.000000000000000000, 0.000000000000000000, 0.000000000000000000 ) ) ;
#4904 = EDGE_CURVE ( 'NONE', #2761, #6002, #3526, .T. ) ;
#4905 = EDGE_LOOP ( 'NONE', ( #1684, #172, #4807, #2592 ) ) ;
#4906 = DIRECTION ( 'NONE',  ( -0.9986295347545739443, 2.016988511556212509E-11, 0.05233595624294390403 ) ) ;
#4907 = VECTOR ( 'NONE', #689, 999.9999999999998863 ) ;
#4908 = VECTOR ( 'NONE', #245, 1000.000000000000114 ) ;
#4909 = DIRECTION ( 'NONE',  ( -1.000000000000000000, 0.000000000000000000, 0.000000000000000000 ) ) ;
#4910 = EDGE_LOOP ( 'NONE', ( #1406, #1341, #3544, #1039 ) ) ;
#4911 = DIRECTION ( 'NONE',  ( 0.9999999998687253422, 1.620336785301418347E-05, -1.054444037568150353E-22 ) ) ;
#4912 = ORIENTED_EDGE ( 'NONE', *, *, #5204, .F. ) ;
#4913 = LINE ( 'NONE', #1964, #615 ) ;
#4914 = ORIENTED_EDGE ( 'NONE', *, *, #2300, .T. ) ;
#4915 = EDGE_LOOP ( 'NONE', ( #4257, #2235, #3808, #286 ) ) ;
#4916 = CIRCLE ( 'NONE', #1087, 0.01089732179250036195 ) ;
#4917 = CARTESIAN_POINT ( 'NONE',  ( -13.50000000000000355, -13.50000000000000000, 2.000000000000000000 ) ) ;
#4918 = EDGE_CURVE ( 'NONE', #4316, #5404, #2014, .T. ) ;
#4919 = EDGE_LOOP ( 'NONE', ( #862, #1385, #81, #3468 ) ) ;
#4920 = CARTESIAN_POINT ( 'NONE',  ( -5.282716275420678897, -3.216695469614911929, 5.500000000000000000 ) ) ;
#4921 = CARTESIAN_POINT ( 'NONE',  ( -12.69984271096648598, 3.760869505969176352, 5.500000000000000000 ) ) ;
#4922 = ORIENTED_EDGE ( 'NONE', *, *, #5028, .F. ) ;
#4923 = DIRECTION ( 'NONE',  ( 0.000000000000000000, 0.000000000000000000, 1.000000000000000000 ) ) ;
#4924 = EDGE_CURVE ( 'NONE', #6180, #4474, #4334, .T. ) ;
#4925 = ORIENTED_EDGE ( 'NONE', *, *, #4089, .F. ) ;
#4926 = DIRECTION ( 'NONE',  ( -1.000000000000000000, 0.000000000000000000, 0.000000000000000000 ) ) ;
#4927 = DIRECTION ( 'NONE',  ( -0.9984255058485672629, -0.05609375429611242886, 0.000000000000000000 ) ) ;
#4928 = DIRECTION ( 'NONE',  ( 0.9999999997801694018, 2.096809632237549059E-05, -0.000000000000000000 ) ) ;
#4929 = DIRECTION ( 'NONE',  ( -1.000000000000000000, 0.000000000000000000, 0.000000000000000000 ) ) ;
#4930 = CARTESIAN_POINT ( 'NONE',  ( -3.760532652365752515, -13.30025214333924843, 5.500000000000000000 ) ) ;
#4931 = ORIENTED_EDGE ( 'NONE', *, *, #5821, .F. ) ;
#4932 = CARTESIAN_POINT ( 'NONE',  ( -8.190982032817800018, 6.225622184077839627, 5.500000000000000000 ) ) ;
#4933 = EDGE_CURVE ( 'NONE', #1728, #2267, #5458, .T. ) ;
#4934 = ORIENTED_EDGE ( 'NONE', *, *, #836, .F. ) ;
#4935 = EDGE_CURVE ( 'NONE', #153, #1611, #3971, .T. ) ;
#4936 = CONICAL_SURFACE ( 'NONE', #194, 0.3000000004738101467, 0.05235987755982995234 ) ;
#4937 = DIRECTION ( 'NONE',  ( 0.000000000000000000, 0.000000000000000000, 1.000000000000000000 ) ) ;
#4938 = EDGE_LOOP ( 'NONE', ( #4485, #5236, #3671, #1484 ) ) ;
#4939 = DIRECTION ( 'NONE',  ( 0.05600072284718559529, 0.9970581059921881373, 0.05233595624294389709 ) ) ;
#4940 = ADVANCED_FACE ( 'NONE', ( #1596 ), #4644, .T. ) ;
#4941 = EDGE_LOOP ( 'NONE', ( #5218, #139, #3517, #4946 ) ) ;
#4942 = AXIS2_PLACEMENT_3D ( 'NONE', #2047, #1048, #2011 ) ;
#4943 = ADVANCED_BREP_SHAPE_REPRESENTATION ( 'Tampa_Perfil_3030_R', ( #4865, #4184 ), #4993 ) ;
#4944 = LINE ( 'NONE', #2026, #3332 ) ;
#4945 = ORIENTED_EDGE ( 'NONE', *, *, #472, .T. ) ;
#4946 = ORIENTED_EDGE ( 'NONE', *, *, #2734, .F. ) ;
#4947 = DIRECTION ( 'NONE',  ( 1.000000000000000000, 0.000000000000000000, 0.000000000000000000 ) ) ;
#4948 = VERTEX_POINT ( 'NONE', #3026 ) ;
#4949 = CARTESIAN_POINT ( 'NONE',  ( 3.534703078999996251, 5.585312744999986201, 2.000000000000000000 ) ) ;
#4950 = CARTESIAN_POINT ( 'NONE',  ( -2.800136971000003694, -5.699274774000014254, 5.500000000000000000 ) ) ;
#4951 = EDGE_CURVE ( 'NONE', #1013, #2176, #3430, .T. ) ;
#4952 = CARTESIAN_POINT ( 'NONE',  ( -3.871441698195928538, -13.30025653711243194, 5.400137046524545958 ) ) ;
#4953 = LINE ( 'NONE', #152, #2685 ) ;
#4954 = VECTOR ( 'NONE', #2811, 1000.000000000000227 ) ;
#4955 = ORIENTED_EDGE ( 'NONE', *, *, #5138, .T. ) ;
#4956 = DIRECTION ( 'NONE',  ( -0.000000000000000000, -0.000000000000000000, -1.000000000000000000 ) ) ;
#4957 = DIRECTION ( 'NONE',  ( 0.02307840094120164678, 0.04697275514445029693, -0.9986295347545739443 ) ) ;
#4958 = CARTESIAN_POINT ( 'NONE',  ( 8.679899476999997532, -6.699999727000014005, 5.500000000000000000 ) ) ;
#4959 = FACE_OUTER_BOUND ( 'NONE', #4219, .T. ) ;
#4960 = EDGE_CURVE ( 'NONE', #2572, #3921, #3058, .T. ) ;
#4961 = CARTESIAN_POINT ( 'NONE',  ( -10.07993024775509028, 8.199979871974248269, 2.000000000000336176 ) ) ;
#4962 = ORIENTED_EDGE ( 'NONE', *, *, #982, .F. ) ;
#4963 = FACE_OUTER_BOUND ( 'NONE', #4971, .T. ) ;
#4964 = VERTEX_POINT ( 'NONE', #4982 ) ;
#4965 = CARTESIAN_POINT ( 'NONE',  ( 8.022215863020981885, -12.69995888124512362, 5.400137046524545070 ) ) ;
#4966 = EDGE_CURVE ( 'NONE', #1210, #5621, #402, .T. ) ;
#4967 = CARTESIAN_POINT ( 'NONE',  ( 6.176813191646452594, -9.604833659501252896, 6.381533473206983942 ) ) ;
#4968 = ORIENTED_EDGE ( 'NONE', *, *, #328, .T. ) ;
#4969 = CARTESIAN_POINT ( 'NONE',  ( -2.667847035499111730, -5.430017697294965195, 2.000000000000000000 ) ) ;
#4970 = AXIS2_PLACEMENT_3D ( 'NONE', #590, #17, #4386 ) ;
#4971 = EDGE_LOOP ( 'NONE', ( #43, #5011, #2445, #1584 ) ) ;
#4972 = VECTOR ( 'NONE', #2717, 1000.000000000000000 ) ;
#4973 = CARTESIAN_POINT ( 'NONE',  ( -10.59137585997897091, -8.584228059832357260, 5.400137046525557594 ) ) ;
#4974 = ORIENTED_EDGE ( 'NONE', *, *, #5936, .T. ) ;
#4975 = EDGE_LOOP ( 'NONE', ( #2419, #1992, #3549, #4001 ) ) ;
#4976 = EDGE_CURVE ( 'NONE', #4876, #1267, #336, .T. ) ;
#4977 = VECTOR ( 'NONE', #2462, 1000.000000000000000 ) ;
#4978 = VECTOR ( 'NONE', #5829, 1000.000000000000000 ) ;
#4979 = DIRECTION ( 'NONE',  ( -0.000000000000000000, -0.000000000000000000, -1.000000000000000000 ) ) ;
#4980 = ORIENTED_EDGE ( 'NONE', *, *, #3297, .F. ) ;
#4981 = CARTESIAN_POINT ( 'NONE',  ( -5.361140813964092366, -3.138270931058888991, 5.400137046524544182 ) ) ;
#4982 = CARTESIAN_POINT ( 'NONE',  ( -13.29972792714956853, -3.761172065289947408, 5.500000000000000000 ) ) ;
#4983 = VECTOR ( 'NONE', #922, 1000.000000000000000 ) ;
#4984 = CARTESIAN_POINT ( 'NONE',  ( -5.399274773526193449, -2.800136971000014352, 2.000000000000000000 ) ) ;
#4985 = CARTESIAN_POINT ( 'NONE',  ( -6.583435846456872298, 8.547924464125042476, 5.500000000000000000 ) ) ;
#4986 = DIRECTION ( 'NONE',  ( -0.03700710955715982853, 0.03700710956137627516, -0.9986295347545739443 ) ) ;
#4987 = DIRECTION ( 'NONE',  ( 0.000000000000000000, 0.000000000000000000, 1.000000000000000000 ) ) ;
#4988 = VECTOR ( 'NONE', #1404, 1000.000000000000000 ) ;
#4989 = CARTESIAN_POINT ( 'NONE',  ( -6.410891651795520119, -4.349384664100138131, 5.500000000000000000 ) ) ;
#4990 = CARTESIAN_POINT ( 'NONE',  ( -12.69964178458580051, -8.622027782157738685, 5.400137046524553064 ) ) ;
#4991 = PLANE ( 'NONE',  #6143 ) ;
#4992 = VERTEX_POINT ( 'NONE', #805 ) ;
#4993 =( GEOMETRIC_REPRESENTATION_CONTEXT ( 3 ) GLOBAL_UNCERTAINTY_ASSIGNED_CONTEXT ( ( #3777 ) ) GLOBAL_UNIT_ASSIGNED_CONTEXT ( ( #1913, #5437, #1107 ) ) REPRESENTATION_CONTEXT ( 'NONE', 'WORKASPACE' ) );
#4994 = PLANE ( 'NONE',  #932 ) ;
#4995 = ORIENTED_EDGE ( 'NONE', *, *, #4189, .F. ) ;
#4996 = EDGE_CURVE ( 'NONE', #4478, #367, #5640, .T. ) ;
#4997 = CARTESIAN_POINT ( 'NONE',  ( -13.56679932720343729, 6.934473003224094434, 5.500000000000000000 ) ) ;
#4998 = CARTESIAN_POINT ( 'NONE',  ( -8.510542748175778272, -13.30031257274055356, 5.500000000000000000 ) ) ;
#4999 = ORIENTED_EDGE ( 'NONE', *, *, #5083, .T. ) ;
#5000 = CARTESIAN_POINT ( 'NONE',  ( -10.67954247908091858, -8.511081328285605707, 5.500000000000000000 ) ) ;
#5001 = CIRCLE ( 'NONE', #53, 27.82180636859406775 ) ;
#5002 = ADVANCED_FACE ( 'NONE', ( #1719 ), #806, .T. ) ;
#5003 = ORIENTED_EDGE ( 'NONE', *, *, #5700, .T. ) ;
#5004 = ADVANCED_FACE ( 'NONE', ( #3235 ), #303, .T. ) ;
#5005 = VECTOR ( 'NONE', #3088, 1000.000000000000000 ) ;
#5006 = DIRECTION ( 'NONE',  ( -0.9999999998687253422, -1.620336785301418347E-05, -0.000000000000000000 ) ) ;
#5007 = ORIENTED_EDGE ( 'NONE', *, *, #1605, .F. ) ;
#5008 = ORIENTED_EDGE ( 'NONE', *, *, #3809, .T. ) ;
#5009 = CARTESIAN_POINT ( 'NONE',  ( 15.48277299116755401, -14.46666666666666501, 1.499999999999992673 ) ) ;
#5010 = EDGE_CURVE ( 'NONE', #1593, #5988, #2644, .T. ) ;
#5011 = ORIENTED_EDGE ( 'NONE', *, *, #4150, .F. ) ;
#5012 = ADVANCED_FACE ( 'NONE', ( #5610 ), #1118, .F. ) ;
#5013 = CARTESIAN_POINT ( 'NONE',  ( -13.29995560200000249, 4.349962459999986208, 5.400137046524553064 ) ) ;
#5014 = DIRECTION ( 'NONE',  ( 1.000000000000000000, 0.000000000000000000, 0.000000000000000000 ) ) ;
#5015 = AXIS2_PLACEMENT_3D ( 'NONE', #6124, #6098, #1779 ) ;
#5016 = FACE_OUTER_BOUND ( 'NONE', #1984, .T. ) ;
#5017 = LINE ( 'NONE', #4985, #1373 ) ;
#5018 = CARTESIAN_POINT ( 'NONE',  ( 8.477655576030763029, -3.290235650158700042E-10, 2.000000000000000000 ) ) ;
#5019 = CARTESIAN_POINT ( 'NONE',  ( 7.206221729701859147, -9.287475431744729448, 5.500000000000000000 ) ) ;
#5020 = PLANE ( 'NONE',  #893 ) ;
#5021 = DIRECTION ( 'NONE',  ( 0.000000000000000000, 0.000000000000000000, 1.000000000000000000 ) ) ;
#5022 = DIRECTION ( 'NONE',  ( -0.7071067812433913247, -0.7071067811297037098, 0.000000000000000000 ) ) ;
#5023 = EDGE_LOOP ( 'NONE', ( #4732, #5144, #2537, #443 ) ) ;
#5024 = DIRECTION ( 'NONE',  ( -0.000000000000000000, -0.000000000000000000, -1.000000000000000000 ) ) ;
#5025 = VERTEX_POINT ( 'NONE', #1750 ) ;
#5026 = DIRECTION ( 'NONE',  ( -0.9984255058485672629, -0.05609375429611242886, 0.000000000000000000 ) ) ;
#5027 = CARTESIAN_POINT ( 'NONE',  ( -6.821806094936381015, 11.42726392698719096, 5.400137046524544182 ) ) ;
#5028 = EDGE_CURVE ( 'NONE', #3658, #236, #1614, .T. ) ;
#5029 = ORIENTED_EDGE ( 'NONE', *, *, #5307, .T. ) ;
#5030 = DIRECTION ( 'NONE',  ( -1.000000000000000000, 0.000000000000000000, 0.000000000000000000 ) ) ;
#5031 = CONICAL_SURFACE ( 'NONE', #2910, 0.01089732221807790391, 0.8377580409572884523 ) ;
#5032 = ORIENTED_EDGE ( 'NONE', *, *, #4735, .T. ) ;
#5033 = DIRECTION ( 'NONE',  ( -0.7456787297131750591, 0.6663056596287816324, 0.000000000000000000 ) ) ;
#5034 = ADVANCED_FACE ( 'NONE', ( #5041 ), #5132, .F. ) ;
#5035 = EDGE_LOOP ( 'NONE', ( #3991, #5039, #636, #1244 ) ) ;
#5036 = VERTEX_POINT ( 'NONE', #4632 ) ;
#5037 = EDGE_CURVE ( 'NONE', #1712, #2125, #5964, .T. ) ;
#5038 = DIRECTION ( 'NONE',  ( 1.000000000000000000, -7.475090013425174268E-12, 0.000000000000000000 ) ) ;
#5039 = ORIENTED_EDGE ( 'NONE', *, *, #2107, .F. ) ;
#5040 = CARTESIAN_POINT ( 'NONE',  ( -15.50000000000000711, 15.50000000000000000, 2.000000000000000000 ) ) ;
#5041 = FACE_OUTER_BOUND ( 'NONE', #1711, .T. ) ;
#5042 = VECTOR ( 'NONE', #5231, 1000.000000000000000 ) ;
#5043 = EDGE_CURVE ( 'NONE', #2687, #3892, #3226, .T. ) ;
#5044 = DIRECTION ( 'NONE',  ( -0.000000000000000000, -0.000000000000000000, -1.000000000000000000 ) ) ;
#5045 = EDGE_CURVE ( 'NONE', #4897, #1809, #1274, .T. ) ;
#5046 = CARTESIAN_POINT ( 'NONE',  ( -5.110172096056395219, 2.800136970999986374, 5.500000000000000000 ) ) ;
#5047 = DIRECTION ( 'NONE',  ( 0.000000000000000000, 0.000000000000000000, -1.000000000000000000 ) ) ;
#5048 = CARTESIAN_POINT ( 'NONE',  ( -10.67954268100000448, -8.500184006000015557, 5.500000000000000000 ) ) ;
#5049 = VECTOR ( 'NONE', #5546, 1000.000000000000114 ) ;
#5050 = DIRECTION ( 'NONE',  ( 0.000000000000000000, 0.000000000000000000, 1.000000000000000000 ) ) ;
#5051 = DIRECTION ( 'NONE',  ( 0.000000000000000000, 0.000000000000000000, 1.000000000000000000 ) ) ;
#5052 = FACE_OUTER_BOUND ( 'NONE', #4886, .T. ) ;
#5053 = VERTEX_POINT ( 'NONE', #6031 ) ;
#5054 = AXIS2_PLACEMENT_3D ( 'NONE', #5602, #5515, #3138 ) ;
#5055 = EDGE_CURVE ( 'NONE', #5210, #1707, #2313, .T. ) ;
#5056 = DIRECTION ( 'NONE',  ( 0.04924970686563204247, 0.05511380699421691842, -0.9972647264654723731 ) ) ;
#5057 = ORIENTED_EDGE ( 'NONE', *, *, #5045, .F. ) ;
#5058 = APPLICATION_CONTEXT ( 'automotive_design' ) ;
#5059 = DIRECTION ( 'NONE',  ( 1.000000000000000000, 0.000000000000000000, 0.000000000000000000 ) ) ;
#5060 = DIRECTION ( 'NONE',  ( 0.000000000000000000, 0.000000000000000000, 1.000000000000000000 ) ) ;
#5061 = CARTESIAN_POINT ( 'NONE',  ( 3.616206485992452979, 5.675833382749009282, 5.400137046524543294 ) ) ;
#5062 = ORIENTED_EDGE ( 'NONE', *, *, #3189, .T. ) ;
#5063 = VECTOR ( 'NONE', #5721, 1000.000000000000000 ) ;
#5064 = CARTESIAN_POINT ( 'NONE',  ( -6.999994330000003373, 8.131365950999983383, 5.500000000000000000 ) ) ;
#5065 = VERTEX_POINT ( 'NONE', #5522 ) ;
#5066 = VERTEX_POINT ( 'NONE', #2735 ) ;
#5067 = DIRECTION ( 'NONE',  ( -0.05610762023188192726, 0.9984247267330247366, -0.000000000000000000 ) ) ;
#5068 = ORIENTED_EDGE ( 'NONE', *, *, #5854, .T. ) ;
#5069 = VECTOR ( 'NONE', #3371, 1000.000000000000114 ) ;
#5070 = EDGE_CURVE ( 'NONE', #5130, #4884, #1216, .T. ) ;
#5071 = DIRECTION ( 'NONE',  ( 1.000000000000000000, 0.000000000000000000, 0.000000000000000000 ) ) ;
#5072 = CONICAL_SURFACE ( 'NONE', #2751, 5.760897322021587996, 0.8377580409572876752 ) ;
#5073 = AXIS2_PLACEMENT_3D ( 'NONE', #3377, #1856, #4359 ) ;
#5074 = AXIS2_PLACEMENT_3D ( 'NONE', #5386, #1617, #3582 ) ;
#5075 = CARTESIAN_POINT ( 'NONE',  ( -5.110172096056395219, 2.800136970999986374, 5.500000000000000000 ) ) ;
#5076 = AXIS2_PLACEMENT_3D ( 'NONE', #60, #4394, #1914 ) ;
#5077 = DIRECTION ( 'NONE',  ( 0.03700710955926816981, -0.03700710955926794082, -0.9986295347545739443 ) ) ;
#5078 = DIRECTION ( 'NONE',  ( -0.7071067810582567503, 0.7071067813148382841, -0.000000000000000000 ) ) ;
#5079 = CARTESIAN_POINT ( 'NONE',  ( -15.50000000000000355, -13.50000000000000000, 0.4999999999999970024 ) ) ;
#5080 = ADVANCED_FACE ( 'NONE', ( #1663 ), #3119, .F. ) ;
#5081 = CARTESIAN_POINT ( 'NONE',  ( -12.82183246218711759, 7.899931911842394072, 5.400137046524553064 ) ) ;
#5082 = VECTOR ( 'NONE', #3045, 1000.000000000000114 ) ;
#5083 = EDGE_CURVE ( 'NONE', #3867, #197, #3619, .T. ) ;
#5084 = CARTESIAN_POINT ( 'NONE',  ( -10.07992489404735714, 7.910877194253417066, 5.500000000000000000 ) ) ;
#5085 = FACE_OUTER_BOUND ( 'NONE', #5211, .T. ) ;
#5086 = ORIENTED_EDGE ( 'NONE', *, *, #4380, .T. ) ;
#5087 = FACE_OUTER_BOUND ( 'NONE', #1772, .T. ) ;
#5088 = EDGE_LOOP ( 'NONE', ( #555, #5800, #3087, #3169 ) ) ;
#5089 = CARTESIAN_POINT ( 'NONE',  ( -6.699999727000003347, 11.42726392699998605, 2.000000000000000000 ) ) ;
#5090 = EDGE_CURVE ( 'NONE', #2337, #1295, #274, .T. ) ;
#5091 = CARTESIAN_POINT ( 'NONE',  ( -10.07992469200000407, 7.899979871999986081, 2.000000000000000000 ) ) ;
#5092 = FACE_OUTER_BOUND ( 'NONE', #2833, .T. ) ;
#5093 = FACE_OUTER_BOUND ( 'NONE', #2673, .T. ) ;
#5094 = ORIENTED_EDGE ( 'NONE', *, *, #764, .T. ) ;
#5095 = FACE_OUTER_BOUND ( 'NONE', #4975, .T. ) ;
#5096 = ORIENTED_EDGE ( 'NONE', *, *, #3604, .F. ) ;
#5097 = ORIENTED_EDGE ( 'NONE', *, *, #2288, .F. ) ;
#5098 = LINE ( 'NONE', #4629, #2153 ) ;
#5099 = ORIENTED_EDGE ( 'NONE', *, *, #3957, .T. ) ;
#5100 = DIRECTION ( 'NONE',  ( 1.000000000000000000, 0.000000000000000000, 0.000000000000000000 ) ) ;
#5101 = DIRECTION ( 'NONE',  ( 0.000000000000000000, 0.000000000000000000, -1.000000000000000000 ) ) ;
#5102 = EDGE_CURVE ( 'NONE', #3162, #2469, #1926, .T. ) ;
#5103 = DIRECTION ( 'NONE',  ( 0.000000000000000000, 0.000000000000000000, 1.000000000000000000 ) ) ;
#5104 = DIRECTION ( 'NONE',  ( 0.000000000000000000, -0.05233595625189263467, -0.9986295347541048750 ) ) ;
#5105 = CARTESIAN_POINT ( 'NONE',  ( 4.349384663999996015, -6.399994330000013498, 2.000000000000000000 ) ) ;
#5106 = CARTESIAN_POINT ( 'NONE',  ( -13.50000000000000355, -14.99999999999999645, 0.000000000000000000 ) ) ;
#5107 = DIRECTION ( 'NONE',  ( -0.7431448254276165066, -8.600872108224548579E-06, -0.6691306063588651210 ) ) ;
#5108 = CONICAL_SURFACE ( 'NONE', #4006, 0.2999999995595163393, 0.05235987755982995234 ) ;
#5109 = DIRECTION ( 'NONE',  ( -2.612364259939261298E-12, -0.05233595624294390403, -0.9986295347545739443 ) ) ;
#5110 = CARTESIAN_POINT ( 'NONE',  ( 6.914330241491624562, -13.93286350731226619, 5.500000000000000000 ) ) ;
#5111 = EDGE_LOOP ( 'NONE', ( #2691, #2305, #4111, #5801 ) ) ;
#5112 = EDGE_CURVE ( 'NONE', #957, #3761, #1806, .T. ) ;
#5113 = DIRECTION ( 'NONE',  ( 1.000000000000000000, -5.889375626414205401E-15, 0.000000000000000000 ) ) ;
#5114 = EDGE_LOOP ( 'NONE', ( #729, #5292, #1171, #2985, #5651 ) ) ;
#5115 = EDGE_CURVE ( 'NONE', #1130, #5065, #3833, .T. ) ;
#5116 = CARTESIAN_POINT ( 'NONE',  ( 14.48332870112989212, -15.50000000000000000, 1.499999999999992673 ) ) ;
#5117 = CARTESIAN_POINT ( 'NONE',  ( -13.50000000000000355, -15.49999999999999822, 0.4999999999999970024 ) ) ;
#5118 = DIRECTION ( 'NONE',  ( 2.083280424562703465E-05, -0.9999999997829970289, 0.000000000000000000 ) ) ;
#5119 = EDGE_CURVE ( 'NONE', #2884, #4761, #3731, .T. ) ;
#5120 = ADVANCED_FACE ( 'NONE', ( #4278 ), #2629, .F. ) ;
#5121 = CARTESIAN_POINT ( 'NONE',  ( -5.699274774000003596, -2.800136971000014352, 5.500000000000000000 ) ) ;
#5122 = ORIENTED_EDGE ( 'NONE', *, *, #1798, .F. ) ;
#5123 = VERTEX_POINT ( 'NONE', #5732 ) ;
#5124 = AXIS2_PLACEMENT_3D ( 'NONE', #5850, #3442, #4903 ) ;
#5125 = PLANE ( 'NONE',  #4745 ) ;
#5126 = EDGE_LOOP ( 'NONE', ( #616, #1997, #1799, #193 ) ) ;
#5127 = VERTEX_POINT ( 'NONE', #2375 ) ;
#5128 = EDGE_CURVE ( 'NONE', #3416, #5708, #6182, .T. ) ;
#5129 = CARTESIAN_POINT ( 'NONE',  ( -3.012269005482690609, -5.487142739601639008, 2.000000000000000000 ) ) ;
#5130 = VERTEX_POINT ( 'NONE', #2823 ) ;
#5131 = AXIS2_PLACEMENT_3D ( 'NONE', #4958, #1634, #2651 ) ;
#5132 = PLANE ( 'NONE',  #1508 ) ;
#5133 = DIRECTION ( 'NONE',  ( 1.000000000000000000, 2.780366963733653752E-11, -0.000000000000000000 ) ) ;
#5134 = CARTESIAN_POINT ( 'NONE',  ( -8.621458738147724787, -12.70032143372686484, 5.400137046524567275 ) ) ;
#5135 = DIRECTION ( 'NONE',  ( -0.000000000000000000, -0.000000000000000000, -1.000000000000000000 ) ) ;
#5136 = CIRCLE ( 'NONE', #2406, 0.2999999995564988087 ) ;
#5137 = DIRECTION ( 'NONE',  ( 0.03889356728004320085, 0.03501917674783477236, -0.9986295347545739443 ) ) ;
#5138 = EDGE_CURVE ( 'NONE', #51, #891, #6062, .T. ) ;
#5139 = CIRCLE ( 'NONE', #2211, 0.4781936323401602684 ) ;
#5140 = LINE ( 'NONE', #5529, #3222 ) ;
#5141 = CARTESIAN_POINT ( 'NONE',  ( 5.671442853587537414, 3.448572970412446370, 5.400137046524544182 ) ) ;
#5142 = CARTESIAN_POINT ( 'NONE',  ( 8.672193906202926073, -6.707705297246679521, 5.500000000000000000 ) ) ;
#5143 = VERTEX_POINT ( 'NONE', #958 ) ;
#5144 = ORIENTED_EDGE ( 'NONE', *, *, #4566, .F. ) ;
#5145 = CARTESIAN_POINT ( 'NONE',  ( 4.349384663999996015, -6.399994330000013498, 5.500000000000000000 ) ) ;
#5146 = VECTOR ( 'NONE', #3592, 1000.000000000000000 ) ;
#5147 = ORIENTED_EDGE ( 'NONE', *, *, #1042, .F. ) ;
#5148 = PLANE ( 'NONE',  #2332 ) ;
#5149 = EDGE_CURVE ( 'NONE', #230, #4964, #1394, .T. ) ;
#5150 = FACE_BOUND ( 'NONE', #4586, .T. ) ;
#5151 = AXIS2_PLACEMENT_3D ( 'NONE', #2917, #3422, #511 ) ;
#5152 = FACE_OUTER_BOUND ( 'NONE', #5674, .T. ) ;
#5153 = CARTESIAN_POINT ( 'NONE',  ( 5.585312744999996859, 3.534703078999986037, 2.000000000000000000 ) ) ;
#5154 = ORIENTED_EDGE ( 'NONE', *, *, #2889, .F. ) ;
#5155 = EDGE_CURVE ( 'NONE', #2572, #2354, #928, .T. ) ;
#5156 = VECTOR ( 'NONE', #4957, 1000.000000000000000 ) ;
#5157 = ADVANCED_FACE ( 'NONE', ( #418 ), #6168, .T. ) ;
#5158 = DIRECTION ( 'NONE',  ( 1.000000000000000000, 0.000000000000000000, 0.000000000000000000 ) ) ;
#5159 = ORIENTED_EDGE ( 'NONE', *, *, #138, .F. ) ;
#5160 = VERTEX_POINT ( 'NONE', #2285 ) ;
#5161 = CARTESIAN_POINT ( 'NONE',  ( 8.731926166470593387, -0.1407942632923939175, 2.000000000000000000 ) ) ;
#5162 = ORIENTED_EDGE ( 'NONE', *, *, #1510, .F. ) ;
#5163 = CIRCLE ( 'NONE', #927, 0.1218063679134066823 ) ;
#5164 = EDGE_CURVE ( 'NONE', #4058, #3080, #3775, .T. ) ;
#5165 = DIRECTION ( 'NONE',  ( 0.000000000000000000, 0.000000000000000000, 1.000000000000000000 ) ) ;
#5166 = CARTESIAN_POINT ( 'NONE',  ( 3.534703078999996251, 5.585312744999986201, 5.500000000000000000 ) ) ;
#5167 = CIRCLE ( 'NONE', #5575, 0.01089732186746947273 ) ;
#5168 = CARTESIAN_POINT ( 'NONE',  ( 5.863704506930843330, -0.2891026775110117630, 5.500000000000000000 ) ) ;
#5169 = VECTOR ( 'NONE', #3977, 999.9999999999998863 ) ;
#5170 = AXIS2_PLACEMENT_3D ( 'NONE', #4235, #947, #6260 ) ;
#5171 = CONICAL_SURFACE ( 'NONE', #1335, 5.760897322016199418, 0.8377580409572876752 ) ;
#5172 = DIRECTION ( 'NONE',  ( 0.000000000000000000, 0.000000000000000000, -1.000000000000000000 ) ) ;
#5173 = CARTESIAN_POINT ( 'NONE',  ( -10.59137585997897091, -8.584228059832357260, 5.400137046525557594 ) ) ;
#5174 = CIRCLE ( 'NONE', #2444, 0.1218063681021870903 ) ;
#5175 = CARTESIAN_POINT ( 'NONE',  ( 3.872219976067952985, -13.30000683214555934, 5.400137046524545958 ) ) ;
#5176 = CARTESIAN_POINT ( 'NONE',  ( -6.219809108003342857, -7.900290396108449187, 1.999999999998305134 ) ) ;
#5177 = ORIENTED_EDGE ( 'NONE', *, *, #5506, .F. ) ;
#5178 = ORIENTED_EDGE ( 'NONE', *, *, #3145, .F. ) ;
#5179 = VECTOR ( 'NONE', #4829, 1000.000000000000000 ) ;
#5180 = DIRECTION ( 'NONE',  ( 0.5254827453532713299, 0.5254827456442481282, 0.6691306063588569053 ) ) ;
#5181 = CIRCLE ( 'NONE', #2447, 0.3000000004738101467 ) ;
#5182 = EDGE_LOOP ( 'NONE', ( #3895, #3262, #2670, #2760 ) ) ;
#5183 = CARTESIAN_POINT ( 'NONE',  ( -10.59150427100734859, -8.584346119114488971, 5.400137046524553064 ) ) ;
#5184 = LINE ( 'NONE', #3284, #5393 ) ;
#5185 = DIRECTION ( 'NONE',  ( -1.000000000000000000, 0.000000000000000000, 0.000000000000000000 ) ) ;
#5186 = AXIS2_PLACEMENT_3D ( 'NONE', #3352, #2790, #2279 ) ;
#5187 = ADVANCED_FACE ( 'NONE', ( #3358 ), #389, .F. ) ;
#5188 = VERTEX_POINT ( 'NONE', #6240 ) ;
#5189 = CIRCLE ( 'NONE', #3457, 0.3000000000377023857 ) ;
#5190 = ORIENTED_EDGE ( 'NONE', *, *, #1858, .F. ) ;
#5191 = AXIS2_PLACEMENT_3D ( 'NONE', #5091, #5627, #3755 ) ;
#5192 = CARTESIAN_POINT ( 'NONE',  ( 6.330497016533632504, -8.085252619272639052, 4.688763444211670794 ) ) ;
#5193 = ORIENTED_EDGE ( 'NONE', *, *, #6, .F. ) ;
#5194 = EDGE_CURVE ( 'NONE', #3847, #2699, #4449, .T. ) ;
#5195 = AXIS2_PLACEMENT_3D ( 'NONE', #2422, #3884, #4827 ) ;
#5196 = DIRECTION ( 'NONE',  ( -0.2226750559571235022, -0.7089993308095010605, 0.6691306063588570163 ) ) ;
#5197 = VERTEX_POINT ( 'NONE', #3865 ) ;
#5198 = EDGE_CURVE ( 'NONE', #4478, #6195, #4845, .T. ) ;
#5199 = PLANE ( 'NONE',  #2017 ) ;
#5200 = EDGE_CURVE ( 'NONE', #4363, #4696, #3135, .T. ) ;
#5201 = DIRECTION ( 'NONE',  ( -0.000000000000000000, -0.000000000000000000, -1.000000000000000000 ) ) ;
#5202 = VECTOR ( 'NONE', #6243, 1000.000000000000000 ) ;
#5203 = ORIENTED_EDGE ( 'NONE', *, *, #5823, .F. ) ;
#5204 = EDGE_CURVE ( 'NONE', #1650, #4948, #4719, .T. ) ;
#5205 = VECTOR ( 'NONE', #632, 1000.000000000000000 ) ;
#5206 = LINE ( 'NONE', #393, #3020 ) ;
#5207 = LINE ( 'NONE', #15, #5856 ) ;
#5208 = DIRECTION ( 'NONE',  ( -1.000000000000000000, 0.000000000000000000, 0.000000000000000000 ) ) ;
#5209 = CARTESIAN_POINT ( 'NONE',  ( -0.2891026777640018919, 8.477655575976077884, 5.500000000000000000 ) ) ;
#5210 = VERTEX_POINT ( 'NONE', #1337 ) ;
#5211 = EDGE_LOOP ( 'NONE', ( #489, #2599, #4046, #5251 ) ) ;
#5212 = CARTESIAN_POINT ( 'NONE',  ( -15.50000000000000711, 15.50000000000000000, 0.4999999999999970024 ) ) ;
#5213 = EDGE_LOOP ( 'NONE', ( #2822, #5354, #5963, #1482 ) ) ;
#5214 = DIRECTION ( 'NONE',  ( 0.7071067811865501263, 8.459549885149682210E-17, -0.7071067811865449082 ) ) ;
#5215 = LINE ( 'NONE', #886, #4954 ) ;
#5216 = DIRECTION ( 'NONE',  ( 1.000000000000000000, -1.731651965481161116E-10, 0.000000000000000000 ) ) ;
#5217 = AXIS2_PLACEMENT_3D ( 'NONE', #3062, #663, #5971 ) ;
#5218 = ORIENTED_EDGE ( 'NONE', *, *, #3754, .T. ) ;
#5219 = ORIENTED_EDGE ( 'NONE', *, *, #2323, .F. ) ;
#5220 = ADVANCED_FACE ( 'NONE', ( #3269 ), #5199, .F. ) ;
#5221 = LINE ( 'NONE', #3228, #1243 ) ;
#5222 = ORIENTED_EDGE ( 'NONE', *, *, #5782, .T. ) ;
#5223 = EDGE_LOOP ( 'NONE', ( #4617, #475, #3295, #4149 ) ) ;
#5224 = DIRECTION ( 'NONE',  ( 1.000000000000000000, 0.000000000000000000, 0.000000000000000000 ) ) ;
#5225 = VERTEX_POINT ( 'NONE', #1520 ) ;
#5226 = EDGE_CURVE ( 'NONE', #4786, #921, #1810, .T. ) ;
#5227 = DIRECTION ( 'NONE',  ( 3.339984604788840403E-11, 0.6691306063588515762, -0.7431448254774002393 ) ) ;
#5228 = ORIENTED_EDGE ( 'NONE', *, *, #791, .T. ) ;
#5229 = CARTESIAN_POINT ( 'NONE',  ( -10.07993024775509205, 8.199979871967833844, 2.000000000000000000 ) ) ;
#5230 = ORIENTED_EDGE ( 'NONE', *, *, #4804, .T. ) ;
#5231 = DIRECTION ( 'NONE',  ( 0.01568188539492381892, 0.04993126061220379969, -0.9986295347545739443 ) ) ;
#5232 = ADVANCED_FACE ( 'NONE', ( #5865 ), #1092, .F. ) ;
#5233 = LINE ( 'NONE', #1344, #201 ) ;
#5234 = LINE ( 'NONE', #1904, #1160 ) ;
#5235 = CARTESIAN_POINT ( 'NONE',  ( -3.252606517456513302E-15, 6.050000000284919466, 2.000000000000000000 ) ) ;
#5236 = ORIENTED_EDGE ( 'NONE', *, *, #2399, .F. ) ;
#5237 = CARTESIAN_POINT ( 'NONE',  ( -12.99971701799999479, -4.350269477213954517, 2.000000000000002220 ) ) ;
#5238 = EDGE_LOOP ( 'NONE', ( #2214, #5094, #5003, #4246 ) ) ;
#5239 = CARTESIAN_POINT ( 'NONE',  ( 8.200355128975777674, -10.07985378206322302, 2.000000000000000000 ) ) ;
#5240 = VECTOR ( 'NONE', #4817, 1000.000000000000000 ) ;
#5241 = LINE ( 'NONE', #3311, #135 ) ;
#5242 = LINE ( 'NONE', #1855, #5179 ) ;
#5243 = LINE ( 'NONE', #6201, #2146 ) ;
#5244 = EDGE_CURVE ( 'NONE', #349, #4093, #4913, .T. ) ;
#5245 = VECTOR ( 'NONE', #5906, 1000.000000000000114 ) ;
#5246 = CONICAL_SURFACE ( 'NONE', #5754, 0.01089732220453925454, 0.8377580409572839004 ) ;
#5247 = EDGE_LOOP ( 'NONE', ( #2037, #2334, #4270, #588 ) ) ;
#5248 = ORIENTED_EDGE ( 'NONE', *, *, #955, .F. ) ;
#5249 = AXIS2_PLACEMENT_3D ( 'NONE', #5256, #2403, #841 ) ;
#5250 = FACE_OUTER_BOUND ( 'NONE', #5035, .T. ) ;
#5251 = ORIENTED_EDGE ( 'NONE', *, *, #2689, .F. ) ;
#5252 = EDGE_LOOP ( 'NONE', ( #3112, #5365, #5488, #2164, #5375 ) ) ;
#5253 = VECTOR ( 'NONE', #3296, 999.9999999999998863 ) ;
#5254 = LINE ( 'NONE', #548, #3351 ) ;
#5255 = EDGE_LOOP ( 'NONE', ( #2636, #3176, #960, #6106 ) ) ;
#5256 = CARTESIAN_POINT ( 'NONE',  ( -3.469446951953614189E-15, -1.387778780781445676E-14, 2.000000000000000000 ) ) ;
#5257 = ORIENTED_EDGE ( 'NONE', *, *, #265, .F. ) ;
#5258 = CARTESIAN_POINT ( 'NONE',  ( -5.361140813661585902, 3.138270930541414039, 5.400137046524544182 ) ) ;
#5259 = EDGE_CURVE ( 'NONE', #2469, #3600, #1310, .T. ) ;
#5260 = ORIENTED_EDGE ( 'NONE', *, *, #5990, .T. ) ;
#5261 = LINE ( 'NONE', #457, #2309 ) ;
#5262 = DIRECTION ( 'NONE',  ( 1.000000000000000000, 0.000000000000000000, 0.000000000000000000 ) ) ;
#5263 = CIRCLE ( 'NONE', #3148, 0.3000000000127310829 ) ;
#5264 = CARTESIAN_POINT ( 'NONE',  ( 7.472416927999995018, -9.151485954000014189, 2.000000000000000000 ) ) ;
#5265 = CARTESIAN_POINT ( 'NONE',  ( -8.016907943838939232, 6.401701738048788393, 2.797922971671642944 ) ) ;
#5266 = ORIENTED_EDGE ( 'NONE', *, *, #1556, .T. ) ;
#5267 = CARTESIAN_POINT ( 'NONE',  ( 8.477655576030763029, -3.290238090661312675E-10, 2.000000000000000000 ) ) ;
#5268 = ADVANCED_FACE ( 'NONE', ( #1125 ), #4142, .F. ) ;
#5269 = ORIENTED_EDGE ( 'NONE', *, *, #4194, .T. ) ;
#5270 = CARTESIAN_POINT ( 'NONE',  ( 7.911306766047619732, -12.69996118239703264, 5.500000000000000000 ) ) ;
#5271 = VECTOR ( 'NONE', #3094, 1000.000000000000000 ) ;
#5272 = VECTOR ( 'NONE', #2779, 999.9999999999998863 ) ;
#5273 = DIRECTION ( 'NONE',  ( 1.084216358874128658E-05, -0.6691306062710298264, -0.7431448254773841411 ) ) ;
#5274 = DIRECTION ( 'NONE',  ( -1.620338397315858060E-05, 0.9999999998687251201, 0.000000000000000000 ) ) ;
#5275 = LINE ( 'NONE', #2303, #1641 ) ;
#5276 = AXIS2_PLACEMENT_3D ( 'NONE', #2983, #1957, #5790 ) ;
#5277 = AXIS2_PLACEMENT_3D ( 'NONE', #1409, #735, #6225 ) ;
#5278 = ORIENTED_EDGE ( 'NONE', *, *, #982, .T. ) ;
#5279 = DIRECTION ( 'NONE',  ( 1.000000000000000000, 0.000000000000000000, 0.000000000000000000 ) ) ;
#5280 = ADVANCED_FACE ( 'NONE', ( #2951 ), #3637, .T. ) ;
#5281 = EDGE_CURVE ( 'NONE', #2020, #1819, #1485, .T. ) ;
#5282 = VERTEX_POINT ( 'NONE', #2090 ) ;
#5283 = AXIS2_PLACEMENT_3D ( 'NONE', #4998, #1784, #1345 ) ;
#5284 = FACE_OUTER_BOUND ( 'NONE', #2778, .T. ) ;
#5285 = ORIENTED_EDGE ( 'NONE', *, *, #4839, .F. ) ;
#5286 = CARTESIAN_POINT ( 'NONE',  ( 4.350413607999995769, -13.30000185100001531, 5.500000000000000000 ) ) ;
#5287 = VECTOR ( 'NONE', #196, 1000.000000000000114 ) ;
#5288 = ORIENTED_EDGE ( 'NONE', *, *, #4305, .T. ) ;
#5289 = CARTESIAN_POINT ( 'NONE',  ( -8.078286790553443453, -6.220231067218919385, 5.400137046524553064 ) ) ;
#5290 = VERTEX_POINT ( 'NONE', #4973 ) ;
#5291 = DIRECTION ( 'NONE',  ( 0.5964647796567296156, 0.5964772058201598393, 0.5370704884519568179 ) ) ;
#5292 = ORIENTED_EDGE ( 'NONE', *, *, #340, .F. ) ;
#5293 = LINE ( 'NONE', #6189, #3425 ) ;
#5294 = CARTESIAN_POINT ( 'NONE',  ( 8.679899476999997532, -6.999999727076401612, 2.000000000000000000 ) ) ;
#5295 = EDGE_CURVE ( 'NONE', #2064, #4590, #72, .T. ) ;
#5296 = CARTESIAN_POINT ( 'NONE',  ( -3.216695469414978525, -5.282716275746799361, 5.500000000000000000 ) ) ;
#5297 = LINE ( 'NONE', #2896, #1821 ) ;
#5298 = VERTEX_POINT ( 'NONE', #4882 ) ;
#5299 = LINE ( 'NONE', #1074, #5069 ) ;
#5300 = ORIENTED_EDGE ( 'NONE', *, *, #364, .T. ) ;
#5301 = DIRECTION ( 'NONE',  ( -0.7067138349038094569, -0.02357022603955393619, -0.7071067811865443531 ) ) ;
#5302 = CARTESIAN_POINT ( 'NONE',  ( -8.583722413806686546, -10.59205502515562713, 5.400137046525551376 ) ) ;
#5303 = FACE_OUTER_BOUND ( 'NONE', #5812, .T. ) ;
#5304 = CONICAL_SURFACE ( 'NONE', #1770, 1.499999999999999556, 0.7853981633974439491 ) ;
#5305 = CARTESIAN_POINT ( 'NONE',  ( -9.989603663011866530, 7.984832587493262857, 5.359675942091238099 ) ) ;
#5306 = PLANE ( 'NONE',  #1149 ) ;
#5307 = EDGE_CURVE ( 'NONE', #107, #4861, #5899, .T. ) ;
#5308 = CARTESIAN_POINT ( 'NONE',  ( -5.487142739410922232, -3.012269005591806437, 2.000000000000000000 ) ) ;
#5309 = ORIENTED_EDGE ( 'NONE', *, *, #6043, .T. ) ;
#5310 = EDGE_CURVE ( 'NONE', #3532, #4992, #3928, .T. ) ;
#5311 = DIRECTION ( 'NONE',  ( 1.000000000000000000, 0.000000000000000000, 0.000000000000000000 ) ) ;
#5312 = ORIENTED_EDGE ( 'NONE', *, *, #3840, .T. ) ;
#5313 = EDGE_CURVE ( 'NONE', #2161, #4859, #170, .T. ) ;
#5314 = DIRECTION ( 'NONE',  ( -0.000000000000000000, -0.000000000000000000, -1.000000000000000000 ) ) ;
#5315 = CLOSED_SHELL ( 'NONE', ( #171, #1176, #4007, #4773, #6019, #2025, #1393, #2650, #5474, #5745, #6128, #6178, #1479, #1897, #4480, #5034, #5498, #3799, #4187, #1140, #4771, #288, #975, #2720, #989, #477, #147, #4620, #4940, #2148, #4153, #4577, #2762, #5966, #1813, #4779, #4418, #4733, #1245, #1071, #3307, #6084, #4660, #3952, #4628, #5785, #3264, #5004, #4470, #3728, #1789, #2703, #401, #6205, #4662, #3870, #6161, #281, #4688, #1191, #2257, #3005, #181, #5468, #45, #5771, #726, #2692, #5120, #3496, #820, #5390, #3890, #2184, #453, #5002, #2805, #6056, #4218, #940, #5902, #5972, #369, #1254, #428, #3721, #2769, #2946, #4652, #983, #5349, #4759, #1644, #6059, #3608, #3853, #1032, #1516, #1959, #2580, #1365, #1123, #4848, #3832, #2449, #2138, #6242, #3210, #4031, #1948, #6170, #1568, #2182, #2525, #2051, #1356, #1113, #3153, #2101, #3806, #2065, #6172, #3931, #2772, #3879, #692, #506, #6231, #5280, #2908, #2298, #2839, #5157, #4862, #5768, #1414, #5580, #4125, #5809, #914, #1133, #990, #5915, #515, #1669, #5384, #723, #4118, #2314, #6095, #6206, #1252, #4337, #4881, #2191, #4350, #1519, #3536, #5080, #3916, #3571, #3231, #677, #4901, #1742, #3413, #5445, #321, #607, #6138, #2374, #6212, #3076, #4232, #5220, #5012, #4264, #613, #5232, #5512, #1368, #5657, #1184, #1688, #1020, #6239, #1907, #5268, #4498, #3794, #5623, #5476, #1976, #3257, #5187, #1717, #4346, #1724, #1780, #54, #4433, #2813, #343, #1028, #4889, #788, #294, #2612, #717, #4612, #1476, #4310 ) ) ;
#5316 = EDGE_CURVE ( 'NONE', #654, #2973, #4944, .T. ) ;
#5317 = VERTEX_POINT ( 'NONE', #3961 ) ;
#5318 = LINE ( 'NONE', #1391, #1051 ) ;
#5319 = ORIENTED_EDGE ( 'NONE', *, *, #955, .T. ) ;
#5320 = ORIENTED_EDGE ( 'NONE', *, *, #3421, .F. ) ;
#5321 = CARTESIAN_POINT ( 'NONE',  ( 5.699274773999996491, 2.800136970999986374, 5.500000000000000000 ) ) ;
#5322 = ORIENTED_EDGE ( 'NONE', *, *, #4581, .T. ) ;
#5323 = ORIENTED_EDGE ( 'NONE', *, *, #5028, .T. ) ;
#5324 = EDGE_CURVE ( 'NONE', #3292, #2824, #3834, .T. ) ;
#5325 = CARTESIAN_POINT ( 'NONE',  ( -6.410891652236004212, -5.439559934000014252, 5.500000000000000000 ) ) ;
#5326 = ORIENTED_EDGE ( 'NONE', *, *, #5244, .F. ) ;
#5327 = CARTESIAN_POINT ( 'NONE',  ( -2.800136971000003694, -5.699274774000014254, 5.500000000000000000 ) ) ;
#5328 = FACE_OUTER_BOUND ( 'NONE', #1392, .T. ) ;
#5329 = VECTOR ( 'NONE', #5466, 1000.000000000000000 ) ;
#5330 = DIRECTION ( 'NONE',  ( 0.000000000000000000, 0.000000000000000000, 1.000000000000000000 ) ) ;
#5331 = CARTESIAN_POINT ( 'NONE',  ( -6.699999727000003347, 11.42726392699998605, 2.000000000000000000 ) ) ;
#5332 = VERTEX_POINT ( 'NONE', #617 ) ;
#5333 = CARTESIAN_POINT ( 'NONE',  ( -6.407699900099896873, -4.341679093912134135, 5.500000000000000000 ) ) ;
#5334 = ORIENTED_EDGE ( 'NONE', *, *, #1681, .F. ) ;
#5335 = LINE ( 'NONE', #2457, #3252 ) ;
#5336 = CARTESIAN_POINT ( 'NONE',  ( -8.505888354630606329, -10.67126641588610347, 5.500000000000000000 ) ) ;
#5337 = FACE_OUTER_BOUND ( 'NONE', #4404, .T. ) ;
#5338 = CARTESIAN_POINT ( 'NONE',  ( -6.410891652323850387, 1.294705242006303427E-10, 5.500000000000000000 ) ) ;
#5339 = CONICAL_SURFACE ( 'NONE', #2616, 2.000000000000000000, 0.7853981633974526089 ) ;
#5340 = DIRECTION ( 'NONE',  ( -0.7431448254276170617, -8.600791824742447966E-06, -0.6691306063588654540 ) ) ;
#5341 = ORIENTED_EDGE ( 'NONE', *, *, #3493, .F. ) ;
#5342 = PLANE ( 'NONE',  #1935 ) ;
#5343 = EDGE_CURVE ( 'NONE', #891, #414, #3487, .T. ) ;
#5344 = EDGE_LOOP ( 'NONE', ( #568, #900, #5511, #2458 ) ) ;
#5345 = VECTOR ( 'NONE', #1662, 1000.000000000000114 ) ;
#5346 = CARTESIAN_POINT ( 'NONE',  ( -15.32180636813364849, 3.866502556416626657, 5.400137046524553064 ) ) ;
#5347 = ORIENTED_EDGE ( 'NONE', *, *, #3486, .F. ) ;
#5348 = DIRECTION ( 'NONE',  ( -0.000000000000000000, -0.000000000000000000, 1.000000000000000000 ) ) ;
#5349 = ADVANCED_FACE ( 'NONE', ( #4373 ), #4472, .T. ) ;
#5350 = AXIS2_PLACEMENT_3D ( 'NONE', #4812, #1841, #4306 ) ;
#5351 = ORIENTED_EDGE ( 'NONE', *, *, #3578, .F. ) ;
#5352 = DIRECTION ( 'NONE',  ( -0.000000000000000000, -0.000000000000000000, 1.000000000000000000 ) ) ;
#5353 = CIRCLE ( 'NONE', #5151, 0.2999999998564619741 ) ;
#5354 = ORIENTED_EDGE ( 'NONE', *, *, #2222, .F. ) ;
#5355 = ORIENTED_EDGE ( 'NONE', *, *, #3969, .T. ) ;
#5356 = CARTESIAN_POINT ( 'NONE',  ( -4.349639349923354992, -13.00026441601081650, 2.000000000000000000 ) ) ;
#5357 = ORIENTED_EDGE ( 'NONE', *, *, #4427, .F. ) ;
#5358 = EDGE_CURVE ( 'NONE', #1809, #586, #5353, .T. ) ;
#5359 = DIRECTION ( 'NONE',  ( 1.000000000000000000, 0.000000000000000000, 0.000000000000000000 ) ) ;
#5360 = AXIS2_PLACEMENT_3D ( 'NONE', #4487, #2491, #4927 ) ;
#5361 =( NAMED_UNIT ( * ) PLANE_ANGLE_UNIT ( ) SI_UNIT ( $, .RADIAN. ) );
#5362 = AXIS2_PLACEMENT_3D ( 'NONE', #5235, #967, #4790 ) ;
#5363 = CARTESIAN_POINT ( 'NONE',  ( -10.07992694790109844, 8.021786240138469637, 5.400137046524553064 ) ) ;
#5364 = LINE ( 'NONE', #2452, #637 ) ;
#5365 = ORIENTED_EDGE ( 'NONE', *, *, #4043, .T. ) ;
#5366 = CARTESIAN_POINT ( 'NONE',  ( -5.487142739267036440, 3.012269005232953489, 2.000000000000000000 ) ) ;
#5367 = ORIENTED_EDGE ( 'NONE', *, *, #749, .T. ) ;
#5368 = DIRECTION ( 'NONE',  ( 0.000000000000000000, -0.05233595625441742061, -0.9986295347539725364 ) ) ;
#5369 = LINE ( 'NONE', #184, #2891 ) ;
#5370 = DIRECTION ( 'NONE',  ( 1.000000000000000000, 0.000000000000000000, 0.000000000000000000 ) ) ;
#5371 = VECTOR ( 'NONE', #1117, 1000.000000000000114 ) ;
#5372 = CARTESIAN_POINT ( 'NONE',  ( 7.496201208999996979, -8.727986575000015179, 2.000000000000000000 ) ) ;
#5373 = LINE ( 'NONE', #2590, #4237 ) ;
#5374 = CARTESIAN_POINT ( 'NONE',  ( -6.699994330012733812, -5.439559934000014252, 2.000000000000000000 ) ) ;
#5375 = ORIENTED_EDGE ( 'NONE', *, *, #5200, .T. ) ;
#5376 = DIRECTION ( 'NONE',  ( -1.000000000000000000, 0.000000000000000000, 0.000000000000000000 ) ) ;
#5377 = AXIS2_PLACEMENT_3D ( 'NONE', #3246, #3661, #4643 ) ;
#5378 = ORIENTED_EDGE ( 'NONE', *, *, #5630, .T. ) ;
#5379 = CIRCLE ( 'NONE', #4379, 0.01089732225530333498 ) ;
#5380 = VECTOR ( 'NONE', #5693, 1000.000000000000227 ) ;
#5381 = CONICAL_SURFACE ( 'NONE', #3059, 0.2999999995595163393, 0.05235987755982995234 ) ;
#5382 = CARTESIAN_POINT ( 'NONE',  ( -12.69964404000000435, -8.500221414000012743, 2.000000000000000000 ) ) ;
#5383 = VECTOR ( 'NONE', #4797, 1000.000000000000000 ) ;
#5384 = ADVANCED_FACE ( 'NONE', ( #2437 ), #210, .F. ) ;
#5385 = ORIENTED_EDGE ( 'NONE', *, *, #896, .F. ) ;
#5386 = CARTESIAN_POINT ( 'NONE',  ( 6.220397409999997684, -8.200088823000013960, 5.500000000000000000 ) ) ;
#5387 = ORIENTED_EDGE ( 'NONE', *, *, #5864, .T. ) ;
#5388 = VECTOR ( 'NONE', #5757, 1000.000000000000000 ) ;
#5389 = DIRECTION ( 'NONE',  ( -0.9984255058485672629, -0.05609375429611242886, -0.000000000000000000 ) ) ;
#5390 = ADVANCED_FACE ( 'NONE', ( #5095 ), #2418, .T. ) ;
#5391 = EDGE_LOOP ( 'NONE', ( #4752, #5417, #4202, #4210 ) ) ;
#5392 = ORIENTED_EDGE ( 'NONE', *, *, #2156, .T. ) ;
#5393 = VECTOR ( 'NONE', #319, 999.9999999999998863 ) ;
#5394 = EDGE_CURVE ( 'NONE', #2466, #2251, #5969, .T. ) ;
#5395 = CARTESIAN_POINT ( 'NONE',  ( -15.50000000000007461, -14.99999999999999822, 2.000000000000000000 ) ) ;
#5396 = VERTEX_POINT ( 'NONE', #202 ) ;
#5397 = DIRECTION ( 'NONE',  ( 0.000000000000000000, 0.000000000000000000, 1.000000000000000000 ) ) ;
#5398 = CARTESIAN_POINT ( 'NONE',  ( -10.07992469200000407, 7.899979871999986081, 2.000000000000000000 ) ) ;
#5399 = EDGE_CURVE ( 'NONE', #76, #620, #1710, .T. ) ;
#5400 = CARTESIAN_POINT ( 'NONE',  ( -2.589269621857125170, -5.270084709756258867, 5.400137046524544182 ) ) ;
#5401 = ORIENTED_EDGE ( 'NONE', *, *, #1096, .T. ) ;
#5402 = EDGE_CURVE ( 'NONE', #1922, #3338, #1122, .T. ) ;
#5403 = DIRECTION ( 'NONE',  ( -0.7071067812268300168, -0.7071067811462650177, 0.000000000000000000 ) ) ;
#5404 = VERTEX_POINT ( 'NONE', #4181 ) ;
#5405 = CARTESIAN_POINT ( 'NONE',  ( -4.349384664000003120, -6.399994330000013498, 5.500000000000000000 ) ) ;
#5406 = LINE ( 'NONE', #1078, #3548 ) ;
#5407 = SHAPE_DEFINITION_REPRESENTATION ( #3505, #4943 ) ;
#5408 = DIRECTION ( 'NONE',  ( 0.000000000000000000, 0.000000000000000000, 1.000000000000000000 ) ) ;
#5409 = LINE ( 'NONE', #600, #300 ) ;
#5410 = CARTESIAN_POINT ( 'NONE',  ( -4.349384663942299056, -6.699994329937086768, 2.000000000000000000 ) ) ;
#5411 = VERTEX_POINT ( 'NONE', #1655 ) ;
#5412 = CARTESIAN_POINT ( 'NONE',  ( 8.343497993012762848, -6.787862303264844854, 2.000000000000000000 ) ) ;
#5413 = ORIENTED_EDGE ( 'NONE', *, *, #3227, .F. ) ;
#5414 = VECTOR ( 'NONE', #3237, 1000.000000000000114 ) ;
#5415 = CIRCLE ( 'NONE', #2688, 0.01089732227637155160 ) ;
#5416 = CARTESIAN_POINT ( 'NONE',  ( -3.469446951953614189E-15, -1.387778780781445676E-14, 2.000000000000000000 ) ) ;
#5417 = ORIENTED_EDGE ( 'NONE', *, *, #1326, .T. ) ;
#5418 = CARTESIAN_POINT ( 'NONE',  ( 7.072588557999996084, -8.704193965000012412, 2.000000000000000000 ) ) ;
#5419 = EDGE_LOOP ( 'NONE', ( #6113, #5517, #190, #2307 ) ) ;
#5420 = EDGE_CURVE ( 'NONE', #5519, #4657, #4119, .T. ) ;
#5421 = DIRECTION ( 'NONE',  ( 1.000000000000000000, 0.000000000000000000, 0.000000000000000000 ) ) ;
#5422 = ORIENTED_EDGE ( 'NONE', *, *, #4725, .T. ) ;
#5423 = ORIENTED_EDGE ( 'NONE', *, *, #5149, .T. ) ;
#5424 = AXIS2_PLACEMENT_3D ( 'NONE', #844, #390, #341 ) ;
#5425 = DIRECTION ( 'NONE',  ( 0.000000000000000000, 0.000000000000000000, 1.000000000000000000 ) ) ;
#5426 = ORIENTED_EDGE ( 'NONE', *, *, #4622, .T. ) ;
#5427 = EDGE_CURVE ( 'NONE', #1055, #5501, #3673, .T. ) ;
#5428 = CARTESIAN_POINT ( 'NONE',  ( -8.896175468426852362, 7.307962933977096398, 5.400137046524553064 ) ) ;
#5429 = DIRECTION ( 'NONE',  ( 0.02777394741487347954, 0.04435831557734334213, -0.9986295347545739443 ) ) ;
#5430 = DIRECTION ( 'NONE',  ( -1.000000000000000000, 0.000000000000000000, 0.000000000000000000 ) ) ;
#5431 = ORIENTED_EDGE ( 'NONE', *, *, #2333, .T. ) ;
#5432 = DIRECTION ( 'NONE',  ( 1.000000000000000000, -5.981805089575197430E-17, 0.000000000000000000 ) ) ;
#5433 = ORIENTED_EDGE ( 'NONE', *, *, #1386, .F. ) ;
#5434 = CARTESIAN_POINT ( 'NONE',  ( 6.220397409999997684, -8.200088823000013960, 5.400137046524545958 ) ) ;
#5435 = CARTESIAN_POINT ( 'NONE',  ( -15.50000000000000711, 14.48332870112990101, 0.4999999999999970024 ) ) ;
#5436 = EDGE_CURVE ( 'NONE', #128, #3089, #4562, .T. ) ;
#5437 =( NAMED_UNIT ( * ) PLANE_ANGLE_UNIT ( ) SI_UNIT ( $, .RADIAN. ) );
#5438 = DIRECTION ( 'NONE',  ( 0.000000000000000000, 0.000000000000000000, 1.000000000000000000 ) ) ;
#5439 = CARTESIAN_POINT ( 'NONE',  ( 5.869101894832427391, -0.1781936316145653065, 5.400137046524545958 ) ) ;
#5440 = FACE_OUTER_BOUND ( 'NONE', #2544, .T. ) ;
#5441 = ORIENTED_EDGE ( 'NONE', *, *, #551, .T. ) ;
#5442 = CARTESIAN_POINT ( 'NONE',  ( -15.50000000000000711, 14.48332870112990101, 1.499999999999992895 ) ) ;
#5443 = ORIENTED_EDGE ( 'NONE', *, *, #1830, .F. ) ;
#5444 = CARTESIAN_POINT ( 'NONE',  ( 7.900409495999997311, -12.69992741400001357, 5.500000000000000000 ) ) ;
#5445 = ADVANCED_FACE ( 'NONE', ( #296 ), #6073, .T. ) ;
#5446 = CARTESIAN_POINT ( 'NONE',  ( -6.521800698057266032, 8.131365950996384484, 5.400137046524544182 ) ) ;
#5447 = ORIENTED_EDGE ( 'NONE', *, *, #5399, .T. ) ;
#5448 = DIRECTION ( 'NONE',  ( -0.000000000000000000, -0.000000000000000000, -1.000000000000000000 ) ) ;
#5449 = ORIENTED_EDGE ( 'NONE', *, *, #3137, .T. ) ;
#5450 = AXIS2_PLACEMENT_3D ( 'NONE', #3100, #187, #1635 ) ;
#5451 = CARTESIAN_POINT ( 'NONE',  ( -9.151529599000006954, 7.472091212999985466, 2.000000000000000000 ) ) ;
#5452 = VERTEX_POINT ( 'NONE', #5569 ) ;
#5453 = ORIENTED_EDGE ( 'NONE', *, *, #3640, .T. ) ;
#5454 = FACE_OUTER_BOUND ( 'NONE', #2576, .T. ) ;
#5455 = ORIENTED_EDGE ( 'NONE', *, *, #4894, .F. ) ;
#5456 = LINE ( 'NONE', #1131, #5959 ) ;
#5457 = VECTOR ( 'NONE', #2856, 1000.000000000000114 ) ;
#5458 = LINE ( 'NONE', #2483, #4041 ) ;
#5459 = LINE ( 'NONE', #4952, #4763 ) ;
#5460 = EDGE_CURVE ( 'NONE', #5753, #869, #4244, .T. ) ;
#5461 = CARTESIAN_POINT ( 'NONE',  ( -15.50000000000007461, -14.99999999999999822, 2.000000000000000000 ) ) ;
#5462 = CARTESIAN_POINT ( 'NONE',  ( 3.138270930755937105, -5.361140813789794457, 5.400137046524542406 ) ) ;
#5463 = CARTESIAN_POINT ( 'NONE',  ( 8.679899476999997532, -6.699999727000014005, 5.500000000000000000 ) ) ;
#5464 = LINE ( 'NONE', #1138, #794 ) ;
#5465 = DIRECTION ( 'NONE',  ( -0.7456787297131750591, 0.6663056596287816324, 0.000000000000000000 ) ) ;
#5466 = DIRECTION ( 'NONE',  ( -9.691761272287044874E-07, 0.05233595623397013785, -0.9986295347545739443 ) ) ;
#5467 = ORIENTED_EDGE ( 'NONE', *, *, #3029, .F. ) ;
#5468 = ADVANCED_FACE ( 'NONE', ( #2700 ), #6115, .T. ) ;
#5469 = DIRECTION ( 'NONE',  ( -0.000000000000000000, -0.000000000000000000, -1.000000000000000000 ) ) ;
#5470 = ORIENTED_EDGE ( 'NONE', *, *, #1150, .T. ) ;
#5471 = EDGE_CURVE ( 'NONE', #2268, #5755, #3171, .T. ) ;
#5472 = PLANE ( 'NONE',  #4755 ) ;
#5473 = FACE_OUTER_BOUND ( 'NONE', #6153, .T. ) ;
#5474 = ADVANCED_FACE ( 'NONE', ( #2729 ), #3039, .T. ) ;
#5475 = ORIENTED_EDGE ( 'NONE', *, *, #5536, .F. ) ;
#5476 = ADVANCED_FACE ( 'NONE', ( #269 ), #1185, .F. ) ;
#5477 = LINE ( 'NONE', #1090, #4476 ) ;
#5478 = VECTOR ( 'NONE', #5301, 1000.000000000000000 ) ;
#5479 = EDGE_LOOP ( 'NONE', ( #3888, #2916, #4435, #4466 ) ) ;
#5480 = VECTOR ( 'NONE', #678, 1000.000000000000000 ) ;
#5481 = CONICAL_SURFACE ( 'NONE', #3563, 0.3000000001796097049, 0.05235987755982995234 ) ;
#5482 = DIRECTION ( 'NONE',  ( -0.000000000000000000, -0.000000000000000000, -1.000000000000000000 ) ) ;
#5483 = ORIENTED_EDGE ( 'NONE', *, *, #5857, .T. ) ;
#5484 = ORIENTED_EDGE ( 'NONE', *, *, #2652, .T. ) ;
#5485 = AXIS2_PLACEMENT_3D ( 'NONE', #5338, #2360, #3376 ) ;
#5486 = VECTOR ( 'NONE', #2948, 1000.000000000000000 ) ;
#5487 = LINE ( 'NONE', #3490, #2072 ) ;
#5488 = ORIENTED_EDGE ( 'NONE', *, *, #4924, .T. ) ;
#5489 = CARTESIAN_POINT ( 'NONE',  ( -13.29995560200000249, 4.349962459999986208, 2.000000000000000000 ) ) ;
#5490 = DIRECTION ( 'NONE',  ( -0.000000000000000000, -0.000000000000000000, -1.000000000000000000 ) ) ;
#5491 = VECTOR ( 'NONE', #1648, 999.9999999999998863 ) ;
#5492 = CARTESIAN_POINT ( 'NONE',  ( 7.290243339423772007, -9.217352618003404885, 5.400137046524545958 ) ) ;
#5493 = DIRECTION ( 'NONE',  ( -1.620338397315858060E-05, 0.9999999998687251201, -0.000000000000000000 ) ) ;
#5494 = CARTESIAN_POINT ( 'NONE',  ( -12.70002609400000360, 7.899931351999985196, 2.000000000000000000 ) ) ;
#5495 = CARTESIAN_POINT ( 'NONE',  ( -0.2353590931157042432, 8.580894834146885586, 5.400137046524544182 ) ) ;
#5496 = AXIS2_PLACEMENT_3D ( 'NONE', #1354, #1793, #3666 ) ;
#5497 = DIRECTION ( 'NONE',  ( 0.000000000000000000, 0.000000000000000000, -1.000000000000000000 ) ) ;
#5498 = ADVANCED_FACE ( 'NONE', ( #3198 ), #5125, .T. ) ;
#5499 = CARTESIAN_POINT ( 'NONE',  ( -13.50000000000000355, -13.50000000000000000, 2.000000000000000000 ) ) ;
#5500 = CARTESIAN_POINT ( 'NONE',  ( 1.033010402608461442, -1.033010402250446047, 5.500000000000000000 ) ) ;
#5501 = VERTEX_POINT ( 'NONE', #3085 ) ;
#5502 = CARTESIAN_POINT ( 'NONE',  ( 7.900409495999997311, -12.69992741400001357, 5.400137046524545958 ) ) ;
#5503 = ORIENTED_EDGE ( 'NONE', *, *, #4966, .F. ) ;
#5504 = DIRECTION ( 'NONE',  ( 0.7071067810640088158, 0.7071067813090862186, 0.000000000000000000 ) ) ;
#5505 = EDGE_CURVE ( 'NONE', #2878, #4300, #3611, .T. ) ;
#5506 = EDGE_CURVE ( 'NONE', #957, #3162, #2459, .T. ) ;
#5507 = DIRECTION ( 'NONE',  ( -0.03700710827815885395, -0.03700711084037722198, -0.9986295347545739443 ) ) ;
#5508 = ORIENTED_EDGE ( 'NONE', *, *, #6051, .T. ) ;
#5509 = LINE ( 'NONE', #101, #2147 ) ;
#5510 = AXIS2_PLACEMENT_3D ( 'NONE', #790, #2722, #2750 ) ;
#5511 = ORIENTED_EDGE ( 'NONE', *, *, #2284, .T. ) ;
#5512 = ADVANCED_FACE ( 'NONE', ( #681 ), #3972, .T. ) ;
#5513 = VECTOR ( 'NONE', #3869, 1000.000000000000000 ) ;
#5514 = EDGE_CURVE ( 'NONE', #6203, #6261, #2881, .T. ) ;
#5515 = DIRECTION ( 'NONE',  ( 0.000000000000000000, 0.000000000000000000, 1.000000000000000000 ) ) ;
#5516 = ORIENTED_EDGE ( 'NONE', *, *, #3891, .T. ) ;
#5517 = ORIENTED_EDGE ( 'NONE', *, *, #4150, .T. ) ;
#5518 = CARTESIAN_POINT ( 'NONE',  ( -8.610385216307777867, -10.56597154555523232, 4.688762592977245625 ) ) ;
#5519 = VERTEX_POINT ( 'NONE', #2396 ) ;
#5520 = DIRECTION ( 'NONE',  ( -0.03700710951565463341, 0.03700710960288149803, -0.9986295347545739443 ) ) ;
#5521 = EDGE_CURVE ( 'NONE', #3016, #1210, #1358, .T. ) ;
#5522 = CARTESIAN_POINT ( 'NONE',  ( 5.487142739453713780, 3.012269005461951643, 2.000000000000000000 ) ) ;
#5523 = AXIS2_PLACEMENT_3D ( 'NONE', #1808, #5201, #3682 ) ;
#5524 = DIRECTION ( 'NONE',  ( -0.000000000000000000, -0.000000000000000000, 1.000000000000000000 ) ) ;
#5525 = LINE ( 'NONE', #5940, #3788 ) ;
#5526 = DIRECTION ( 'NONE',  ( -1.000000000000000000, 0.000000000000000000, 0.000000000000000000 ) ) ;
#5527 = CARTESIAN_POINT ( 'NONE',  ( -8.200092867000003949, -6.220646561000013897, 5.500000000000000000 ) ) ;
#5528 = DIRECTION ( 'NONE',  ( 1.000000000000000000, 0.000000000000000000, 0.000000000000000000 ) ) ;
#5529 = CARTESIAN_POINT ( 'NONE',  ( -8.186871773339293057, -6.222901378838503916, 5.500000000000000000 ) ) ;
#5530 = PLANE ( 'NONE',  #2907 ) ;
#5531 = ORIENTED_EDGE ( 'NONE', *, *, #1152, .T. ) ;
#5532 = CARTESIAN_POINT ( 'NONE',  ( -1.033010402484159540, -1.033010402109330705, 5.500000000000000000 ) ) ;
#5533 = ORIENTED_EDGE ( 'NONE', *, *, #1551, .F. ) ;
#5534 = DIRECTION ( 'NONE',  ( 1.000000000000000000, 0.000000000000000000, 0.000000000000000000 ) ) ;
#5535 = DIRECTION ( 'NONE',  ( 1.000000000000000000, 0.000000000000000000, 0.000000000000000000 ) ) ;
#5536 = EDGE_CURVE ( 'NONE', #1790, #491, #1887, .T. ) ;
#5537 = DIRECTION ( 'NONE',  ( -0.3277019370800014486, -0.6669900089715380398, 0.6691306063588501329 ) ) ;
#5538 = ORIENTED_EDGE ( 'NONE', *, *, #5568, .F. ) ;
#5539 = CARTESIAN_POINT ( 'NONE',  ( -15.50000000000007461, -15.50000000000006573, 0.000000000000000000 ) ) ;
#5540 = ORIENTED_EDGE ( 'NONE', *, *, #2864, .F. ) ;
#5541 = ORIENTED_EDGE ( 'NONE', *, *, #1436, .F. ) ;
#5542 = EDGE_CURVE ( 'NONE', #107, #5225, #5221, .T. ) ;
#5543 = DIRECTION ( 'NONE',  ( 0.7071067813308422600, -0.7071067810422528854, 0.000000000000000000 ) ) ;
#5544 = ORIENTED_EDGE ( 'NONE', *, *, #2207, .T. ) ;
#5545 = EDGE_CURVE ( 'NONE', #869, #704, #3826, .T. ) ;
#5546 = DIRECTION ( 'NONE',  ( -1.376146631367663656E-05, 0.7431448253499790546, 0.6691306063588566833 ) ) ;
#5547 = VECTOR ( 'NONE', #4888, 1000.000000000000000 ) ;
#5548 = CIRCLE ( 'NONE', #97, 5.871806367913849023 ) ;
#5549 = CARTESIAN_POINT ( 'NONE',  ( -15.50000000000007461, -14.99999999999999822, 2.000000000000000000 ) ) ;
#5550 = CARTESIAN_POINT ( 'NONE',  ( 3.138270930755937105, -5.361140813789794457, 5.400137046524544182 ) ) ;
#5551 = CARTESIAN_POINT ( 'NONE',  ( 14.48332870112989212, -14.50000000000000000, 2.000000000000000000 ) ) ;
#5552 = CARTESIAN_POINT ( 'NONE',  ( -8.200092867000003949, -6.220646561000013897, 5.500000000000000000 ) ) ;
#5553 = STYLED_ITEM ( 'NONE', ( #4481 ), #4865 ) ;
#5554 = CARTESIAN_POINT ( 'NONE',  ( 8.051757866582034850, -9.925284756614519921, 3.595845820078042543 ) ) ;
#5555 = CARTESIAN_POINT ( 'NONE',  ( -8.711810228149607482, -10.46808976771512256, 2.000000000000000000 ) ) ;
#5556 = FACE_OUTER_BOUND ( 'NONE', #577, .T. ) ;
#5557 = EDGE_LOOP ( 'NONE', ( #2867, #4277, #9, #5319 ) ) ;
#5558 = AXIS2_PLACEMENT_3D ( 'NONE', #3051, #3454, #2475 ) ;
#5559 = LINE ( 'NONE', #1145, #4166 ) ;
#5560 = ORIENTED_EDGE ( 'NONE', *, *, #1150, .F. ) ;
#5561 = DIRECTION ( 'NONE',  ( 0.000000000000000000, 0.000000000000000000, 1.000000000000000000 ) ) ;
#5562 = CARTESIAN_POINT ( 'NONE',  ( -3.659589346711516654E-15, 6.050000000284912360, 2.000000000000000000 ) ) ;
#5563 = LINE ( 'NONE', #4207, #3791 ) ;
#5564 = AXIS2_PLACEMENT_3D ( 'NONE', #6192, #3783, #114 ) ;
#5565 = DIRECTION ( 'NONE',  ( 1.000000000000000000, 0.000000000000000000, 0.000000000000000000 ) ) ;
#5566 = ORIENTED_EDGE ( 'NONE', *, *, #4043, .F. ) ;
#5567 = AXIS2_PLACEMENT_3D ( 'NONE', #5444, #5561, #5534 ) ;
#5568 = EDGE_CURVE ( 'NONE', #2237, #374, #445, .T. ) ;
#5569 = CARTESIAN_POINT ( 'NONE',  ( -5.447265505152991238, -6.407699899390757459, 5.500000000000000000 ) ) ;
#5570 = ORIENTED_EDGE ( 'NONE', *, *, #3042, .F. ) ;
#5571 = ORIENTED_EDGE ( 'NONE', *, *, #2679, .F. ) ;
#5572 = CIRCLE ( 'NONE', #3653, 0.2999999998422467895 ) ;
#5573 = CARTESIAN_POINT ( 'NONE',  ( -15.00000000000000355, -15.50000000000006573, 2.000000000000000000 ) ) ;
#5574 = ORIENTED_EDGE ( 'NONE', *, *, #1833, .T. ) ;
#5575 = AXIS2_PLACEMENT_3D ( 'NONE', #6162, #5718, #3719 ) ;
#5576 = EDGE_CURVE ( 'NONE', #2827, #349, #3768, .T. ) ;
#5577 = CARTESIAN_POINT ( 'NONE',  ( 7.472416927999995018, -9.151485954000014189, 2.000000000000000000 ) ) ;
#5578 = CIRCLE ( 'NONE', #1656, 0.1218063681484183453 ) ;
#5579 = CARTESIAN_POINT ( 'NONE',  ( 8.200409494927944465, -12.69995898983975557, 2.000000000000000000 ) ) ;
#5580 = ADVANCED_FACE ( 'NONE', ( #5250 ), #435, .T. ) ;
#5581 = AXIS2_PLACEMENT_3D ( 'NONE', #4900, #945, #2902 ) ;
#5582 = CARTESIAN_POINT ( 'NONE',  ( -10.56529157509023342, -8.610890073700733893, 4.688762592064991352 ) ) ;
#5583 = DIRECTION ( 'NONE',  ( -0.000000000000000000, -0.000000000000000000, -1.000000000000000000 ) ) ;
#5584 = FACE_OUTER_BOUND ( 'NONE', #5114, .T. ) ;
#5585 = CARTESIAN_POINT ( 'NONE',  ( 8.010454200505408906, -9.965023290265513367, 4.688763444035038752 ) ) ;
#5586 = EDGE_CURVE ( 'NONE', #84, #1259, #3361, .T. ) ;
#5587 = VECTOR ( 'NONE', #6207, 1000.000000000000000 ) ;
#5588 = LINE ( 'NONE', #3184, #3825 ) ;
#5589 = CARTESIAN_POINT ( 'NONE',  ( -4.137252629733026765, -6.612126364266985412, 2.000000000000000000 ) ) ;
#5590 = EDGE_CURVE ( 'NONE', #3583, #2744, #2306, .T. ) ;
#5591 = ORIENTED_EDGE ( 'NONE', *, *, #2797, .F. ) ;
#5592 = CARTESIAN_POINT ( 'NONE',  ( 7.900355128999997589, -10.07986000700001483, 2.000000000000000000 ) ) ;
#5593 = CIRCLE ( 'NONE', #746, 2.000000000000000000 ) ;
#5594 = ORIENTED_EDGE ( 'NONE', *, *, #1556, .F. ) ;
#5595 = CARTESIAN_POINT ( 'NONE',  ( -3.469446951953614189E-15, -1.387778780781445676E-14, 5.500000000000000000 ) ) ;
#5596 = LINE ( 'NONE', #2694, #2671 ) ;
#5597 = DIRECTION ( 'NONE',  ( 1.000000000000000000, 0.000000000000000000, 0.000000000000000000 ) ) ;
#5598 = EDGE_CURVE ( 'NONE', #583, #3627, #4272, .T. ) ;
#5599 = DIRECTION ( 'NONE',  ( -0.9984264146936411288, 0.05607757521506560872, 0.000000000000000000 ) ) ;
#5600 = DIRECTION ( 'NONE',  ( -0.000000000000000000, -0.000000000000000000, -1.000000000000000000 ) ) ;
#5601 = ORIENTED_EDGE ( 'NONE', *, *, #5310, .T. ) ;
#5602 = CARTESIAN_POINT ( 'NONE',  ( -6.999994330000003373, 8.131365950999983383, 5.400137046524544182 ) ) ;
#5603 = ORIENTED_EDGE ( 'NONE', *, *, #5043, .F. ) ;
#5604 = ORIENTED_EDGE ( 'NONE', *, *, #3117, .T. ) ;
#5605 = VECTOR ( 'NONE', #1323, 1000.000000000000114 ) ;
#5606 = LINE ( 'NONE', #5573, #3095 ) ;
#5607 = EDGE_CURVE ( 'NONE', #4049, #478, #2347, .T. ) ;
#5608 = ORIENTED_EDGE ( 'NONE', *, *, #2410, .T. ) ;
#5609 = CIRCLE ( 'NONE', #3384, 0.4781936320459594381 ) ;
#5610 = FACE_OUTER_BOUND ( 'NONE', #1487, .T. ) ;
#5611 = LINE ( 'NONE', #5492, #5712 ) ;
#5612 = CARTESIAN_POINT ( 'NONE',  ( -6.786129832642848747, 8.593769364808805378, 5.400137046524544182 ) ) ;
#5613 = EDGE_CURVE ( 'NONE', #463, #518, #2858, .T. ) ;
#5614 = DIRECTION ( 'NONE',  ( -0.000000000000000000, -0.000000000000000000, -1.000000000000000000 ) ) ;
#5615 = CARTESIAN_POINT ( 'NONE',  ( -15.00000000000000533, 14.48332870112990101, 0.000000000000000000 ) ) ;
#5616 = FACE_OUTER_BOUND ( 'NONE', #5862, .T. ) ;
#5617 = VECTOR ( 'NONE', #3978, 1000.000000000000114 ) ;
#5618 = DIRECTION ( 'NONE',  ( 0.05511280662424545423, 0.04925133697109396191, -0.9972647012466441252 ) ) ;
#5619 = LINE ( 'NONE', #4585, #3739 ) ;
#5620 = EDGE_LOOP ( 'NONE', ( #3776, #5608, #507, #3941 ) ) ;
#5621 = VERTEX_POINT ( 'NONE', #3796 ) ;
#5622 = FACE_OUTER_BOUND ( 'NONE', #2953, .T. ) ;
#5623 = ADVANCED_FACE ( 'NONE', ( #5284 ), #6176, .F. ) ;
#5624 = ORIENTED_EDGE ( 'NONE', *, *, #3959, .F. ) ;
#5625 = EDGE_CURVE ( 'NONE', #4474, #4363, #953, .T. ) ;
#5626 = FACE_OUTER_BOUND ( 'NONE', #3845, .T. ) ;
#5627 = DIRECTION ( 'NONE',  ( 0.000000000000000000, 0.000000000000000000, 1.000000000000000000 ) ) ;
#5628 = DIRECTION ( 'NONE',  ( 1.000000000000000000, 0.000000000000000000, 0.000000000000000000 ) ) ;
#5629 = ORIENTED_EDGE ( 'NONE', *, *, #3883, .T. ) ;
#5630 = EDGE_CURVE ( 'NONE', #518, #409, #3073, .T. ) ;
#5631 = ORIENTED_EDGE ( 'NONE', *, *, #1769, .T. ) ;
#5632 = CIRCLE ( 'NONE', #5944, 0.1218063681713513896 ) ;
#5633 = DIRECTION ( 'NONE',  ( -0.000000000000000000, -0.000000000000000000, -1.000000000000000000 ) ) ;
#5634 = EDGE_LOOP ( 'NONE', ( #5832, #5594, #2297, #146 ) ) ;
#5635 = ORIENTED_EDGE ( 'NONE', *, *, #138, .T. ) ;
#5636 = AXIS2_PLACEMENT_3D ( 'NONE', #751, #6066, #4609 ) ;
#5637 = DIRECTION ( 'NONE',  ( 1.000000000000000000, 0.000000000000000000, 0.000000000000000000 ) ) ;
#5638 = VERTEX_POINT ( 'NONE', #5665 ) ;
#5639 = CONICAL_SURFACE ( 'NONE', #1599, 0.01089732201575797227, 0.8377580409572855658 ) ;
#5640 = LINE ( 'NONE', #1306, #5049 ) ;
#5641 = CARTESIAN_POINT ( 'NONE',  ( -10.58840327471427578, -8.587256061335573065, 5.319214661452069670 ) ) ;
#5642 = CARTESIAN_POINT ( 'NONE',  ( -3.871441698195928538, -13.30025653711243017, 5.400137046524545958 ) ) ;
#5643 = VECTOR ( 'NONE', #5520, 1000.000000000000000 ) ;
#5644 = LINE ( 'NONE', #2289, #594 ) ;
#5645 = AXIS2_PLACEMENT_3D ( 'NONE', #2802, #4754, #3781 ) ;
#5646 = CARTESIAN_POINT ( 'NONE',  ( 7.929798876123373752, -10.04194731596873957, 5.466871889834227005 ) ) ;
#5647 = EDGE_CURVE ( 'NONE', #3749, #377, #2850, .T. ) ;
#5648 = DIRECTION ( 'NONE',  ( 0.05233595625417947206, 0.000000000000000000, -0.9986295347539849709 ) ) ;
#5649 = CARTESIAN_POINT ( 'NONE',  ( -8.045727502676417231, 6.371374023534998265, 3.595845820201148513 ) ) ;
#5650 = ORIENTED_EDGE ( 'NONE', *, *, #364, .F. ) ;
#5651 = ORIENTED_EDGE ( 'NONE', *, *, #2754, .F. ) ;
#5652 = DIRECTION ( 'NONE',  ( -1.196361017915039486E-16, 1.000000000000000000, 0.000000000000000000 ) ) ;
#5653 = VECTOR ( 'NONE', #1493, 1000.000000000000114 ) ;
#5654 = EDGE_LOOP ( 'NONE', ( #2527, #5759, #3298, #5762 ) ) ;
#5655 = CARTESIAN_POINT ( 'NONE',  ( -6.699999727000003347, 8.679899476999986874, 5.500000000000000000 ) ) ;
#5656 = DIRECTION ( 'NONE',  ( 1.000000000000000000, 0.000000000000000000, 0.000000000000000000 ) ) ;
#5657 = ADVANCED_FACE ( 'NONE', ( #5794 ), #4376, .T. ) ;
#5658 = AXIS2_PLACEMENT_3D ( 'NONE', #3995, #552, #4503 ) ;
#5659 = LINE ( 'NONE', #2275, #267 ) ;
#5660 = EDGE_CURVE ( 'NONE', #5638, #2687, #580, .T. ) ;
#5661 = VERTEX_POINT ( 'NONE', #3015 ) ;
#5662 = EDGE_LOOP ( 'NONE', ( #541, #1257, #1867, #3363 ) ) ;
#5663 = AXIS2_PLACEMENT_3D ( 'NONE', #4515, #4987, #665 ) ;
#5664 = EDGE_CURVE ( 'NONE', #1558, #5919, #1989, .T. ) ;
#5665 = CARTESIAN_POINT ( 'NONE',  ( -8.078286498799094772, -6.220646561000013897, 5.400137046524553064 ) ) ;
#5666 = ORIENTED_EDGE ( 'NONE', *, *, #5664, .F. ) ;
#5667 = EDGE_CURVE ( 'NONE', #125, #2919, #544, .T. ) ;
#5668 = LINE ( 'NONE', #1715, #843 ) ;
#5669 = ORIENTED_EDGE ( 'NONE', *, *, #466, .F. ) ;
#5670 = CIRCLE ( 'NONE', #11, 30.50000000000006040 ) ;
#5671 = CARTESIAN_POINT ( 'NONE',  ( -3.469446951953614189E-15, -1.387778780781445676E-14, 2.000000000000000000 ) ) ;
#5672 = CARTESIAN_POINT ( 'NONE',  ( -10.52536454042399150, -8.651987743446786894, 3.595844928858846767 ) ) ;
#5673 = VECTOR ( 'NONE', #5180, 1000.000000000000000 ) ;
#5674 = EDGE_LOOP ( 'NONE', ( #1478, #1616, #5475, #5032 ) ) ;
#5675 = CONICAL_SURFACE ( 'NONE', #248, 28.00000000059215566, 0.05235987755982995234 ) ;
#5676 = VECTOR ( 'NONE', #4014, 1000.000000000000000 ) ;
#5677 = VECTOR ( 'NONE', #5537, 1000.000000000000114 ) ;
#5678 = CARTESIAN_POINT ( 'NONE',  ( 8.112482766504088616, -9.867723575838326155, 2.000000000000000000 ) ) ;
#5679 = DIRECTION ( 'NONE',  ( -0.000000000000000000, -0.000000000000000000, -1.000000000000000000 ) ) ;
#5680 = CIRCLE ( 'NONE', #3163, 0.4781936319579859762 ) ;
#5681 = LINE ( 'NONE', #371, #1054 ) ;
#5682 = DIRECTION ( 'NONE',  ( 0.000000000000000000, 0.7071067811865512365, -0.7071067811865439090 ) ) ;
#5683 = EDGE_LOOP ( 'NONE', ( #4600, #4447, #5193, #4109 ) ) ;
#5684 = ORIENTED_EDGE ( 'NONE', *, *, #5420, .T. ) ;
#5685 = CIRCLE ( 'NONE', #5788, 0.01089732201575797227 ) ;
#5686 = CARTESIAN_POINT ( 'NONE',  ( 8.477655575999998305, -0.3000000000000139222, 5.400137046524544182 ) ) ;
#5687 = AXIS2_PLACEMENT_3D ( 'NONE', #4245, #3141, #2221 ) ;
#5688 = ORIENTED_EDGE ( 'NONE', *, *, #2135, .T. ) ;
#5689 = EDGE_CURVE ( 'NONE', #3749, #3854, #4403, .T. ) ;
#5690 = AXIS2_PLACEMENT_3D ( 'NONE', #5416, #5314, #5924 ) ;
#5691 = DIRECTION ( 'NONE',  ( 1.196361017915039486E-16, -1.000000000000000000, 0.000000000000000000 ) ) ;
#5692 = DIRECTION ( 'NONE',  ( 1.000000000000000000, 0.000000000000000000, 0.000000000000000000 ) ) ;
#5693 = DIRECTION ( 'NONE',  ( -0.9999999997801694018, -2.096809632237549398E-05, 2.108888075136300940E-22 ) ) ;
#5694 = CIRCLE ( 'NONE', #848, 0.01089732207824878341 ) ;
#5695 = EDGE_LOOP ( 'NONE', ( #4962, #2061, #5426, #2535 ) ) ;
#5696 = CONICAL_SURFACE ( 'NONE', #2144, 0.5891026778556277543, 0.8377580409572654707 ) ;
#5697 = EDGE_CURVE ( 'NONE', #2083, #1287, #3924, .T. ) ;
#5698 = ORIENTED_EDGE ( 'NONE', *, *, #5281, .F. ) ;
#5699 = VECTOR ( 'NONE', #2803, 1000.000000000000000 ) ;
#5700 = EDGE_CURVE ( 'NONE', #874, #6222, #68, .T. ) ;
#5701 = CARTESIAN_POINT ( 'NONE',  ( -5.487142739410919567, -3.012269005591804660, 2.000000000000000000 ) ) ;
#5702 = ORIENTED_EDGE ( 'NONE', *, *, #5112, .T. ) ;
#5703 = ORIENTED_EDGE ( 'NONE', *, *, #2333, .F. ) ;
#5704 = CARTESIAN_POINT ( 'NONE',  ( -10.67953712531760324, -8.800184006000023373, 2.000000000000000000 ) ) ;
#5705 = EDGE_CURVE ( 'NONE', #153, #1395, #6197, .T. ) ;
#5706 = ORIENTED_EDGE ( 'NONE', *, *, #3486, .T. ) ;
#5707 = CARTESIAN_POINT ( 'NONE',  ( -8.133320968542193441, -8.243611662769417592, 5.500000000000000000 ) ) ;
#5708 = VERTEX_POINT ( 'NONE', #3415 ) ;
#5709 = DIRECTION ( 'NONE',  ( 9.957950788410549234E-06, -0.7431448254106702844, -0.6691306063588658981 ) ) ;
#5710 = VECTOR ( 'NONE', #2890, 1000.000000000000114 ) ;
#5711 = EDGE_LOOP ( 'NONE', ( #1871, #6263, #648, #4177 ) ) ;
#5712 = VECTOR ( 'NONE', #1720, 999.9999999999998863 ) ;
#5713 = PLANE ( 'NONE',  #1803 ) ;
#5714 = FILL_AREA_STYLE ('',( #3811 ) ) ;
#5715 = DIRECTION ( 'NONE',  ( 0.7071067812433913247, 0.7071067811297035988, -2.364733108869160000E-18 ) ) ;
#5716 = LINE ( 'NONE', #5176, #3142 ) ;
#5717 = ORIENTED_EDGE ( 'NONE', *, *, #3969, .F. ) ;
#5718 = DIRECTION ( 'NONE',  ( 0.000000000000000000, 0.000000000000000000, 1.000000000000000000 ) ) ;
#5719 = ORIENTED_EDGE ( 'NONE', *, *, #1448, .T. ) ;
#5720 = DIRECTION ( 'NONE',  ( -0.000000000000000000, -0.000000000000000000, -1.000000000000000000 ) ) ;
#5721 = DIRECTION ( 'NONE',  ( 0.9984255058485672629, 0.05609375429611242886, -7.962385464551549580E-19 ) ) ;
#5722 = DIRECTION ( 'NONE',  ( -0.6691306062710132840, -1.084218014302492797E-05, -0.7431448254773987960 ) ) ;
#5723 = DIRECTION ( 'NONE',  ( -0.03700711088096777374, -0.03700710823756829526, -0.9986295347545739443 ) ) ;
#5724 = ORIENTED_EDGE ( 'NONE', *, *, #1987, .T. ) ;
#5725 = ORIENTED_EDGE ( 'NONE', *, *, #4529, .F. ) ;
#5726 = DIRECTION ( 'NONE',  ( -0.05233595623943880504, -6.057105553986459356E-07, -0.9986295347545739443 ) ) ;
#5727 = EDGE_CURVE ( 'NONE', #5753, #654, #5858, .T. ) ;
#5728 = ORIENTED_EDGE ( 'NONE', *, *, #6028, .T. ) ;
#5729 = ORIENTED_EDGE ( 'NONE', *, *, #5598, .T. ) ;
#5730 = LINE ( 'NONE', #5704, #232 ) ;
#5731 = ORIENTED_EDGE ( 'NONE', *, *, #3299, .T. ) ;
#5732 = CARTESIAN_POINT ( 'NONE',  ( 3.138270930549962756, 5.361140813653029191, 5.400137046525173012 ) ) ;
#5733 = EDGE_CURVE ( 'NONE', #4412, #6180, #1960, .T. ) ;
#5734 = ORIENTED_EDGE ( 'NONE', *, *, #3919, .T. ) ;
#5735 = EDGE_CURVE ( 'NONE', #1101, #3320, #3481, .T. ) ;
#5736 = CARTESIAN_POINT ( 'NONE',  ( 5.585312744999996859, 3.534703078999986037, 5.400137046524544182 ) ) ;
#5737 = ORIENTED_EDGE ( 'NONE', *, *, #1564, .F. ) ;
#5738 = AXIS2_PLACEMENT_3D ( 'NONE', #3981, #5438, #3034 ) ;
#5739 = B_SPLINE_CURVE_WITH_KNOTS ( 'NONE', 3,
 ( #4381, #485, #3429, #4251 ),
 .UNSPECIFIED., .F., .F.,
 ( 4, 4 ),
 ( 0.000000000000000000, 0.0001493592257477164230 ),
 .UNSPECIFIED. ) ;
#5740 = CARTESIAN_POINT ( 'NONE',  ( -8.078488363857220023, 6.219966057505120105, 5.400137046523869166 ) ) ;
#5741 = FACE_OUTER_BOUND ( 'NONE', #1890, .T. ) ;
#5742 = DIRECTION ( 'NONE',  ( -1.618116170051277485E-05, 0.9986295346234792536, 0.05233595624294390403 ) ) ;
#5743 = DIRECTION ( 'NONE',  ( 0.7431448254774032369, -5.336346696731729438E-11, 0.6691306063588482456 ) ) ;
#5744 = ORIENTED_EDGE ( 'NONE', *, *, #3084, .F. ) ;
#5745 = ADVANCED_FACE ( 'NONE', ( #2984 ), #345, .T. ) ;
#5746 = CARTESIAN_POINT ( 'NONE',  ( -8.200294732000003251, 6.219963096999987506, 2.000000000000000000 ) ) ;
#5747 = VERTEX_POINT ( 'NONE', #2944 ) ;
#5748 = LINE ( 'NONE', #4595, #5677 ) ;
#5749 = CONICAL_SURFACE ( 'NONE', #1896, 0.01089732236815230126, 0.8377580409572711329 ) ;
#5750 = CARTESIAN_POINT ( 'NONE',  ( -9.975844591438558950, 7.998958299670406724, 4.983758651898887670 ) ) ;
#5751 = LINE ( 'NONE', #3790, #1126 ) ;
#5752 = CARTESIAN_POINT ( 'NONE',  ( -6.219809108003343745, -7.900290396076111499, 2.000000000000000000 ) ) ;
#5753 = VERTEX_POINT ( 'NONE', #5446 ) ;
#5754 = AXIS2_PLACEMENT_3D ( 'NONE', #6219, #178, #1132 ) ;
#5755 = VERTEX_POINT ( 'NONE', #4431 ) ;
#5756 = AXIS2_PLACEMENT_3D ( 'NONE', #6025, #234, #2217 ) ;
#5757 = DIRECTION ( 'NONE',  ( 1.000000000000000000, -5.981805089575197430E-17, 0.000000000000000000 ) ) ;
#5758 = VERTEX_POINT ( 'NONE', #984 ) ;
#5759 = ORIENTED_EDGE ( 'NONE', *, *, #5402, .F. ) ;
#5760 = AXIS2_PLACEMENT_3D ( 'NONE', #1915, #5818, #6227 ) ;
#5761 = LINE ( 'NONE', #4746, #4978 ) ;
#5762 = ORIENTED_EDGE ( 'NONE', *, *, #5460, .F. ) ;
#5763 = EDGE_CURVE ( 'NONE', #456, #128, #2568, .T. ) ;
#5764 = CARTESIAN_POINT ( 'NONE',  ( -6.821806095146385474, 8.679899476999986874, 5.400137046524544182 ) ) ;
#5765 = EDGE_LOOP ( 'NONE', ( #3271, #5604, #4024, #2111 ) ) ;
#5766 = CARTESIAN_POINT ( 'NONE',  ( 4.349384663999996015, -6.399994330000013498, 5.500000000000000000 ) ) ;
#5767 = ORIENTED_EDGE ( 'NONE', *, *, #373, .T. ) ;
#5768 = ADVANCED_FACE ( 'NONE', ( #2019 ), #5892, .F. ) ;
#5769 = CARTESIAN_POINT ( 'NONE',  ( -12.69994794574883024, 7.910828675727325177, 5.500000000000000000 ) ) ;
#5770 = B_SPLINE_CURVE_WITH_KNOTS ( 'NONE', 3,
 ( #1660, #4477, #4507, #2093, #1560, #5518, #3023, #711, #685, #2029 ),
 .UNSPECIFIED., .F., .F.,
 ( 4, 3, 3, 4 ),
 ( 0.0001000001521159368898, 0.0002215504882758572379, 0.001107752454812917188, 0.003504806526361534287 ),
 .UNSPECIFIED. ) ;
#5771 = ADVANCED_FACE ( 'NONE', ( #505 ), #4683, .T. ) ;
#5772 = CARTESIAN_POINT ( 'NONE',  ( -6.226017545673658837, -8.191337453838370308, 5.500000000000000000 ) ) ;
#5773 = DIRECTION ( 'NONE',  ( 0.000000000000000000, 0.000000000000000000, -1.000000000000000000 ) ) ;
#5774 = LINE ( 'NONE', #4286, #4558 ) ;
#5775 = EDGE_LOOP ( 'NONE', ( #258, #3802, #176, #1269 ) ) ;
#5776 = CARTESIAN_POINT ( 'NONE',  ( -5.699274774000003596, 2.800136970999986374, 2.000000000000000000 ) ) ;
#5777 = ORIENTED_EDGE ( 'NONE', *, *, #1587, .T. ) ;
#5778 = DIRECTION ( 'NONE',  ( 1.000000000000000000, 0.000000000000000000, 0.000000000000000000 ) ) ;
#5779 = VECTOR ( 'NONE', #3876, 1000.000000000000000 ) ;
#5780 = CARTESIAN_POINT ( 'NONE',  ( -13.29972257347444575, -4.050274743005138234, 2.000000000000000000 ) ) ;
#5781 = VECTOR ( 'NONE', #4762, 1000.000000000000000 ) ;
#5782 = EDGE_CURVE ( 'NONE', #3139, #4009, #1119, .T. ) ;
#5783 = AXIS2_PLACEMENT_3D ( 'NONE', #2355, #4923, #5810 ) ;
#5784 = DIRECTION ( 'NONE',  ( 1.000000000000000000, 0.000000000000000000, 0.000000000000000000 ) ) ;
#5785 = ADVANCED_FACE ( 'NONE', ( #647 ), #3858, .T. ) ;
#5786 = PLANE ( 'NONE',  #3838 ) ;
#5787 = FACE_OUTER_BOUND ( 'NONE', #5391, .T. ) ;
#5788 = AXIS2_PLACEMENT_3D ( 'NONE', #980, #5887, #64 ) ;
#5789 = ORIENTED_EDGE ( 'NONE', *, *, #2110, .T. ) ;
#5790 = DIRECTION ( 'NONE',  ( 1.000000000000000000, 0.000000000000000000, 0.000000000000000000 ) ) ;
#5791 = ORIENTED_EDGE ( 'NONE', *, *, #5281, .T. ) ;
#5792 = EDGE_CURVE ( 'NONE', #4876, #3583, #2597, .T. ) ;
#5793 = AXIS2_PLACEMENT_3D ( 'NONE', #2335, #6144, #6233 ) ;
#5794 = FACE_OUTER_BOUND ( 'NONE', #4938, .T. ) ;
#5795 = ORIENTED_EDGE ( 'NONE', *, *, #4805, .F. ) ;
#5796 = DIRECTION ( 'NONE',  ( 0.05233595624010454334, 5.451620383803388901E-07, -0.9986295347545739443 ) ) ;
#5797 = AXIS2_PLACEMENT_3D ( 'NONE', #732, #3632, #4206 ) ;
#5798 = ORIENTED_EDGE ( 'NONE', *, *, #749, .F. ) ;
#5799 = DIRECTION ( 'NONE',  ( 1.000000000000000000, 0.000000000000000000, 0.000000000000000000 ) ) ;
#5800 = ORIENTED_EDGE ( 'NONE', *, *, #2288, .T. ) ;
#5801 = ORIENTED_EDGE ( 'NONE', *, *, #1753, .F. ) ;
#5802 = DIRECTION ( 'NONE',  ( -1.000000000000000000, 0.000000000000000000, 0.000000000000000000 ) ) ;
#5803 = ORIENTED_EDGE ( 'NONE', *, *, #2290, .T. ) ;
#5804 = FACE_OUTER_BOUND ( 'NONE', #4120, .T. ) ;
#5805 = CARTESIAN_POINT ( 'NONE',  ( 11.42726392699999671, -6.821806095096601297, 5.400137046520598894 ) ) ;
#5806 = DIRECTION ( 'NONE',  ( 0.000000000000000000, 0.000000000000000000, 1.000000000000000000 ) ) ;
#5807 = FACE_OUTER_BOUND ( 'NONE', #173, .T. ) ;
#5808 = ORIENTED_EDGE ( 'NONE', *, *, #4429, .T. ) ;
#5809 = ADVANCED_FACE ( 'NONE', ( #5473 ), #5986, .F. ) ;
#5810 = DIRECTION ( 'NONE',  ( 1.000000000000000000, 0.000000000000000000, 0.000000000000000000 ) ) ;
#5811 = VECTOR ( 'NONE', #3606, 999.9999999999998863 ) ;
#5812 = EDGE_LOOP ( 'NONE', ( #5222, #4123, #1186, #268 ) ) ;
#5813 = DIRECTION ( 'NONE',  ( -1.000000000000000000, 0.000000000000000000, 0.000000000000000000 ) ) ;
#5814 = DIRECTION ( 'NONE',  ( 1.000000000000000000, 0.000000000000000000, 0.000000000000000000 ) ) ;
#5815 = LINE ( 'NONE', #572, #4279 ) ;
#5816 = AXIS2_PLACEMENT_3D ( 'NONE', #5904, #175, #3557 ) ;
#5817 = CARTESIAN_POINT ( 'NONE',  ( -13.29995074098553509, 4.049962459995021469, 2.000000000000000000 ) ) ;
#5818 = DIRECTION ( 'NONE',  ( 0.000000000000000000, 0.000000000000000000, 1.000000000000000000 ) ) ;
#5819 = CARTESIAN_POINT ( 'NONE',  ( 6.221185220418904649, -8.185325295029450388, 5.500000000000000000 ) ) ;
#5820 = ORIENTED_EDGE ( 'NONE', *, *, #791, .F. ) ;
#5821 = EDGE_CURVE ( 'NONE', #3292, #3357, #4224, .T. ) ;
#5822 = CARTESIAN_POINT ( 'NONE',  ( 8.131365950999994041, -6.999994330000014031, 5.500000000000000000 ) ) ;
#5823 = EDGE_CURVE ( 'NONE', #3500, #2013, #347, .T. ) ;
#5824 = ORIENTED_EDGE ( 'NONE', *, *, #3587, .F. ) ;
#5825 = VECTOR ( 'NONE', #1340, 1000.000000000000000 ) ;
#5826 = DIRECTION ( 'NONE',  ( -0.000000000000000000, -0.000000000000000000, -1.000000000000000000 ) ) ;
#5827 = ORIENTED_EDGE ( 'NONE', *, *, #4271, .F. ) ;
#5828 = EDGE_CURVE ( 'NONE', #1130, #4298, #2764, .T. ) ;
#5829 = DIRECTION ( 'NONE',  ( 0.03700710956568124127, -0.03700710955285488324, -0.9986295347545739443 ) ) ;
#5830 = ORIENTED_EDGE ( 'NONE', *, *, #846, .F. ) ;
#5831 = CARTESIAN_POINT ( 'NONE',  ( -5.439559934000004482, -6.699994329811232774, 2.000000000000000000 ) ) ;
#5832 = ORIENTED_EDGE ( 'NONE', *, *, #4894, .T. ) ;
#5833 = ORIENTED_EDGE ( 'NONE', *, *, #5895, .T. ) ;
#5834 = CARTESIAN_POINT ( 'NONE',  ( -6.612126364044497606, -4.137252629955518124, 2.000000000000000000 ) ) ;
#5835 = EDGE_LOOP ( 'NONE', ( #3943, #5177, #2702, #4508 ) ) ;
#5836 = LINE ( 'NONE', #4343, #6246 ) ;
#5837 = CARTESIAN_POINT ( 'NONE',  ( -12.08455448773094254, 5.444165702954698816, 8.360602226230390954 ) ) ;
#5838 = DIRECTION ( 'NONE',  ( 1.000000000000000000, 0.000000000000000000, 0.000000000000000000 ) ) ;
#5839 = DIRECTION ( 'NONE',  ( 0.7071067810582568613, -0.7071067813148382841, 0.000000000000000000 ) ) ;
#5840 = ORIENTED_EDGE ( 'NONE', *, *, #1824, .F. ) ;
#5841 = DIRECTION ( 'NONE',  ( 1.000000000000000000, 0.000000000000000000, 0.000000000000000000 ) ) ;
#5842 = AXIS2_PLACEMENT_3D ( 'NONE', #5527, #1781, #1221 ) ;
#5843 = ORIENTED_EDGE ( 'NONE', *, *, #5204, .T. ) ;
#5844 = LINE ( 'NONE', #21, #3660 ) ;
#5845 = CARTESIAN_POINT ( 'NONE',  ( 8.477655575966393187, -0.2891026781325438111, 5.500000000000000000 ) ) ;
#5846 = PLANE ( 'NONE',  #2060 ) ;
#5847 = DIRECTION ( 'NONE',  ( 0.000000000000000000, 0.000000000000000000, 1.000000000000000000 ) ) ;
#5848 = EDGE_CURVE ( 'NONE', #2995, #655, #1814, .T. ) ;
#5849 = DIRECTION ( 'NONE',  ( 2.083316576129789859E-05, -0.9999999997829895904, 5.784281923445228516E-25 ) ) ;
#5850 = CARTESIAN_POINT ( 'NONE',  ( 11.42726392699999671, -6.699999727000014005, 2.000000000000000000 ) ) ;
#5851 = ORIENTED_EDGE ( 'NONE', *, *, #6136, .T. ) ;
#5852 = CARTESIAN_POINT ( 'NONE',  ( -8.111458031410858638, 6.303298755358923700, 5.400137046526360507 ) ) ;
#5853 = ORIENTED_EDGE ( 'NONE', *, *, #94, .T. ) ;
#5854 = EDGE_CURVE ( 'NONE', #4563, #5053, #5694, .T. ) ;
#5855 = AXIS2_PLACEMENT_3D ( 'NONE', #1845, #3810, #1937 ) ;
#5856 = VECTOR ( 'NONE', #3874, 1000.000000000000000 ) ;
#5857 = EDGE_CURVE ( 'NONE', #3162, #3378, #5681, .T. ) ;
#5858 = LINE ( 'NONE', #4366, #1949 ) ;
#5859 = ORIENTED_EDGE ( 'NONE', *, *, #5568, .T. ) ;
#5860 = CARTESIAN_POINT ( 'NONE',  ( 3.216695469331461776, -5.282716275242728798, 5.500000000000000000 ) ) ;
#5861 = AXIS2_PLACEMENT_3D ( 'NONE', #3203, #3705, #5071 ) ;
#5862 = EDGE_LOOP ( 'NONE', ( #6042, #92, #1567, #853 ) ) ;
#5863 = EDGE_CURVE ( 'NONE', #2354, #1650, #4583, .T. ) ;
#5864 = EDGE_CURVE ( 'NONE', #2179, #4186, #2265, .T. ) ;
#5865 = FACE_OUTER_BOUND ( 'NONE', #2949, .T. ) ;
#5866 = AXIS2_PLACEMENT_3D ( 'NONE', #766, #325, #2159 ) ;
#5867 = EDGE_LOOP ( 'NONE', ( #6234, #2124, #4438, #526 ) ) ;
#5868 = ORIENTED_EDGE ( 'NONE', *, *, #6151, .T. ) ;
#5869 = LINE ( 'NONE', #4751, #5202 ) ;
#5870 = EDGE_LOOP ( 'NONE', ( #3340, #5312, #2304, #3849 ) ) ;
#5871 = CARTESIAN_POINT ( 'NONE',  ( -14.50000000000000533, 14.48332870112990101, 0.000000000000000000 ) ) ;
#5872 = CARTESIAN_POINT ( 'NONE',  ( -0.1407942677755999461, 8.731926169458851916, 2.000000000000000000 ) ) ;
#5873 = AXIS2_PLACEMENT_3D ( 'NONE', #1200, #2234, #3127 ) ;
#5874 = FACE_OUTER_BOUND ( 'NONE', #3470, .T. ) ;
#5875 = DIRECTION ( 'NONE',  ( -0.7456799060895266118, 0.6663043431153025109, 0.000000000000000000 ) ) ;
#5876 = ORIENTED_EDGE ( 'NONE', *, *, #2697, .F. ) ;
#5877 = LINE ( 'NONE', #2931, #838 ) ;
#5878 = ORIENTED_EDGE ( 'NONE', *, *, #3379, .T. ) ;
#5879 = FACE_OUTER_BOUND ( 'NONE', #2539, .T. ) ;
#5880 = DIRECTION ( 'NONE',  ( -0.6663447065353802490, 0.7456438372790845648, 0.000000000000000000 ) ) ;
#5881 = DIRECTION ( 'NONE',  ( 0.000000000000000000, -0.05233595624294390403, 0.9986295347545739443 ) ) ;
#5882 = CONICAL_SURFACE ( 'NONE', #4561, 0.2999999999627311342, 0.05235987755982995234 ) ;
#5883 = LINE ( 'NONE', #5372, #1645 ) ;
#5884 = DIRECTION ( 'NONE',  ( 0.000000000000000000, -1.000000000000000000, 0.000000000000000000 ) ) ;
#5885 = CARTESIAN_POINT ( 'NONE',  ( -9.991086257774622226, 7.983313682227103136, 5.400137046526361395 ) ) ;
#5886 = ORIENTED_EDGE ( 'NONE', *, *, #5975, .F. ) ;
#5887 = DIRECTION ( 'NONE',  ( 0.000000000000000000, 0.000000000000000000, 1.000000000000000000 ) ) ;
#5888 = EDGE_CURVE ( 'NONE', #2267, #6050, #4198, .T. ) ;
#5889 = AXIS2_PLACEMENT_3D ( 'NONE', #671, #5024, #4081 ) ;
#5890 = VECTOR ( 'NONE', #569, 1000.000000000000114 ) ;
#5891 = AXIS2_PLACEMENT_3D ( 'NONE', #5418, #4939, #614 ) ;
#5892 = PLANE ( 'NONE',  #6102 ) ;
#5893 = AXIS2_PLACEMENT_3D ( 'NONE', #2782, #4707, #378 ) ;
#5894 = EDGE_LOOP ( 'NONE', ( #5007, #5574, #3955, #503 ) ) ;
#5895 = EDGE_CURVE ( 'NONE', #2892, #3921, #165, .T. ) ;
#5896 = FACE_OUTER_BOUND ( 'NONE', #5870, .T. ) ;
#5897 = ORIENTED_EDGE ( 'NONE', *, *, #1872, .F. ) ;
#5898 = VECTOR ( 'NONE', #3953, 1000.000000000000114 ) ;
#5899 = LINE ( 'NONE', #653, #1618 ) ;
#5900 = VERTEX_POINT ( 'NONE', #4496 ) ;
#5901 = VERTEX_POINT ( 'NONE', #780 ) ;
#5902 = ADVANCED_FACE ( 'NONE', ( #2085 ), #2713, .T. ) ;
#5903 = CONICAL_SURFACE ( 'NONE', #5797, 0.5891026779436085992, 0.8377580409572865650 ) ;
#5904 = CARTESIAN_POINT ( 'NONE',  ( 7.900355128999997589, -10.07986000700001483, 2.000000000000000000 ) ) ;
#5905 = ORIENTED_EDGE ( 'NONE', *, *, #1441, .F. ) ;
#5906 = DIRECTION ( 'NONE',  ( 0.7431448254774032369, -1.500593244495896531E-11, 0.6691306063588482456 ) ) ;
#5907 = B_SPLINE_CURVE_WITH_KNOTS ( 'NONE', 3,
 ( #122, #5945, #2078, #2106 ),
 .UNSPECIFIED., .F., .F.,
 ( 4, 4 ),
 ( 0.000000000000000000, 0.0001494333429044985553 ),
 .UNSPECIFIED. ) ;
#5908 = SURFACE_STYLE_USAGE ( .BOTH. , #2547 ) ;
#5909 = DIRECTION ( 'NONE',  ( 1.000000000000000000, 0.000000000000000000, 0.000000000000000000 ) ) ;
#5910 = ORIENTED_EDGE ( 'NONE', *, *, #3923, .T. ) ;
#5911 = DIRECTION ( 'NONE',  ( 0.05233595624294390403, 0.000000000000000000, 0.9986295347545739443 ) ) ;
#5912 = VERTEX_POINT ( 'NONE', #6104 ) ;
#5913 = CARTESIAN_POINT ( 'NONE',  ( -14.99999592300000373, -14.99999592300001439, 2.000000000000000000 ) ) ;
#5914 = CARTESIAN_POINT ( 'NONE',  ( -14.46666666666667034, 15.48277299116756289, 0.4999999999999970024 ) ) ;
#5915 = ADVANCED_FACE ( 'NONE', ( #2118 ), #3688, .F. ) ;
#5916 = CARTESIAN_POINT ( 'NONE',  ( 3.541994724553279017, 5.593411110823932830, 5.500000000000000000 ) ) ;
#5917 = DIRECTION ( 'NONE',  ( 1.000000000000000000, 0.000000000000000000, 0.000000000000000000 ) ) ;
#5918 = LINE ( 'NONE', #601, #5676 ) ;
#5919 = VERTEX_POINT ( 'NONE', #4700 ) ;
#5920 = CARTESIAN_POINT ( 'NONE',  ( -6.486124438912509227, 4.263254555203465301, 5.400137046524544182 ) ) ;
#5921 = ORIENTED_EDGE ( 'NONE', *, *, #2513, .F. ) ;
#5922 = VECTOR ( 'NONE', #4785, 1000.000000000000114 ) ;
#5923 = CARTESIAN_POINT ( 'NONE',  ( -6.399994330000002840, -5.439559934000014252, 2.000000000000000000 ) ) ;
#5924 = DIRECTION ( 'NONE',  ( 1.000000000000000000, 0.000000000000000000, 0.000000000000000000 ) ) ;
#5925 = ORIENTED_EDGE ( 'NONE', *, *, #4402, .T. ) ;
#5926 = LINE ( 'NONE', #4499, #2043 ) ;
#5927 = EDGE_LOOP ( 'NONE', ( #3698, #6117, #6244, #889 ) ) ;
#5928 = EDGE_CURVE ( 'NONE', #6081, #4300, #5955, .T. ) ;
#5929 = VECTOR ( 'NONE', #1439, 1000.000000000000114 ) ;
#5930 = DIRECTION ( 'NONE',  ( 0.000000000000000000, 0.000000000000000000, -1.000000000000000000 ) ) ;
#5931 = ORIENTED_EDGE ( 'NONE', *, *, #2541, .T. ) ;
#5932 = VERTEX_POINT ( 'NONE', #3079 ) ;
#5933 = DIRECTION ( 'NONE',  ( -1.000000000000000000, 0.000000000000000000, 0.000000000000000000 ) ) ;
#5934 = VERTEX_POINT ( 'NONE', #1615 ) ;
#5935 = DIRECTION ( 'NONE',  ( 0.6669900089698689305, -0.3277019370833890721, 0.6691306063588547959 ) ) ;
#5936 = EDGE_CURVE ( 'NONE', #293, #2765, #3511, .T. ) ;
#5937 = DIRECTION ( 'NONE',  ( -1.000000000000000000, 4.991528668765784202E-11, 7.415549330927012097E-28 ) ) ;
#5938 = CARTESIAN_POINT ( 'NONE',  ( 3.735439892068655787, 5.808258324935847483, 2.000000000000000000 ) ) ;
#5939 = EDGE_CURVE ( 'NONE', #6002, #3880, #3873, .T. ) ;
#5940 = CARTESIAN_POINT ( 'NONE',  ( 4.341679093732705219, -6.407699900276460525, 5.500000000000000000 ) ) ;
#5941 = EDGE_LOOP ( 'NONE', ( #994, #1297, #4504, #1089 ) ) ;
#5942 = CARTESIAN_POINT ( 'NONE',  ( -10.07992469200000407, 7.899979871999986081, 5.500000000000000000 ) ) ;
#5943 = DIRECTION ( 'NONE',  ( 1.000000000000000000, 0.000000000000000000, 0.000000000000000000 ) ) ;
#5944 = AXIS2_PLACEMENT_3D ( 'NONE', #1636, #6105, #2175 ) ;
#5945 = CARTESIAN_POINT ( 'NONE',  ( 6.249841335209122661, -8.162176270439719161, 5.466871889710191112 ) ) ;
#5946 = EDGE_CURVE ( 'NONE', #912, #1790, #5234, .T. ) ;
#5947 = CARTESIAN_POINT ( 'NONE',  ( -9.867796590798375789, 8.112115839455549704, 2.000000000000000000 ) ) ;
#5948 = CARTESIAN_POINT ( 'NONE',  ( -8.200294732000003251, 6.219963096999987506, 5.500000000000000000 ) ) ;
#5949 = EDGE_CURVE ( 'NONE', #358, #2057, #5593, .T. ) ;
#5950 = ORIENTED_EDGE ( 'NONE', *, *, #1159, .F. ) ;
#5951 = LINE ( 'NONE', #1609, #6184 ) ;
#5952 = ORIENTED_EDGE ( 'NONE', *, *, #3114, .T. ) ;
#5953 = VECTOR ( 'NONE', #5137, 1000.000000000000000 ) ;
#5954 = CARTESIAN_POINT ( 'NONE',  ( -6.399994330000002840, 4.349384663999985356, 2.000000000000000000 ) ) ;
#5955 = LINE ( 'NONE', #5141, #2862 ) ;
#5956 = ORIENTED_EDGE ( 'NONE', *, *, #3334, .T. ) ;
#5957 = CARTESIAN_POINT ( 'NONE',  ( -0.1781936318663535079, 5.869101895342344832, 5.400137046524546847 ) ) ;
#5958 = ORIENTED_EDGE ( 'NONE', *, *, #5460, .T. ) ;
#5959 = VECTOR ( 'NONE', #3056, 1000.000000000000114 ) ;
#5960 = CIRCLE ( 'NONE', #5645, 31.00000000000006750 ) ;
#5961 = DIRECTION ( 'NONE',  ( -1.729278796645295436E-10, -0.9986295347545739443, 0.05233595624294390403 ) ) ;
#5962 = ORIENTED_EDGE ( 'NONE', *, *, #5727, .T. ) ;
#5963 = ORIENTED_EDGE ( 'NONE', *, *, #5542, .F. ) ;
#5964 = CIRCLE ( 'NONE', #6163, 0.01089732179551747976 ) ;
#5965 = DIRECTION ( 'NONE',  ( 0.000000000000000000, 0.000000000000000000, -1.000000000000000000 ) ) ;
#5966 = ADVANCED_FACE ( 'NONE', ( #2895 ), #3431, .T. ) ;
#5967 = ORIENTED_EDGE ( 'NONE', *, *, #5928, .F. ) ;
#5968 = CARTESIAN_POINT ( 'NONE',  ( -8.711810228172748083, -10.46808976769198019, 2.000000000000000000 ) ) ;
#5969 = CIRCLE ( 'NONE', #3232, 0.01089732227371395523 ) ;
#5970 = DIRECTION ( 'NONE',  ( -0.000000000000000000, -0.000000000000000000, -1.000000000000000000 ) ) ;
#5971 = DIRECTION ( 'NONE',  ( 1.000000000000000000, 0.000000000000000000, 0.000000000000000000 ) ) ;
#5972 = ADVANCED_FACE ( 'NONE', ( #16 ), #4179, .F. ) ;
#5973 = DIRECTION ( 'NONE',  ( -1.000000000000000000, 0.000000000000000000, 0.000000000000000000 ) ) ;
#5974 = DIRECTION ( 'NONE',  ( 0.000000000000000000, 0.000000000000000000, 1.000000000000000000 ) ) ;
#5975 = EDGE_CURVE ( 'NONE', #4691, #606, #1432, .T. ) ;
#5976 = VECTOR ( 'NONE', #2618, 1000.000000000000114 ) ;
#5977 = CARTESIAN_POINT ( 'NONE',  ( -15.50000000000007461, -15.50000000000006573, 2.000000000000000000 ) ) ;
#5978 = DIRECTION ( 'NONE',  ( -1.000000000000000000, 0.000000000000000000, 0.000000000000000000 ) ) ;
#5979 = CARTESIAN_POINT ( 'NONE',  ( -6.612126364334579343, 4.137252629711624330, 2.000000000000000000 ) ) ;
#5980 = ORIENTED_EDGE ( 'NONE', *, *, #1116, .T. ) ;
#5981 = DIRECTION ( 'NONE',  ( -0.000000000000000000, -0.000000000000000000, -1.000000000000000000 ) ) ;
#5982 = EDGE_CURVE ( 'NONE', #3158, #5919, #1000, .T. ) ;
#5983 = ORIENTED_EDGE ( 'NONE', *, *, #263, .T. ) ;
#5984 = CIRCLE ( 'NONE', #5567, 0.01089732236815230126 ) ;
#5985 = DIRECTION ( 'NONE',  ( 9.692065033857955041E-07, -0.05233595623396956192, -0.9986295347545739443 ) ) ;
#5986 = PLANE ( 'NONE',  #5283 ) ;
#5987 = AXIS2_PLACEMENT_3D ( 'NONE', #969, #490, #3846 ) ;
#5988 = VERTEX_POINT ( 'NONE', #2831 ) ;
#5989 = DIRECTION ( 'NONE',  ( -0.7071067811865512365, 0.000000000000000000, 0.7071067811865439090 ) ) ;
#5990 = EDGE_CURVE ( 'NONE', #6050, #5912, #1940, .T. ) ;
#5991 = CIRCLE ( 'NONE', #3268, 28.00000000059215566 ) ;
#5992 = ORIENTED_EDGE ( 'NONE', *, *, #3175, .F. ) ;
#5993 = CIRCLE ( 'NONE', #6187, 0.9999999999999991118 ) ;
#5994 = VECTOR ( 'NONE', #2570, 1000.000000000000114 ) ;
#5995 = AXIS2_PLACEMENT_3D ( 'NONE', #5089, #4618, #2299 ) ;
#5996 = CARTESIAN_POINT ( 'NONE',  ( 4.137252629776658530, -6.612126364177135507, 2.000000000000000000 ) ) ;
#5997 = ORIENTED_EDGE ( 'NONE', *, *, #3038, .F. ) ;
#5998 = ORIENTED_EDGE ( 'NONE', *, *, #901, .T. ) ;
#5999 = CONICAL_SURFACE ( 'NONE', #337, 0.01089732224873306982, 0.8377580409572852327 ) ;
#6000 = CIRCLE ( 'NONE', #238, 0.2999999999820663343 ) ;
#6001 = DIRECTION ( 'NONE',  ( 1.000000000000000000, 0.000000000000000000, 0.000000000000000000 ) ) ;
#6002 = VERTEX_POINT ( 'NONE', #5363 ) ;
#6003 = CARTESIAN_POINT ( 'NONE',  ( -8.799652370001714630, -12.70032349605210875, 2.000000000000000000 ) ) ;
#6004 = DIRECTION ( 'NONE',  ( -1.032228990560868672E-05, 0.7431448254065872172, -0.6691306063578793539 ) ) ;
#6005 = CARTESIAN_POINT ( 'NONE',  ( -8.499652370000005064, -12.70032002400001048, 5.500000000000000000 ) ) ;
#6006 = CARTESIAN_POINT ( 'NONE',  ( -15.50000000000000533, -4.050310395620451587, 2.000000000000000000 ) ) ;
#6007 = AXIS2_PLACEMENT_3D ( 'NONE', #4159, #5583, #1250 ) ;
#6008 = CARTESIAN_POINT ( 'NONE',  ( -6.612126364044497606, -4.137252629955518124, 2.000000000000000000 ) ) ;
#6009 = DIRECTION ( 'NONE',  ( 0.000000000000000000, 0.000000000000000000, 1.000000000000000000 ) ) ;
#6010 = AXIS2_PLACEMENT_3D ( 'NONE', #5117, #1823, #787 ) ;
#6011 = DIRECTION ( 'NONE',  ( 0.9999999998687255642, 1.620335923316948407E-05, -7.187671329851646234E-23 ) ) ;
#6012 = CARTESIAN_POINT ( 'NONE',  ( 14.48332870112989212, -15.50000000000000000, 0.4999999999999970024 ) ) ;
#6013 = EDGE_CURVE ( 'NONE', #3082, #1013, #2451, .T. ) ;
#6014 = CARTESIAN_POINT ( 'NONE',  ( 6.226056085214882962, -8.190775873571897847, 5.500000000000000000 ) ) ;
#6015 = EDGE_LOOP ( 'NONE', ( #4420, #6164, #4169, #3997 ) ) ;
#6016 = CARTESIAN_POINT ( 'NONE',  ( -8.499652223903813919, -12.71121734625769584, 5.500000000000000000 ) ) ;
#6017 = ORIENTED_EDGE ( 'NONE', *, *, #3990, .F. ) ;
#6018 = DIRECTION ( 'NONE',  ( -0.000000000000000000, -0.000000000000000000, -1.000000000000000000 ) ) ;
#6019 = ADVANCED_FACE ( 'NONE', ( #4727 ), #2768, .T. ) ;
#6020 = LINE ( 'NONE', #2210, #160 ) ;
#6021 = AXIS2_PLACEMENT_3D ( 'NONE', #2517, #3096, #3621 ) ;
#6022 = DIRECTION ( 'NONE',  ( 0.000000000000000000, 0.000000000000000000, 1.000000000000000000 ) ) ;
#6023 = CONICAL_SURFACE ( 'NONE', #2274, 0.3000000004738101467, 0.05235987755982995234 ) ;
#6024 = EDGE_LOOP ( 'NONE', ( #5803, #3105, #4469, #4729 ) ) ;
#6025 = CARTESIAN_POINT ( 'NONE',  ( -3.469446951953614189E-15, -1.387778780781445676E-14, 5.500000000000000000 ) ) ;
#6026 = ORIENTED_EDGE ( 'NONE', *, *, #764, .F. ) ;
#6027 = EDGE_LOOP ( 'NONE', ( #2456, #3347, #255, #1589 ) ) ;
#6028 = EDGE_CURVE ( 'NONE', #3139, #4880, #4385, .T. ) ;
#6029 = DIRECTION ( 'NONE',  ( 0.000000000000000000, 0.000000000000000000, 1.000000000000000000 ) ) ;
#6030 = ORIENTED_EDGE ( 'NONE', *, *, #1903, .T. ) ;
#6031 = CARTESIAN_POINT ( 'NONE',  ( -6.710897049078252685, 11.42726392697922577, 5.500000000000000000 ) ) ;
#6032 = VECTOR ( 'NONE', #5709, 1000.000000000000114 ) ;
#6033 = DIRECTION ( 'NONE',  ( -1.204144256856299301E-05, 0.7431448253798321746, -0.6691306063588650099 ) ) ;
#6034 = FACE_OUTER_BOUND ( 'NONE', #3835, .T. ) ;
#6035 = DIRECTION ( 'NONE',  ( 1.000000000000000000, 0.000000000000000000, 0.000000000000000000 ) ) ;
#6036 = DIRECTION ( 'NONE',  ( -0.000000000000000000, -0.000000000000000000, -1.000000000000000000 ) ) ;
#6037 = LINE ( 'NONE', #875, #292 ) ;
#6038 = FACE_OUTER_BOUND ( 'NONE', #5765, .T. ) ;
#6039 = LINE ( 'NONE', #1696, #1024 ) ;
#6040 = ORIENTED_EDGE ( 'NONE', *, *, #5155, .F. ) ;
#6041 = DIRECTION ( 'NONE',  ( -1.000000000000000000, 0.000000000000000000, 0.000000000000000000 ) ) ;
#6042 = ORIENTED_EDGE ( 'NONE', *, *, #4851, .F. ) ;
#6043 = EDGE_CURVE ( 'NONE', #3929, #1101, #2352, .T. ) ;
#6044 = DIRECTION ( 'NONE',  ( 1.000000000000000000, 0.000000000000000000, 0.000000000000000000 ) ) ;
#6045 = FACE_OUTER_BOUND ( 'NONE', #5023, .T. ) ;
#6046 = CARTESIAN_POINT ( 'NONE',  ( 7.191342618228681260, -9.000422222942599859, 5.500000000000000000 ) ) ;
#6047 = CARTESIAN_POINT ( 'NONE',  ( -8.499675750000003305, -10.68021935800001465, 2.000000000000000000 ) ) ;
#6048 = AXIS2_PLACEMENT_3D ( 'NONE', #2739, #1811, #811 ) ;
#6049 = EDGE_CURVE ( 'NONE', #1819, #332, #396, .T. ) ;
#6050 = VERTEX_POINT ( 'NONE', #937 ) ;
#6051 = EDGE_CURVE ( 'NONE', #2092, #349, #1463, .T. ) ;
#6052 = CARTESIAN_POINT ( 'NONE',  ( -2.800136971000003694, -5.699274774000014254, 5.400137046524544182 ) ) ;
#6053 = ORIENTED_EDGE ( 'NONE', *, *, #14, .F. ) ;
#6054 = ORIENTED_EDGE ( 'NONE', *, *, #2107, .T. ) ;
#6055 = DIRECTION ( 'NONE',  ( 0.000000000000000000, -0.9986295347545739443, 0.05233595624294390403 ) ) ;
#6056 = ADVANCED_FACE ( 'NONE', ( #4855 ), #950, .F. ) ;
#6057 = CONICAL_SURFACE ( 'NONE', #2008, 0.2999999999370737136, 0.05235987755982995234 ) ;
#6058 = ORIENTED_EDGE ( 'NONE', *, *, #949, .F. ) ;
#6059 = ADVANCED_FACE ( 'NONE', ( #523 ), #3772, .F. ) ;
#6060 = CARTESIAN_POINT ( 'NONE',  ( -6.399994330000002840, -4.349384664000013778, 5.500000000000000000 ) ) ;
#6061 = CONICAL_SURFACE ( 'NONE', #1007, 0.01089732227371222051, 0.8377580409572884523 ) ;
#6062 = CIRCLE ( 'NONE', #5350, 0.3000000001796097049 ) ;
#6063 = LINE ( 'NONE', #662, #4162 ) ;
#6064 = LINE ( 'NONE', #3708, #1072 ) ;
#6065 = CARTESIAN_POINT ( 'NONE',  ( -3.469446951953614189E-15, -1.387778780781445676E-14, 5.500000000000000000 ) ) ;
#6066 = DIRECTION ( 'NONE',  ( 0.000000000000000000, 0.000000000000000000, 1.000000000000000000 ) ) ;
#6067 = AXIS2_PLACEMENT_3D ( 'NONE', #3898, #5352, #4530 ) ;
#6068 = EDGE_CURVE ( 'NONE', #704, #654, #2982, .T. ) ;
#6069 = CARTESIAN_POINT ( 'NONE',  ( -3.469446951953614189E-15, -1.387778780781445676E-14, 5.400137046524545070 ) ) ;
#6070 = CARTESIAN_POINT ( 'NONE',  ( 3.761350740028687856, -15.21089732223600421, 5.500000000000000000 ) ) ;
#6071 = CARTESIAN_POINT ( 'NONE',  ( 7.359163850650166872, -8.109125105904830377, 4.690261607206069883 ) ) ;
#6072 = ORIENTED_EDGE ( 'NONE', *, *, #1293, .T. ) ;
#6073 = CONICAL_SURFACE ( 'NONE', #5756, 5.760897322050690939, 0.8377580409572915610 ) ;
#6074 = LINE ( 'NONE', #1350, #2950 ) ;
#6075 = ORIENTED_EDGE ( 'NONE', *, *, #1603, .T. ) ;
#6076 = CARTESIAN_POINT ( 'NONE',  ( -15.50000000000007461, -15.50000000000006573, 2.000000000000000000 ) ) ;
#6077 = DIRECTION ( 'NONE',  ( 0.5254827273076418948, 0.5254827636898795618, 0.6691306063588546849 ) ) ;
#6078 = DIRECTION ( 'NONE',  ( 1.000000000000000000, 2.780366963733653429E-11, 0.000000000000000000 ) ) ;
#6079 = EDGE_CURVE ( 'NONE', #1740, #6145, #2258, .T. ) ;
#6080 = DIRECTION ( 'NONE',  ( 1.000000000000000000, 0.000000000000000000, 0.000000000000000000 ) ) ;
#6081 = VERTEX_POINT ( 'NONE', #2000 ) ;
#6082 = CIRCLE ( 'NONE', #3241, 0.1218063679901109503 ) ;
#6083 = DIRECTION ( 'NONE',  ( -0.03700710955171626626, -0.03700710956681985825, -0.9986295347545739443 ) ) ;
#6084 = ADVANCED_FACE ( 'NONE', ( #5874 ), #1034, .T. ) ;
#6085 = ORIENTED_EDGE ( 'NONE', *, *, #3223, .T. ) ;
#6086 = ORIENTED_EDGE ( 'NONE', *, *, #4704, .F. ) ;
#6087 = AXIS2_PLACEMENT_3D ( 'NONE', #4921, #49, #2548 ) ;
#6088 = CARTESIAN_POINT ( 'NONE',  ( 3.526997508809945892, 5.593018315082433745, 5.500000000000000000 ) ) ;
#6089 = AXIS2_PLACEMENT_3D ( 'NONE', #2698, #266, #1881 ) ;
#6090 = ORIENTED_EDGE ( 'NONE', *, *, #130, .T. ) ;
#6091 = CIRCLE ( 'NONE', #1036, 0.1218063677651190502 ) ;
#6092 = CARTESIAN_POINT ( 'NONE',  ( 2.800136970999997033, 5.699274773999986721, 5.500000000000000000 ) ) ;
#6093 = VECTOR ( 'NONE', #3012, 1000.000000000000000 ) ;
#6094 = CONICAL_SURFACE ( 'NONE', #3965, 0.01089732217307484013, 0.8377580409572865650 ) ;
#6095 = ADVANCED_FACE ( 'NONE', ( #79 ), #5903, .F. ) ;
#6096 = FACE_OUTER_BOUND ( 'NONE', #970, .T. ) ;
#6097 = B_SPLINE_CURVE_WITH_KNOTS ( 'NONE', 3,
 ( #1029, #1968, #3427, #4885, #4308, #1996, #44, #516, #2959, #995 ),
 .UNSPECIFIED., .F., .F.,
 ( 4, 3, 3, 4 ),
 ( 0.0001000001521159357920, 0.0002215504883973355862, 0.001107752455420089486, 0.003504806526360787922 ),
 .UNSPECIFIED. ) ;
#6098 = DIRECTION ( 'NONE',  ( -0.000000000000000000, -0.000000000000000000, -1.000000000000000000 ) ) ;
#6099 = DIRECTION ( 'NONE',  ( 1.000000000000000000, 0.000000000000000000, 0.000000000000000000 ) ) ;
#6100 = LINE ( 'NONE', #5642, #3236 ) ;
#6101 = CARTESIAN_POINT ( 'NONE',  ( 8.021602695086253121, -9.954297248992642011, 4.393768172056301324 ) ) ;
#6102 = AXIS2_PLACEMENT_3D ( 'NONE', #2911, #1550, #4837 ) ;
#6103 = DIRECTION ( 'NONE',  ( 0.000000000000000000, 0.000000000000000000, 1.000000000000000000 ) ) ;
#6104 = CARTESIAN_POINT ( 'NONE',  ( 8.131365950999994041, -6.699994329987282171, 2.000000000000000000 ) ) ;
#6105 = DIRECTION ( 'NONE',  ( -0.000000000000000000, -0.000000000000000000, -1.000000000000000000 ) ) ;
#6106 = ORIENTED_EDGE ( 'NONE', *, *, #5949, .T. ) ;
#6107 = DIRECTION ( 'NONE',  ( -0.7071067811865440200, -8.459549885149609486E-17, -0.7071067811865511255 ) ) ;
#6108 = VECTOR ( 'NONE', #966, 999.9999999999998863 ) ;
#6109 = ORIENTED_EDGE ( 'NONE', *, *, #6256, .F. ) ;
#6110 = FACE_OUTER_BOUND ( 'NONE', #1434, .T. ) ;
#6111 = PLANE ( 'NONE',  #441 ) ;
#6112 = CARTESIAN_POINT ( 'NONE',  ( 7.900417141715677438, -12.99992741403472962, 2.000000000000000000 ) ) ;
#6113 = ORIENTED_EDGE ( 'NONE', *, *, #5436, .F. ) ;
#6114 = EDGE_LOOP ( 'NONE', ( #683, #1384, #4533, #5791 ) ) ;
#6115 = PLANE ( 'NONE',  #1512 ) ;
#6116 = ORIENTED_EDGE ( 'NONE', *, *, #3891, .F. ) ;
#6117 = ORIENTED_EDGE ( 'NONE', *, *, #444, .T. ) ;
#6118 = AXIS2_PLACEMENT_3D ( 'NONE', #4036, #4633, #1164 ) ;
#6119 = DIRECTION ( 'NONE',  ( -1.204144897892138892E-05, 0.7431448253798426107, -0.6691306063588534636 ) ) ;
#6120 = ORIENTED_EDGE ( 'NONE', *, *, #1798, .T. ) ;
#6121 = AXIS2_PLACEMENT_3D ( 'NONE', #3460, #1591, #2994 ) ;
#6122 = EDGE_CURVE ( 'NONE', #332, #3086, #352, .T. ) ;
#6123 = DIRECTION ( 'NONE',  ( -1.000000000000000000, 5.981805089575197430E-17, 0.000000000000000000 ) ) ;
#6124 = CARTESIAN_POINT ( 'NONE',  ( -6.399994330000002840, -5.439559934000014252, 2.000000000000000000 ) ) ;
#6125 = CARTESIAN_POINT ( 'NONE',  ( -8.078488363870331312, 6.219966057505117440, 5.400137046524553064 ) ) ;
#6126 = EDGE_CURVE ( 'NONE', #3158, #1819, #3192, .T. ) ;
#6127 = CARTESIAN_POINT ( 'NONE',  ( 7.986724613217663027, -9.988054518176959107, 5.319214834612833620 ) ) ;
#6128 = ADVANCED_FACE ( 'NONE', ( #3165 ), #3979, .T. ) ;
#6129 = PLANE ( 'NONE',  #3027 ) ;
#6130 = CARTESIAN_POINT ( 'NONE',  ( -8.107208050355149354, -6.308960764131475329, 5.278753497263903860 ) ) ;
#6131 = CARTESIAN_POINT ( 'NONE',  ( -4.349384663997906131, -6.410891652236014870, 5.500000000000000000 ) ) ;
#6132 = ORIENTED_EDGE ( 'NONE', *, *, #5863, .F. ) ;
#6133 = ORIENTED_EDGE ( 'NONE', *, *, #5667, .T. ) ;
#6134 = DIRECTION ( 'NONE',  ( -0.5254827454917782026, 0.5254827455057466956, 0.6691306063588525754 ) ) ;
#6135 = ORIENTED_EDGE ( 'NONE', *, *, #65, .F. ) ;
#6136 = EDGE_CURVE ( 'NONE', #2995, #3309, #5596, .T. ) ;
#6137 = DIRECTION ( 'NONE',  ( -1.849298215813395115E-05, 0.9986295345833440251, 0.05233595624294389015 ) ) ;
#6138 = ADVANCED_FACE ( 'NONE', ( #4234 ), #4686, .T. ) ;
#6139 = DIRECTION ( 'NONE',  ( -0.000000000000000000, -0.000000000000000000, -1.000000000000000000 ) ) ;
#6140 = CARTESIAN_POINT ( 'NONE',  ( -12.99971701799995039, -4.350269477213954517, 2.000000000000000000 ) ) ;
#6141 = ORIENTED_EDGE ( 'NONE', *, *, #130, .F. ) ;
#6142 = EDGE_LOOP ( 'NONE', ( #3736, #4096, #5285, #5795 ) ) ;
#6143 = AXIS2_PLACEMENT_3D ( 'NONE', #3917, #668, #4867 ) ;
#6144 = DIRECTION ( 'NONE',  ( -0.000000000000000000, -0.000000000000000000, -1.000000000000000000 ) ) ;
#6145 = VERTEX_POINT ( 'NONE', #5562 ) ;
#6146 = AXIS2_PLACEMENT_3D ( 'NONE', #5105, #1309, #776 ) ;
#6147 = CARTESIAN_POINT ( 'NONE',  ( 8.731926166470593387, -0.1407942632923938897, 2.000000000000000000 ) ) ;
#6148 = ORIENTED_EDGE ( 'NONE', *, *, #4004, .F. ) ;
#6149 = VECTOR ( 'NONE', #4724, 1000.000000000000000 ) ;
#6150 = DIRECTION ( 'NONE',  ( -1.000000000000000000, 0.000000000000000000, 0.000000000000000000 ) ) ;
#6151 = EDGE_CURVE ( 'NONE', #5404, #4563, #855, .T. ) ;
#6152 = DIRECTION ( 'NONE',  ( -0.000000000000000000, -0.000000000000000000, -1.000000000000000000 ) ) ;
#6153 = EDGE_LOOP ( 'NONE', ( #1496, #3729, #2731, #3398 ) ) ;
#6154 = VECTOR ( 'NONE', #242, 1000.000000000000000 ) ;
#6155 = DIRECTION ( 'NONE',  ( -0.000000000000000000, -0.000000000000000000, 1.000000000000000000 ) ) ;
#6156 = DIRECTION ( 'NONE',  ( 1.618148430162502784E-05, -0.9986295346234740355, 0.05233595624294391097 ) ) ;
#6157 = CARTESIAN_POINT ( 'NONE',  ( 15.48277299116755401, -14.46666666666666501, 2.000000000000000000 ) ) ;
#6158 = CARTESIAN_POINT ( 'NONE',  ( -12.71085292419166635, 4.349962459999986208, 5.500000000000000000 ) ) ;
#6159 = EDGE_LOOP ( 'NONE', ( #2806, #2875, #5470, #3827 ) ) ;
#6160 = ORIENTED_EDGE ( 'NONE', *, *, #2565, .T. ) ;
#6161 = ADVANCED_FACE ( 'NONE', ( #3696 ), #1262, .T. ) ;
#6162 = CARTESIAN_POINT ( 'NONE',  ( 8.477655575999998305, -0.3000000000000139222, 5.500000000000000000 ) ) ;
#6163 = AXIS2_PLACEMENT_3D ( 'NONE', #6060, #1778, #1193 ) ;
#6164 = ORIENTED_EDGE ( 'NONE', *, *, #3604, .T. ) ;
#6165 = EDGE_CURVE ( 'NONE', #5934, #3016, #2467, .T. ) ;
#6166 = LINE ( 'NONE', #5183, #1731 ) ;
#6167 = FACE_OUTER_BOUND ( 'NONE', #1748, .T. ) ;
#6168 = CONICAL_SURFACE ( 'NONE', #3327, 0.01089732215642236213, 0.8377580409572661369 ) ;
#6169 = CARTESIAN_POINT ( 'NONE',  ( 14.48332870112989212, -14.50000000000000000, 0.4999999999999970024 ) ) ;
#6170 = ADVANCED_FACE ( 'NONE', ( #6045 ), #2301, .T. ) ;
#6171 = ORIENTED_EDGE ( 'NONE', *, *, #4161, .T. ) ;
#6172 = ADVANCED_FACE ( 'NONE', ( #2721 ), #549, .T. ) ;
#6173 = ORIENTED_EDGE ( 'NONE', *, *, #2488, .T. ) ;
#6174 = AXIS2_PLACEMENT_3D ( 'NONE', #3064, #597, #5943 ) ;
#6175 = CONICAL_SURFACE ( 'NONE', #2640, 0.2999999995564988087, 0.05235987755982995234 ) ;
#6176 = PLANE ( 'NONE',  #4176 ) ;
#6177 = ORIENTED_EDGE ( 'NONE', *, *, #5427, .F. ) ;
#6178 = ADVANCED_FACE ( 'NONE', ( #4592, #5150 ), #3250, .F. ) ;
#6179 = CARTESIAN_POINT ( 'NONE',  ( -12.70003164975509158, 8.199931351990825235, 2.000000000000000000 ) ) ;
#6180 = VERTEX_POINT ( 'NONE', #822 ) ;
#6181 = AXIS2_PLACEMENT_3D ( 'NONE', #857, #2328, #2238 ) ;
#6182 = LINE ( 'NONE', #5764, #610 ) ;
#6183 = DIRECTION ( 'NONE',  ( -0.5254827455941064596, -0.5254827454034171064, -0.6691306063588536857 ) ) ;
#6184 = VECTOR ( 'NONE', #3160, 1000.000000000000114 ) ;
#6185 = ORIENTED_EDGE ( 'NONE', *, *, #2766, .T. ) ;
#6186 = AXIS2_PLACEMENT_3D ( 'NONE', #5405, #3944, #1438 ) ;
#6187 = AXIS2_PLACEMENT_3D ( 'NONE', #6169, #2391, #5185 ) ;
#6188 = CIRCLE ( 'NONE', #4573, 5.871806367913849023 ) ;
#6189 = CARTESIAN_POINT ( 'NONE',  ( -0.1781936318663533414, 5.863704507464034599, 5.400137046524544182 ) ) ;
#6190 = CARTESIAN_POINT ( 'NONE',  ( 5.808258325911855202, 3.735439891097392273, 2.000000000000000000 ) ) ;
#6191 = DIRECTION ( 'NONE',  ( 1.000000000000000000, 0.000000000000000000, 0.000000000000000000 ) ) ;
#6192 = CARTESIAN_POINT ( 'NONE',  ( 3.761310931976315164, -13.30009543931202209, 5.500000000000000000 ) ) ;
#6193 = ORIENTED_EDGE ( 'NONE', *, *, #5115, .T. ) ;
#6194 = FACE_OUTER_BOUND ( 'NONE', #3053, .T. ) ;
#6195 = VERTEX_POINT ( 'NONE', #4647 ) ;
#6196 = DIRECTION ( 'NONE',  ( -0.5254827636898833365, -0.5254827273076397853, -0.6691306063588534636 ) ) ;
#6197 = CIRCLE ( 'NONE', #4482, 0.1218063680832061346 ) ;
#6198 = DIRECTION ( 'NONE',  ( 1.000000000000000000, 0.000000000000000000, 0.000000000000000000 ) ) ;
#6199 = EDGE_CURVE ( 'NONE', #2237, #2267, #5184, .T. ) ;
#6200 = CARTESIAN_POINT ( 'NONE',  ( -6.399994330000002840, -5.439559934000014252, 5.500000000000000000 ) ) ;
#6201 = CARTESIAN_POINT ( 'NONE',  ( 0.8755484154247600292, -12.32515511740401593, 8.098333952031733673 ) ) ;
#6202 = AXIS2_PLACEMENT_3D ( 'NONE', #4640, #312, #2775 ) ;
#6203 = VERTEX_POINT ( 'NONE', #379 ) ;
#6204 = ORIENTED_EDGE ( 'NONE', *, *, #3078, .T. ) ;
#6205 = ADVANCED_FACE ( 'NONE', ( #6167 ), #553, .T. ) ;
#6206 = ADVANCED_FACE ( 'NONE', ( #4174 ), #6111, .F. ) ;
#6207 = DIRECTION ( 'NONE',  ( -0.03700710955629309129, 0.03700710956224303322, -0.9986295347545739443 ) ) ;
#6208 = EDGE_LOOP ( 'NONE', ( #1236, #3319, #3797, #5203 ) ) ;
#6209 = ORIENTED_EDGE ( 'NONE', *, *, #3767, .F. ) ;
#6210 = CARTESIAN_POINT ( 'NONE',  ( -12.99995560200986766, 4.349968417071295335, 2.000000000000000000 ) ) ;
#6211 = EDGE_LOOP ( 'NONE', ( #5323, #4338, #1315, #2510 ) ) ;
#6212 = ADVANCED_FACE ( 'NONE', ( #355 ), #2273, .F. ) ;
#6213 = DIRECTION ( 'NONE',  ( 0.000000000000000000, 0.000000000000000000, -1.000000000000000000 ) ) ;
#6214 = EDGE_LOOP ( 'NONE', ( #3675, #2497, #417, #1240 ) ) ;
#6215 = LINE ( 'NONE', #3362, #1861 ) ;
#6216 = AXIS2_PLACEMENT_3D ( 'NONE', #2038, #1135, #3975 ) ;
#6217 = ORIENTED_EDGE ( 'NONE', *, *, #442, .F. ) ;
#6218 = DIRECTION ( 'NONE',  ( -0.000000000000000000, -0.000000000000000000, 1.000000000000000000 ) ) ;
#6219 = CARTESIAN_POINT ( 'NONE',  ( -6.399994330000002840, 4.349384663999985356, 5.500000000000000000 ) ) ;
#6220 = DIRECTION ( 'NONE',  ( -0.9999999998687201241, -1.620369089684677670E-05, -1.054444037568150470E-22 ) ) ;
#6221 = CARTESIAN_POINT ( 'NONE',  ( -8.107012966667406673, 6.307857902473269718, 5.278753724754437826 ) ) ;
#6222 = VERTEX_POINT ( 'NONE', #2460 ) ;
#6223 = CARTESIAN_POINT ( 'NONE',  ( -7.900092866932745039, -6.220646561000013897, 2.000000000000000000 ) ) ;
#6224 = ORIENTED_EDGE ( 'NONE', *, *, #333, .T. ) ;
#6225 = DIRECTION ( 'NONE',  ( 1.000000000000000000, 0.000000000000000000, 0.000000000000000000 ) ) ;
#6226 = LINE ( 'NONE', #1882, #2662 ) ;
#6227 = DIRECTION ( 'NONE',  ( 1.000000000000000000, 0.000000000000000000, 0.000000000000000000 ) ) ;
#6228 = DIRECTION ( 'NONE',  ( -1.196361017915039486E-16, 1.000000000000000000, 0.000000000000000000 ) ) ;
#6229 = VERTEX_POINT ( 'NONE', #1045 ) ;
#6230 = ORIENTED_EDGE ( 'NONE', *, *, #1749, .T. ) ;
#6231 = ADVANCED_FACE ( 'NONE', ( #5303 ), #4863, .F. ) ;
#6232 = EDGE_LOOP ( 'NONE', ( #22, #2909, #144, #5099 ) ) ;
#6233 = DIRECTION ( 'NONE',  ( 1.000000000000000000, 0.000000000000000000, 0.000000000000000000 ) ) ;
#6234 = ORIENTED_EDGE ( 'NONE', *, *, #4667, .F. ) ;
#6235 = ORIENTED_EDGE ( 'NONE', *, *, #2290, .F. ) ;
#6236 = EDGE_CURVE ( 'NONE', #744, #2878, #4593, .T. ) ;
#6237 = CARTESIAN_POINT ( 'NONE',  ( 5.885312744559513476, 3.534703078999986037, 2.000000000000000000 ) ) ;
#6238 = ORIENTED_EDGE ( 'NONE', *, *, #3145, .T. ) ;
#6239 = ADVANCED_FACE ( 'NONE', ( #3439 ), #5846, .F. ) ;
#6240 = CARTESIAN_POINT ( 'NONE',  ( 8.112482766504088616, -9.867723575838326155, 2.000000000000000000 ) ) ;
#6241 = ORIENTED_EDGE ( 'NONE', *, *, #839, .F. ) ;
#6242 = ADVANCED_FACE ( 'NONE', ( #3403 ), #120, .T. ) ;
#6243 = DIRECTION ( 'NONE',  ( -6.261269789256226676E-18, 0.05233595624979546501, -0.9986295347542147871 ) ) ;
#6244 = ORIENTED_EDGE ( 'NONE', *, *, #1594, .T. ) ;
#6245 = EDGE_CURVE ( 'NONE', #3630, #5332, #3985, .T. ) ;
#6246 = VECTOR ( 'NONE', #4753, 1000.000000000000000 ) ;
#6247 = CARTESIAN_POINT ( 'NONE',  ( 2.667847035151141633, -5.430017697746401417, 2.000000000000000000 ) ) ;
#6248 = CARTESIAN_POINT ( 'NONE',  ( -5.699274774000003596, -2.800136971000014352, 5.500000000000000000 ) ) ;
#6249 = DIRECTION ( 'NONE',  ( 2.083280424562703126E-05, -0.9999999997829970289, -0.000000000000000000 ) ) ;
#6250 = PLANE ( 'NONE',  #5362 ) ;
#6251 = ORIENTED_EDGE ( 'NONE', *, *, #2664, .F. ) ;
#6252 = DIRECTION ( 'NONE',  ( -0.7431448253798423886, -1.204146095693330078E-05, 0.6691306063588532416 ) ) ;
#6253 = ORIENTED_EDGE ( 'NONE', *, *, #5782, .F. ) ;
#6254 = DIRECTION ( 'NONE',  ( -1.000000000000000000, 0.000000000000000000, 0.000000000000000000 ) ) ;
#6255 = LINE ( 'NONE', #4320, #5929 ) ;
#6256 = EDGE_CURVE ( 'NONE', #6261, #4352, #5815, .T. ) ;
#6257 = CONICAL_SURFACE ( 'NONE', #2114, 0.3000000000916357989, 0.05235987755982995234 ) ;
#6258 = CARTESIAN_POINT ( 'NONE',  ( 4.349384664008891122, -6.521800697944884817, 5.400137046524544182 ) ) ;
#6259 = DIRECTION ( 'NONE',  ( 1.000000000000000000, -1.472343906519753023E-15, 0.000000000000000000 ) ) ;
#6260 = DIRECTION ( 'NONE',  ( -1.000000000000000000, 0.000000000000000000, 0.000000000000000000 ) ) ;
#6261 = VERTEX_POINT ( 'NONE', #1573 ) ;
#6262 = DIRECTION ( 'NONE',  ( 0.000000000000000000, 0.000000000000000000, 1.000000000000000000 ) ) ;
#6263 = ORIENTED_EDGE ( 'NONE', *, *, #4084, .F. ) ;
ENDSEC;
END-ISO-10303-21;
