ISO-10303-21;
HEADER;
FILE_DESCRIPTION (( 'STEP AP214' ),
    '1' );
FILE_NAME ('Tampa_Perfil_2020_V.STEP',
    '2025-06-15T04:20:37',
    ( '' ),
    ( '' ),
    'SwSTEP 2.0',
    'SolidWorks 2024',
    '' );
FILE_SCHEMA (( 'AUTOMOTIVE_DESIGN' ));
ENDSEC;

DATA;
#1 = LINE ( 'NONE', #1566, #3132 ) ;
#2 = VECTOR ( 'NONE', #1454, 1000.000000000000000 ) ;
#3 = DIRECTION ( 'NONE',  ( 0.000000000000000000, -0.000000000000000000, -1.000000000000000000 ) ) ;
#4 = ORIENTED_EDGE ( 'NONE', *, *, #37, .T. ) ;
#5 = DIRECTION ( 'NONE',  ( -0.000000000000000000, -0.000000000000000000, -1.000000000000000000 ) ) ;
#6 = DIRECTION ( 'NONE',  ( -1.000000000000000000, -0.000000000000000000, -0.000000000000000000 ) ) ;
#7 = EDGE_LOOP ( 'NONE', ( #2245, #1047, #460, #117 ) ) ;
#8 = FACE_OUTER_BOUND ( 'NONE', #68, .T. ) ;
#9 = ADVANCED_FACE ( 'NONE', ( #1565 ), #2882, .T. ) ;
#10 = LINE ( 'NONE', #545, #655 ) ;
#11 = CARTESIAN_POINT ( 'NONE',  ( 6.636638217114414928, -5.321806368134016196, 5.400137046524542406 ) ) ;
#12 = CARTESIAN_POINT ( 'NONE',  ( 2.999999999999224176, -8.200000000000096989, 2.000000000000000000 ) ) ;
#13 = ADVANCED_FACE ( 'NONE', ( #1783 ), #1853, .T. ) ;
#14 = ORIENTED_EDGE ( 'NONE', *, *, #2836, .T. ) ;
#15 = AXIS2_PLACEMENT_3D ( 'NONE', #2042, #690, #2795 ) ;
#16 = VECTOR ( 'NONE', #1818, 1000.000000000000114 ) ;
#17 = VERTEX_POINT ( 'NONE', #2901 ) ;
#18 = PRESENTATION_STYLE_ASSIGNMENT (( #2142 ) ) ;
#19 = ORIENTED_EDGE ( 'NONE', *, *, #3216, .F. ) ;
#20 = DIRECTION ( 'NONE',  ( 0.7061377159181214669, -0.7061377159181311258, 0.05233595624294395260 ) ) ;
#21 = CARTESIAN_POINT ( 'NONE',  ( -5.499999999999994671, 6.560660171779825411, 2.000000000000000000 ) ) ;
#22 = ORIENTED_EDGE ( 'NONE', *, *, #663, .T. ) ;
#23 = DIRECTION ( 'NONE',  ( -0.7061377159181262408, -0.7061377159181264629, 0.05233595624294395954 ) ) ;
#24 = AXIS2_PLACEMENT_3D ( 'NONE', #1184, #1680, #406 ) ;
#25 = EDGE_CURVE ( 'NONE', #2653, #1815, #2827, .T. ) ;
#26 = DIRECTION ( 'NONE',  ( 0.7061377159181254637, 0.7061377159181271290, 0.05233595624294394566 ) ) ;
#27 = VERTEX_POINT ( 'NONE', #1285 ) ;
#28 = FACE_OUTER_BOUND ( 'NONE', #1489, .T. ) ;
#29 = VECTOR ( 'NONE', #3009, 1000.000000000000000 ) ;
#30 = LINE ( 'NONE', #1089, #2291 ) ;
#31 = CARTESIAN_POINT ( 'NONE',  ( -5.499999999999994671, 8.200000000000009948, 2.000000000000000000 ) ) ;
#32 = DIRECTION ( 'NONE',  ( 0.7061377159181263519, 0.7061377159181263519, 0.05233595624294395260 ) ) ;
#33 = EDGE_LOOP ( 'NONE', ( #3005, #1387, #1946, #1657 ) ) ;
#34 = CARTESIAN_POINT ( 'NONE',  ( -9.999999999999989342, -8.499999999999989342, 0.000000000000000000 ) ) ;
#35 = CARTESIAN_POINT ( 'NONE',  ( -10.32883589508169209, 5.153207827961215237, 1.671164104918303694 ) ) ;
#36 = ORIENTED_EDGE ( 'NONE', *, *, #2448, .F. ) ;
#37 = EDGE_CURVE ( 'NONE', #1059, #1063, #1582, .T. ) ;
#38 = FACE_OUTER_BOUND ( 'NONE', #56, .T. ) ;
#39 = ORIENTED_EDGE ( 'NONE', *, *, #2131, .F. ) ;
#40 = PLANE ( 'NONE',  #966 ) ;
#41 = EDGE_CURVE ( 'NONE', #589, #112, #2846, .T. ) ;
#42 = CARTESIAN_POINT ( 'NONE',  ( 8.200000000000102318, 3.000000000000217604, 2.000000000000000000 ) ) ;
#43 = ORIENTED_EDGE ( 'NONE', *, *, #2194, .F. ) ;
#44 = DIRECTION ( 'NONE',  ( 0.000000000000000000, 0.000000000000000000, -1.000000000000000000 ) ) ;
#45 = CARTESIAN_POINT ( 'NONE',  ( 6.680410421827518874, -5.210897322236372808, 5.500000000000000000 ) ) ;
#46 = VECTOR ( 'NONE', #878, 1000.000000000000114 ) ;
#47 = CARTESIAN_POINT ( 'NONE',  ( 2.999999999999224176, -8.200000000000096989, 2.000000000000000000 ) ) ;
#48 = PLANE ( 'NONE',  #1474 ) ;
#49 = VECTOR ( 'NONE', #2164, 1000.000000000000000 ) ;
#50 = ORIENTED_EDGE ( 'NONE', *, *, #786, .T. ) ;
#51 = VECTOR ( 'NONE', #819, 1000.000000000000114 ) ;
#52 = VECTOR ( 'NONE', #1628, 1000.000000000000000 ) ;
#53 = LINE ( 'NONE', #842, #1025 ) ;
#54 = CARTESIAN_POINT ( 'NONE',  ( 5.499999999999998224, 8.200000000000009948, 2.000000000000000000 ) ) ;
#55 = ADVANCED_FACE ( 'NONE', ( #2073 ), #3116, .T. ) ;
#56 = EDGE_LOOP ( 'NONE', ( #2844, #1605, #164, #237 ) ) ;
#57 = LINE ( 'NONE', #2372, #2834 ) ;
#58 = EDGE_CURVE ( 'NONE', #368, #2554, #1730, .T. ) ;
#59 = ORIENTED_EDGE ( 'NONE', *, *, #2088, .T. ) ;
#60 = LINE ( 'NONE', #2423, #29 ) ;
#61 = ADVANCED_FACE ( 'NONE', ( #2436 ), #2760, .T. ) ;
#62 = DIRECTION ( 'NONE',  ( -0.7071067811865474617, -0.7071067811865474617, 0.000000000000000000 ) ) ;
#63 = EDGE_LOOP ( 'NONE', ( #1737, #418, #1069, #3337 ) ) ;
#64 = LINE ( 'NONE', #3162, #3190 ) ;
#65 = CARTESIAN_POINT ( 'NONE',  ( 6.711362044607641408, -5.241848945016496231, 5.500000000000000000 ) ) ;
#66 = CARTESIAN_POINT ( 'NONE',  ( 8.500000000000003553, -8.500000000000003553, 1.499999999999999112 ) ) ;
#67 = DIRECTION ( 'NONE',  ( 1.000000000000000000, 0.000000000000000000, 0.000000000000000000 ) ) ;
#68 = EDGE_LOOP ( 'NONE', ( #1116, #3013, #2367, #3379 ) ) ;
#69 = VECTOR ( 'NONE', #1249, 1000.000000000000114 ) ;
#70 = DIRECTION ( 'NONE',  ( -0.000000000000000000, -1.000000000000000000, -0.000000000000000000 ) ) ;
#71 = FACE_OUTER_BOUND ( 'NONE', #63, .T. ) ;
#72 = ORIENTED_EDGE ( 'NONE', *, *, #2858, .F. ) ;
#73 = AXIS2_PLACEMENT_3D ( 'NONE', #2202, #3043, #1235 ) ;
#74 = LINE ( 'NONE', #2856, #2623 ) ;
#75 = EDGE_CURVE ( 'NONE', #2556, #3176, #936, .T. ) ;
#76 = EDGE_CURVE ( 'NONE', #1840, #2969, #1971, .T. ) ;
#77 = ORIENTED_EDGE ( 'NONE', *, *, #1480, .F. ) ;
#78 = CARTESIAN_POINT ( 'NONE',  ( -8.200000000000017053, 2.999999999999950706, 2.000000000000000000 ) ) ;
#79 = CARTESIAN_POINT ( 'NONE',  ( -8.499999999999984013, 10.50000000000000000, 1.499999999999999112 ) ) ;
#80 = EDGE_LOOP ( 'NONE', ( #2525, #2311, #1293, #881 ) ) ;
#81 = AXIS2_PLACEMENT_3D ( 'NONE', #1125, #284, #1072 ) ;
#82 = CARTESIAN_POINT ( 'NONE',  ( -8.499999999999984013, -10.50000000000000355, 0.5000000000000038858 ) ) ;
#83 = DIRECTION ( 'NONE',  ( 0.07391306246704730520, -0.000000000000000000, -0.9972646886342373396 ) ) ;
#84 = CARTESIAN_POINT ( 'NONE',  ( -8.200000000000017053, 2.999999999999949818, 2.000000000000000000 ) ) ;
#85 = FACE_OUTER_BOUND ( 'NONE', #2582, .T. ) ;
#86 = EDGE_LOOP ( 'NONE', ( #1764, #3228, #2533, #1001 ) ) ;
#87 = FACE_OUTER_BOUND ( 'NONE', #1204, .T. ) ;
#88 = DIRECTION ( 'NONE',  ( 0.1253535423003575011, 0.05192313731231752022, -0.9907524803120094647 ) ) ;
#89 = EDGE_LOOP ( 'NONE', ( #891, #2071, #984, #1157 ) ) ;
#90 = EDGE_CURVE ( 'NONE', #2007, #3362, #3019, .T. ) ;
#91 = CARTESIAN_POINT ( 'NONE',  ( -8.499999999999984013, 10.50000000000000000, 1.499999999999999112 ) ) ;
#92 = ORIENTED_EDGE ( 'NONE', *, *, #1750, .F. ) ;
#93 = CARTESIAN_POINT ( 'NONE',  ( 5.153207827961255205, 10.32883589508169742, 1.671164104918303694 ) ) ;
#94 = EDGE_CURVE ( 'NONE', #1149, #3362, #2487, .T. ) ;
#95 = CARTESIAN_POINT ( 'NONE',  ( 8.500000000000003553, -8.500000000000003553, 0.5000000000000038858 ) ) ;
#96 = VERTEX_POINT ( 'NONE', #2208 ) ;
#97 = LINE ( 'NONE', #1917, #1991 ) ;
#98 = VECTOR ( 'NONE', #1569, 1000.000000000000000 ) ;
#99 = DIRECTION ( 'NONE',  ( -0.02167317085207510693, -0.05232366301070896786, -0.9983949659099640161 ) ) ;
#100 = DIRECTION ( 'NONE',  ( -0.000000000000000000, 0.6691306063588621234, -0.7431448254773908024 ) ) ;
#101 = ORIENTED_EDGE ( 'NONE', *, *, #516, .F. ) ;
#102 = DIRECTION ( 'NONE',  ( -0.07391306246704736072, 0.000000000000000000, -0.9972646886342372285 ) ) ;
#103 = EDGE_CURVE ( 'NONE', #1395, #1163, #1954, .T. ) ;
#104 = VECTOR ( 'NONE', #2489, 1000.000000000000000 ) ;
#105 = AXIS2_PLACEMENT_3D ( 'NONE', #495, #1004, #3333 ) ;
#106 = CARTESIAN_POINT ( 'NONE',  ( -5.133436787987177397, -10.43100725859187250, 3.316459929269633289 ) ) ;
#107 = AXIS2_PLACEMENT_3D ( 'NONE', #723, #3343, #2029 ) ;
#108 = EDGE_LOOP ( 'NONE', ( #1983, #2341, #1444, #1244 ) ) ;
#109 = ORIENTED_EDGE ( 'NONE', *, *, #693, .F. ) ;
#110 = FACE_OUTER_BOUND ( 'NONE', #2023, .T. ) ;
#111 = PLANE ( 'NONE',  #1705 ) ;
#112 = VERTEX_POINT ( 'NONE', #2471 ) ;
#113 = CARTESIAN_POINT ( 'NONE',  ( -4.178193631866355950, -2.865529609172660752, 5.400137046524545958 ) ) ;
#114 = VECTOR ( 'NONE', #227, 1000.000000000000227 ) ;
#115 = CARTESIAN_POINT ( 'NONE',  ( 8.499999999999989342, -10.00000000000000533, 2.000000000000000000 ) ) ;
#116 = LINE ( 'NONE', #920, #1310 ) ;
#117 = ORIENTED_EDGE ( 'NONE', *, *, #2386, .F. ) ;
#118 = DIRECTION ( 'NONE',  ( 0.000000000000000000, -1.000000000000000000, 0.000000000000000000 ) ) ;
#119 = EDGE_CURVE ( 'NONE', #1005, #147, #907, .T. ) ;
#120 = EDGE_CURVE ( 'NONE', #1096, #96, #508, .T. ) ;
#121 = ADVANCED_FACE ( 'NONE', ( #409 ), #1456, .F. ) ;
#122 = CARTESIAN_POINT ( 'NONE',  ( -8.499999999999996447, 8.500000000000000000, 2.000000000000000000 ) ) ;
#123 = ORIENTED_EDGE ( 'NONE', *, *, #304, .T. ) ;
#124 = ORIENTED_EDGE ( 'NONE', *, *, #3151, .T. ) ;
#125 = PLANE ( 'NONE',  #2535 ) ;
#126 = VECTOR ( 'NONE', #2670, 1000.000000000000114 ) ;
#127 = CARTESIAN_POINT ( 'NONE',  ( -8.499999999999984013, -10.50000000000000355, 2.000000000000000000 ) ) ;
#128 = EDGE_LOOP ( 'NONE', ( #2591, #207, #1760, #1568, #1036, #2885 ) ) ;
#129 = FACE_OUTER_BOUND ( 'NONE', #1844, .T. ) ;
#130 = ADVANCED_FACE ( 'NONE', ( #87 ), #2223, .T. ) ;
#131 = DIRECTION ( 'NONE',  ( -1.000000000000000000, 0.000000000000000000, 0.000000000000000000 ) ) ;
#132 = CARTESIAN_POINT ( 'NONE',  ( -8.499999999999984013, -10.50000000000000355, 1.499999999999999112 ) ) ;
#133 = ORIENTED_EDGE ( 'NONE', *, *, #1261, .T. ) ;
#134 = DIRECTION ( 'NONE',  ( -0.000000000000000000, -1.000000000000000000, -0.000000000000000000 ) ) ;
#135 = VECTOR ( 'NONE', #2967, 1000.000000000000000 ) ;
#136 = CARTESIAN_POINT ( 'NONE',  ( 5.133436787987144534, 10.43100725859186362, 3.316459929269733209 ) ) ;
#137 = VERTEX_POINT ( 'NONE', #1187 ) ;
#138 = ORIENTED_EDGE ( 'NONE', *, *, #3053, .F. ) ;
#139 = FACE_OUTER_BOUND ( 'NONE', #2505, .T. ) ;
#140 = EDGE_CURVE ( 'NONE', #2422, #1554, #343, .T. ) ;
#141 = EDGE_LOOP ( 'NONE', ( #623, #1561, #2262, #400 ) ) ;
#142 = CARTESIAN_POINT ( 'NONE',  ( 4.602044394423752571, 10.21089732223600599, 5.500000000000000000 ) ) ;
#143 = EDGE_CURVE ( 'NONE', #3286, #1211, #1404, .T. ) ;
#144 = DIRECTION ( 'NONE',  ( 0.05232366301070896092, 0.02167317085207508959, -0.9983949659099640161 ) ) ;
#145 = LINE ( 'NONE', #3264, #952 ) ;
#146 = LINE ( 'NONE', #2306, #3229 ) ;
#147 = VERTEX_POINT ( 'NONE', #393 ) ;
#148 = DIRECTION ( 'NONE',  ( -1.000000000000000000, 0.000000000000000000, 0.000000000000000000 ) ) ;
#149 = CARTESIAN_POINT ( 'NONE',  ( -4.289102677764002003, 0.000000000000000000, 5.500000000000000000 ) ) ;
#150 = DIRECTION ( 'NONE',  ( 3.122502256757930915E-14, 1.000000000000000000, 0.000000000000000000 ) ) ;
#151 = AXIS2_PLACEMENT_3D ( 'NONE', #1509, #914, #2316 ) ;
#152 = ORIENTED_EDGE ( 'NONE', *, *, #2203, .T. ) ;
#153 = CONICAL_SURFACE ( 'NONE', #432, 2.000000000000000000, 0.7853981633974517207 ) ;
#154 = ORIENTED_EDGE ( 'NONE', *, *, #412, .T. ) ;
#155 = DIRECTION ( 'NONE',  ( -0.000000000000000000, -1.000000000000000000, -0.000000000000000000 ) ) ;
#156 = EDGE_CURVE ( 'NONE', #368, #1953, #2986, .T. ) ;
#157 = EDGE_CURVE ( 'NONE', #2239, #1455, #3239, .T. ) ;
#158 = VECTOR ( 'NONE', #375, 1000.000000000000000 ) ;
#159 = EDGE_CURVE ( 'NONE', #2022, #719, #2724, .T. ) ;
#160 = ORIENTED_EDGE ( 'NONE', *, *, #3358, .T. ) ;
#161 = DIRECTION ( 'NONE',  ( 0.000000000000000000, -0.05233595624294395260, 0.9986295347545739443 ) ) ;
#162 = CARTESIAN_POINT ( 'NONE',  ( 5.495522027847020041, -8.195522027847120583, 2.085444798734809702 ) ) ;
#163 = FACE_OUTER_BOUND ( 'NONE', #2949, .T. ) ;
#164 = ORIENTED_EDGE ( 'NONE', *, *, #2521, .F. ) ;
#165 = CARTESIAN_POINT ( 'NONE',  ( -8.200000000000002842, -3.000000000000023981, 2.000000000000000000 ) ) ;
#166 = VECTOR ( 'NONE', #3330, 1000.000000000000000 ) ;
#167 = PLANE ( 'NONE',  #1243 ) ;
#168 = ORIENTED_EDGE ( 'NONE', *, *, #2628, .T. ) ;
#169 = ORIENTED_EDGE ( 'NONE', *, *, #1003, .T. ) ;
#170 = ORIENTED_EDGE ( 'NONE', *, *, #276, .T. ) ;
#171 = DIRECTION ( 'NONE',  ( 1.000000000000000000, 0.000000000000000000, 0.000000000000000000 ) ) ;
#172 = DIRECTION ( 'NONE',  ( -1.000000000000000000, 0.000000000000000000, 0.000000000000000000 ) ) ;
#173 = ADVANCED_FACE ( 'NONE', ( #650 ), #2741, .F. ) ;
#174 = VECTOR ( 'NONE', #2368, 1000.000000000000000 ) ;
#175 = ORIENTED_EDGE ( 'NONE', *, *, #2907, .F. ) ;
#176 = LINE ( 'NONE', #1253, #1882 ) ;
#177 = VECTOR ( 'NONE', #419, 1000.000000000000000 ) ;
#178 = DIRECTION ( 'NONE',  ( 0.7071067811865474617, -0.7071067811865474617, -0.000000000000000000 ) ) ;
#179 = LINE ( 'NONE', #3296, #166 ) ;
#180 = ORIENTED_EDGE ( 'NONE', *, *, #637, .F. ) ;
#181 = CARTESIAN_POINT ( 'NONE',  ( -10.31287206155342595, -4.860868210639509357, 5.400137046524545958 ) ) ;
#182 = EDGE_CURVE ( 'NONE', #2420, #2778, #2805, .T. ) ;
#183 = DIRECTION ( 'NONE',  ( 1.000000000000000000, -0.000000000000000000, -0.000000000000000000 ) ) ;
#184 = EDGE_LOOP ( 'NONE', ( #3285, #732, #866, #436 ) ) ;
#185 = VECTOR ( 'NONE', #2851, 1000.000000000000227 ) ;
#186 = ORIENTED_EDGE ( 'NONE', *, *, #3218, .T. ) ;
#187 = FACE_OUTER_BOUND ( 'NONE', #2734, .T. ) ;
#188 = ORIENTED_EDGE ( 'NONE', *, *, #2296, .T. ) ;
#189 = LINE ( 'NONE', #2780, #2149 ) ;
#190 = EDGE_CURVE ( 'NONE', #17, #2523, #3099, .T. ) ;
#191 = ORIENTED_EDGE ( 'NONE', *, *, #2293, .T. ) ;
#192 = DIRECTION ( 'NONE',  ( 0.05192313731231752716, 0.1253535423003574456, -0.9907524803120094647 ) ) ;
#193 = LINE ( 'NONE', #1485, #2 ) ;
#194 = ORIENTED_EDGE ( 'NONE', *, *, #2768, .T. ) ;
#195 = CARTESIAN_POINT ( 'NONE',  ( 10.50000000000000355, -5.300000000000817835, 2.000000000000000000 ) ) ;
#196 = EDGE_CURVE ( 'NONE', #2349, #2420, #2551, .T. ) ;
#197 = CARTESIAN_POINT ( 'NONE',  ( 8.021806368133752585, 2.569802517219955895, 5.400137046524544182 ) ) ;
#198 = ORIENTED_EDGE ( 'NONE', *, *, #2836, .F. ) ;
#199 = EDGE_CURVE ( 'NONE', #2406, #345, #1205, .T. ) ;
#200 = ADVANCED_FACE ( 'NONE', ( #3332 ), #1791, .F. ) ;
#201 = ORIENTED_EDGE ( 'NONE', *, *, #1246, .T. ) ;
#202 = FACE_OUTER_BOUND ( 'NONE', #128, .T. ) ;
#203 = EDGE_LOOP ( 'NONE', ( #2476, #3244, #101, #351 ) ) ;
#204 = DIRECTION ( 'NONE',  ( -0.7102565944319750857, 0.2941979141786470464, 0.6395179101157576484 ) ) ;
#205 = AXIS2_PLACEMENT_3D ( 'NONE', #1191, #620, #2224 ) ;
#206 = AXIS2_PLACEMENT_3D ( 'NONE', #1567, #1115, #607 ) ;
#207 = ORIENTED_EDGE ( 'NONE', *, *, #946, .T. ) ;
#208 = DIRECTION ( 'NONE',  ( 1.000000000000000000, 0.000000000000000000, 0.000000000000000000 ) ) ;
#209 = VECTOR ( 'NONE', #2657, 1000.000000000000000 ) ;
#210 = VECTOR ( 'NONE', #2397, 1000.000000000000000 ) ;
#211 = CARTESIAN_POINT ( 'NONE',  ( -8.499999999999984013, 9.999999999999992895, 0.000000000000000000 ) ) ;
#212 = DIRECTION ( 'NONE',  ( -0.4731467892558093857, 0.4731467892558158250, -0.7431448254773973527 ) ) ;
#213 = ORIENTED_EDGE ( 'NONE', *, *, #3342, .T. ) ;
#214 = LINE ( 'NONE', #2049, #3247 ) ;
#215 = CARTESIAN_POINT ( 'NONE',  ( 0.000000000000000000, -7.910897322236103868, 5.500000000000000000 ) ) ;
#216 = VERTEX_POINT ( 'NONE', #2290 ) ;
#217 = ADVANCED_FACE ( 'NONE', ( #3079 ), #761, .T. ) ;
#218 = VECTOR ( 'NONE', #1897, 1000.000000000000000 ) ;
#219 = VERTEX_POINT ( 'NONE', #967 ) ;
#220 = CARTESIAN_POINT ( 'NONE',  ( -8.499999999999996447, -8.500000000000003553, 2.000000000000000000 ) ) ;
#221 = EDGE_LOOP ( 'NONE', ( #1482, #2348, #1308, #1654 ) ) ;
#222 = DIRECTION ( 'NONE',  ( 0.000000000000000000, -1.000000000000000000, 0.000000000000000000 ) ) ;
#223 = ORIENTED_EDGE ( 'NONE', *, *, #2577, .T. ) ;
#224 = DIRECTION ( 'NONE',  ( 0.3618073217592048252, 0.8734801431569482189, 0.3257727757685536796 ) ) ;
#225 = AXIS2_PLACEMENT_3D ( 'NONE', #929, #1994, #2542 ) ;
#226 = DIRECTION ( 'NONE',  ( 0.000000000000000000, 1.000000000000000000, 0.000000000000000000 ) ) ;
#227 = DIRECTION ( 'NONE',  ( 0.05192313731231860963, -0.1253535423003661331, -0.9907524803120082435 ) ) ;
#228 = ORIENTED_EDGE ( 'NONE', *, *, #944, .T. ) ;
#229 = VECTOR ( 'NONE', #2019, 1000.000000000000000 ) ;
#230 = PLANE ( 'NONE',  #2095 ) ;
#231 = EDGE_CURVE ( 'NONE', #1953, #1601, #3367, .T. ) ;
#232 = AXIS2_PLACEMENT_3D ( 'NONE', #2511, #488, #454 ) ;
#233 = LINE ( 'NONE', #1831, #1138 ) ;
#234 = DIRECTION ( 'NONE',  ( 0.000000000000000000, 0.000000000000000000, 1.000000000000000000 ) ) ;
#235 = UNCERTAINTY_MEASURE_WITH_UNIT (LENGTH_MEASURE( 1.000000000000000082E-05 ), #2285, 'distance_accuracy_value', 'NONE');
#236 = ORIENTED_EDGE ( 'NONE', *, *, #2400, .T. ) ;
#237 = ORIENTED_EDGE ( 'NONE', *, *, #3243, .F. ) ;
#238 = LINE ( 'NONE', #2811, #3069 ) ;
#239 = ORIENTED_EDGE ( 'NONE', *, *, #875, .T. ) ;
#240 = CARTESIAN_POINT ( 'NONE',  ( 0.7347565497955715896, 0.7347565497955718117, 5.500000000000000000 ) ) ;
#241 = DIRECTION ( 'NONE',  ( -0.7071067811865491270, 0.000000000000000000, -0.7071067811865460184 ) ) ;
#242 = VERTEX_POINT ( 'NONE', #2036 ) ;
#243 = CARTESIAN_POINT ( 'NONE',  ( -2.939339828220175921, 4.000000000000007105, 2.000000000000000000 ) ) ;
#244 = ADVANCED_FACE ( 'NONE', ( #2256 ), #230, .T. ) ;
#245 = DIRECTION ( 'NONE',  ( 0.02167317085207510693, -0.05232366301070895398, -0.9983949659099640161 ) ) ;
#246 = CARTESIAN_POINT ( 'NONE',  ( 10.39129660000258681, -4.782443672191153183, 5.500000000000000000 ) ) ;
#247 = ORIENTED_EDGE ( 'NONE', *, *, #156, .F. ) ;
#248 = CARTESIAN_POINT ( 'NONE',  ( -8.499999999999987566, -9.999999999999996447, 0.000000000000000000 ) ) ;
#249 = LINE ( 'NONE', #1295, #539 ) ;
#250 = LINE ( 'NONE', #2933, #818 ) ;
#251 = EDGE_LOOP ( 'NONE', ( #2365, #1593, #2388, #931 ) ) ;
#252 = ORIENTED_EDGE ( 'NONE', *, *, #2088, .F. ) ;
#253 = CARTESIAN_POINT ( 'NONE',  ( 5.210897322236004214, -7.910897322236103868, 5.500000000000000000 ) ) ;
#254 = DIRECTION ( 'NONE',  ( 0.05233595624294395260, 0.000000000000000000, -0.9986295347545739443 ) ) ;
#255 = CARTESIAN_POINT ( 'NONE',  ( -7.910897322236019491, 0.000000000000000000, 5.500000000000000000 ) ) ;
#256 = DIRECTION ( 'NONE',  ( -0.000000000000000000, -0.000000000000000000, 1.000000000000000000 ) ) ;
#257 = ORIENTED_EDGE ( 'NONE', *, *, #90, .T. ) ;
#258 = EDGE_CURVE ( 'NONE', #2420, #587, #3094, .T. ) ;
#259 = LINE ( 'NONE', #2596, #2010 ) ;
#260 = EDGE_CURVE ( 'NONE', #137, #2538, #1518, .T. ) ;
#261 = VECTOR ( 'NONE', #1667, 1000.000000000000000 ) ;
#262 = EDGE_CURVE ( 'NONE', #2538, #2626, #214, .T. ) ;
#263 = CARTESIAN_POINT ( 'NONE',  ( 0.000000000000000000, 0.000000000000000000, 0.000000000000000000 ) ) ;
#264 = DIRECTION ( 'NONE',  ( -0.000000000000000000, -1.000000000000000000, -0.000000000000000000 ) ) ;
#265 = ORIENTED_EDGE ( 'NONE', *, *, #2430, .T. ) ;
#266 = VECTOR ( 'NONE', #1839, 1000.000000000000000 ) ;
#267 = DIRECTION ( 'NONE',  ( 0.000000000000000000, 0.6691306063588650099, 0.7431448254773881379 ) ) ;
#268 = CARTESIAN_POINT ( 'NONE',  ( 6.560660171779361782, 5.499999999999262812, 2.000000000000000000 ) ) ;
#269 = FACE_OUTER_BOUND ( 'NONE', #794, .T. ) ;
#270 = DIRECTION ( 'NONE',  ( 0.7071067811865474617, -0.7071067811865475727, 0.000000000000000000 ) ) ;
#271 = ORIENTED_EDGE ( 'NONE', *, *, #2736, .F. ) ;
#272 = ORIENTED_EDGE ( 'NONE', *, *, #2355, .F. ) ;
#273 = DIRECTION ( 'NONE',  ( -0.05192313731231754798, 0.1253535423003572791, -0.9907524803120095758 ) ) ;
#274 = ORIENTED_EDGE ( 'NONE', *, *, #2203, .F. ) ;
#275 = DIRECTION ( 'NONE',  ( 0.000000000000000000, -1.000000000000000000, 0.000000000000000000 ) ) ;
#276 = EDGE_CURVE ( 'NONE', #1211, #3312, #494, .T. ) ;
#277 = FACE_OUTER_BOUND ( 'NONE', #251, .T. ) ;
#278 = ORIENTED_EDGE ( 'NONE', *, *, #2065, .F. ) ;
#279 = LINE ( 'NONE', #296, #3317 ) ;
#280 = CARTESIAN_POINT ( 'NONE',  ( 10.50000000000000355, -8.499999999999989342, 1.499999999999999112 ) ) ;
#281 = ORIENTED_EDGE ( 'NONE', *, *, #1774, .F. ) ;
#282 = CARTESIAN_POINT ( 'NONE',  ( -10.49999999999999645, -5.299999999999987388, 2.000000000000000000 ) ) ;
#283 = CARTESIAN_POINT ( 'NONE',  ( 2.865529609172618564, -4.178193631866343516, 5.400137046524545958 ) ) ;
#284 = DIRECTION ( 'NONE',  ( -0.6691306063588720043, 2.089361828421380624E-14, -0.7431448254773818096 ) ) ;
#285 = DIRECTION ( 'NONE',  ( 0.4731467892558197663, 0.4731467892558197108, 0.7431448254773882489 ) ) ;
#286 = ORIENTED_EDGE ( 'NONE', *, *, #1011, .F. ) ;
#287 = AXIS2_PLACEMENT_3D ( 'NONE', #1438, #1239, #2788 ) ;
#288 = EDGE_CURVE ( 'NONE', #1085, #1778, #1277, .T. ) ;
#289 = DIRECTION ( 'NONE',  ( 1.000000000000000000, -0.000000000000000000, -0.000000000000000000 ) ) ;
#290 = ORIENTED_EDGE ( 'NONE', *, *, #1139, .T. ) ;
#291 = CARTESIAN_POINT ( 'NONE',  ( 8.200000000000102318, 5.499999999999262812, 2.000000000000000000 ) ) ;
#292 = EDGE_CURVE ( 'NONE', #2325, #2555, #2064, .T. ) ;
#293 = ORIENTED_EDGE ( 'NONE', *, *, #2638, .F. ) ;
#294 = DIRECTION ( 'NONE',  ( -0.3618073217592020496, 0.8734801431569503283, -0.3257727757685510706 ) ) ;
#295 = ORIENTED_EDGE ( 'NONE', *, *, #1868, .F. ) ;
#296 = CARTESIAN_POINT ( 'NONE',  ( -8.091296600002586104, -2.482443672190389528, 5.500000000000000000 ) ) ;
#297 = VECTOR ( 'NONE', #694, 1000.000000000000114 ) ;
#298 = CARTESIAN_POINT ( 'NONE',  ( 10.50000000000000355, -8.500000000000003553, 1.499999999999999112 ) ) ;
#299 = ORIENTED_EDGE ( 'NONE', *, *, #2218, .T. ) ;
#300 = CARTESIAN_POINT ( 'NONE',  ( 5.210897322236003326, 8.016572772509364952, 5.500000000000000000 ) ) ;
#301 = DIRECTION ( 'NONE',  ( -0.7071067811865477948, 0.7071067811865472397, 0.000000000000000000 ) ) ;
#302 = DIRECTION ( 'NONE',  ( 0.4731467892558167132, 0.4731467892558166577, -0.7431448254773922457 ) ) ;
#303 = CARTESIAN_POINT ( 'NONE',  ( -8.499999999999996447, -10.00000000000000533, 2.000000000000000000 ) ) ;
#304 = EDGE_CURVE ( 'NONE', #2239, #1149, #3047, .T. ) ;
#305 = ORIENTED_EDGE ( 'NONE', *, *, #1863, .F. ) ;
#306 = EDGE_CURVE ( 'NONE', #2420, #2275, #2534, .T. ) ;
#307 = DIRECTION ( 'NONE',  ( -0.7071067811865500152, 0.000000000000000000, 0.7071067811865451302 ) ) ;
#308 = EDGE_CURVE ( 'NONE', #2626, #857, #3314, .T. ) ;
#309 = FACE_OUTER_BOUND ( 'NONE', #1621, .T. ) ;
#310 = ORIENTED_EDGE ( 'NONE', *, *, #2524, .F. ) ;
#311 = FACE_OUTER_BOUND ( 'NONE', #2102, .T. ) ;
#312 = VERTEX_POINT ( 'NONE', #1761 ) ;
#313 = DIRECTION ( 'NONE',  ( -0.7071067811865475727, -0.7071067811865475727, 0.000000000000000000 ) ) ;
#314 = DIRECTION ( 'NONE',  ( -0.000000000000000000, -0.000000000000000000, 1.000000000000000000 ) ) ;
#315 = ORIENTED_EDGE ( 'NONE', *, *, #2446, .F. ) ;
#316 = DIRECTION ( 'NONE',  ( 0.000000000000000000, 1.000000000000000000, 0.000000000000000000 ) ) ;
#317 = CARTESIAN_POINT ( 'NONE',  ( 8.199999999999496580, -3.000000000000106581, 2.000000000000000000 ) ) ;
#318 = PLANE ( 'NONE',  #813 ) ;
#319 = FACE_OUTER_BOUND ( 'NONE', #1704, .T. ) ;
#320 = VECTOR ( 'NONE', #1909, 1000.000000000000000 ) ;
#321 = ORIENTED_EDGE ( 'NONE', *, *, #1504, .F. ) ;
#322 = VECTOR ( 'NONE', #1479, 1000.000000000000000 ) ;
#323 = EDGE_CURVE ( 'NONE', #3242, #2715, #461, .T. ) ;
#324 = VECTOR ( 'NONE', #1937, 1000.000000000000114 ) ;
#325 = CARTESIAN_POINT ( 'NONE',  ( 0.000000000000000000, 10.21089732223600599, 5.500000000000000000 ) ) ;
#326 = DIRECTION ( 'NONE',  ( -1.000000000000000000, 0.000000000000000000, 0.000000000000000000 ) ) ;
#327 = ORIENTED_EDGE ( 'NONE', *, *, #2694, .T. ) ;
#328 = LINE ( 'NONE', #588, #3108 ) ;
#329 = EDGE_LOOP ( 'NONE', ( #2700, #228, #2764, #1768 ) ) ;
#330 = VECTOR ( 'NONE', #2024, 1000.000000000000000 ) ;
#331 = CARTESIAN_POINT ( 'NONE',  ( 8.200000000000102318, 3.000000000000214495, 2.000000000000000000 ) ) ;
#332 = PLANE ( 'NONE',  #1042 ) ;
#333 = ORIENTED_EDGE ( 'NONE', *, *, #1973, .F. ) ;
#334 = PLANE ( 'NONE',  #945 ) ;
#335 = LINE ( 'NONE', #1056, #543 ) ;
#336 = LINE ( 'NONE', #11, #2047 ) ;
#337 = CARTESIAN_POINT ( 'NONE',  ( -2.999999999999976463, -8.199999999999995737, 2.000000000000000000 ) ) ;
#338 = ORIENTED_EDGE ( 'NONE', *, *, #1631, .T. ) ;
#339 = EDGE_CURVE ( 'NONE', #3042, #857, #1054, .T. ) ;
#340 = ADVANCED_FACE ( 'NONE', ( #8 ), #509, .F. ) ;
#341 = CONICAL_SURFACE ( 'NONE', #3289, 2.299999999999999822, 0.05235987755983000091 ) ;
#342 = CARTESIAN_POINT ( 'NONE',  ( 7.910897322236107421, 5.210897322235267914, 5.500000000000000000 ) ) ;
#343 = CIRCLE ( 'NONE', #2536, 2.121806368133650089 ) ;
#344 = ADVANCED_FACE ( 'NONE', ( #2637 ), #2103, .T. ) ;
#345 = VERTEX_POINT ( 'NONE', #1573 ) ;
#346 = AXIS2_PLACEMENT_3D ( 'NONE', #82, #1122, #2480 ) ;
#347 = DIRECTION ( 'NONE',  ( 0.7071067811865474617, 0.7071067811865474617, -0.000000000000000000 ) ) ;
#348 = EDGE_LOOP ( 'NONE', ( #265, #3174, #991, #3339 ) ) ;
#349 = CARTESIAN_POINT ( 'NONE',  ( -5.210897322236000662, 0.000000000000000000, 5.500000000000000000 ) ) ;
#350 = PLANE ( 'NONE',  #3336 ) ;
#351 = ORIENTED_EDGE ( 'NONE', *, *, #3218, .F. ) ;
#352 = ADVANCED_FACE ( 'NONE', ( #1294 ), #564, .T. ) ;
#353 = PRODUCT_DEFINITION_FORMATION_WITH_SPECIFIED_SOURCE ( 'ANY', '', #1842, .NOT_KNOWN. ) ;
#354 = DIRECTION ( 'NONE',  ( -0.7061377159181263519, -0.7061377159181262408, 0.05233595624294394566 ) ) ;
#355 = CARTESIAN_POINT ( 'NONE',  ( 8.499999999999989342, 10.50000000000000000, 0.5000000000000038858 ) ) ;
#356 = DIRECTION ( 'NONE',  ( 0.4731467892558454125, 0.4731467892558043897, -0.7431448254773818096 ) ) ;
#357 = DIRECTION ( 'NONE',  ( -0.7071067811865477948, -0.7071067811865473507, -3.464679189806687637E-18 ) ) ;
#358 = ORIENTED_EDGE ( 'NONE', *, *, #372, .T. ) ;
#359 = AXIS2_PLACEMENT_3D ( 'NONE', #2730, #1151, #1895 ) ;
#360 = CARTESIAN_POINT ( 'NONE',  ( -8.499999999999996447, 8.500000000000000000, 0.5000000000000038858 ) ) ;
#361 = DIRECTION ( 'NONE',  ( 0.8734801431569483299, 0.3618073217592021606, -0.3257727757685563441 ) ) ;
#362 = VERTEX_POINT ( 'NONE', #248 ) ;
#363 = DIRECTION ( 'NONE',  ( 0.000000000000000000, -0.9986295347545739443, 0.05233595624294395260 ) ) ;
#364 = ORIENTED_EDGE ( 'NONE', *, *, #2321, .F. ) ;
#365 = CARTESIAN_POINT ( 'NONE',  ( -8.200000000000002842, -3.000000000000023981, 2.000000000000000000 ) ) ;
#366 = EDGE_CURVE ( 'NONE', #112, #689, #1441, .T. ) ;
#367 = CARTESIAN_POINT ( 'NONE',  ( 8.091296600002685580, 2.482443672190582706, 5.500000000000000000 ) ) ;
#368 = VERTEX_POINT ( 'NONE', #2359 ) ;
#369 = EDGE_CURVE ( 'NONE', #1289, #2126, #3182, .T. ) ;
#370 = CARTESIAN_POINT ( 'NONE',  ( 4.799999999999968736, 10.00000000000000178, 2.000000000000000000 ) ) ;
#371 = AXIS2_PLACEMENT_3D ( 'NONE', #1309, #1048, #1081 ) ;
#372 = EDGE_CURVE ( 'NONE', #3211, #3249, #525, .T. ) ;
#373 = LINE ( 'NONE', #1711, #1969 ) ;
#374 = CARTESIAN_POINT ( 'NONE',  ( -8.499999999999984013, 10.50000000000000000, 0.5000000000000038858 ) ) ;
#375 = DIRECTION ( 'NONE',  ( -1.000000000000000000, 0.000000000000000000, 0.000000000000000000 ) ) ;
#376 = ORIENTED_EDGE ( 'NONE', *, *, #25, .F. ) ;
#377 = CARTESIAN_POINT ( 'NONE',  ( 10.50000000000000355, 8.499999999999987566, 1.499999999999999112 ) ) ;
#378 = CARTESIAN_POINT ( 'NONE',  ( -10.32180636813364671, -4.869802517219730120, 5.400137046524545958 ) ) ;
#379 = VECTOR ( 'NONE', #1434, 1000.000000000000114 ) ;
#380 = VECTOR ( 'NONE', #1371, 1000.000000000000114 ) ;
#381 = ORIENTED_EDGE ( 'NONE', *, *, #2125, .F. ) ;
#382 = EDGE_LOOP ( 'NONE', ( #2759, #754, #1280, #2410 ) ) ;
#383 = LINE ( 'NONE', #2213, #1492 ) ;
#384 = ADVANCED_FACE ( 'NONE', ( #28 ), #798, .T. ) ;
#385 = DIRECTION ( 'NONE',  ( -0.7071067811865483499, 0.7071067811865466846, 0.000000000000000000 ) ) ;
#386 = ORIENTED_EDGE ( 'NONE', *, *, #957, .F. ) ;
#387 = DIRECTION ( 'NONE',  ( 0.5964727848720993153, -0.5964727848720993153, 0.5370665078124351455 ) ) ;
#388 = VECTOR ( 'NONE', #711, 1000.000000000000114 ) ;
#389 = FACE_OUTER_BOUND ( 'NONE', #2283, .T. ) ;
#390 = LINE ( 'NONE', #1435, #3361 ) ;
#391 = PLANE ( 'NONE',  #3011 ) ;
#392 = ORIENTED_EDGE ( 'NONE', *, *, #2443, .T. ) ;
#393 = CARTESIAN_POINT ( 'NONE',  ( -5.337057896117955558, -10.50000000000000355, 1.500000000000002665 ) ) ;
#394 = LINE ( 'NONE', #136, #1302 ) ;
#395 = ADVANCED_FACE ( 'NONE', ( #1070 ), #1384, .T. ) ;
#396 = VERTEX_POINT ( 'NONE', #2411 ) ;
#397 = VECTOR ( 'NONE', #3100, 1000.000000000000000 ) ;
#398 = VECTOR ( 'NONE', #2003, 1000.000000000000000 ) ;
#399 = EDGE_CURVE ( 'NONE', #3249, #3304, #64, .T. ) ;
#400 = ORIENTED_EDGE ( 'NONE', *, *, #2978, .F. ) ;
#401 = CARTESIAN_POINT ( 'NONE',  ( 8.499999999999989342, 10.50000000000000000, 2.000000000000000000 ) ) ;
#402 = AXIS2_PLACEMENT_3D ( 'NONE', #932, #662, #1658 ) ;
#403 = EDGE_LOOP ( 'NONE', ( #959, #2162, #338, #1343 ) ) ;
#404 = DIRECTION ( 'NONE',  ( 0.8734801431569472197, 0.3618073217592013835, 0.3257727757685607295 ) ) ;
#405 = DIRECTION ( 'NONE',  ( 0.8734801431569483299, -0.3618073217592022717, 0.3257727757685565106 ) ) ;
#406 = DIRECTION ( 'NONE',  ( -1.000000000000000000, 0.000000000000000000, 0.000000000000000000 ) ) ;
#407 = DIRECTION ( 'NONE',  ( -1.000000000000000000, 0.000000000000000000, 0.000000000000000000 ) ) ;
#408 = ORIENTED_EDGE ( 'NONE', *, *, #369, .T. ) ;
#409 = FACE_OUTER_BOUND ( 'NONE', #770, .T. ) ;
#410 = CIRCLE ( 'NONE', #575, 2.000000000000000000 ) ;
#411 = CARTESIAN_POINT ( 'NONE',  ( -3.207832921351466915, 5.628631411030039722, 7.554961456612958592 ) ) ;
#412 = EDGE_CURVE ( 'NONE', #1359, #2325, #2394, .T. ) ;
#413 = EDGE_CURVE ( 'NONE', #658, #1554, #3199, .T. ) ;
#414 = EDGE_LOOP ( 'NONE', ( #1834, #2783, #2825, #1749 ) ) ;
#415 = EDGE_CURVE ( 'NONE', #1455, #27, #1555, .T. ) ;
#416 = ORIENTED_EDGE ( 'NONE', *, *, #2161, .F. ) ;
#417 = DIRECTION ( 'NONE',  ( 0.7071067811865474617, -0.7071067811865475727, -0.000000000000000000 ) ) ;
#418 = ORIENTED_EDGE ( 'NONE', *, *, #1103, .F. ) ;
#419 = DIRECTION ( 'NONE',  ( -0.000000000000000000, 1.000000000000000000, -0.000000000000000000 ) ) ;
#420 = DIRECTION ( 'NONE',  ( 0.7102565944319713109, -0.2941979141786416063, 0.6395179101157643098 ) ) ;
#421 = LINE ( 'NONE', #1466, #3087 ) ;
#422 = DIRECTION ( 'NONE',  ( -0.1253535423003576676, -0.05192313731231752022, -0.9907524803120094647 ) ) ;
#423 = ORIENTED_EDGE ( 'NONE', *, *, #182, .F. ) ;
#424 = VECTOR ( 'NONE', #1550, 1000.000000000000114 ) ;
#425 = CARTESIAN_POINT ( 'NONE',  ( -7.408179835779893807, 3.453906532793150852, 7.082001612608357810 ) ) ;
#426 = CARTESIAN_POINT ( 'NONE',  ( 2.569802517218962024, -8.021806368133747256, 5.400137046524545958 ) ) ;
#427 = EDGE_LOOP ( 'NONE', ( #947, #1881, #271, #1721 ) ) ;
#428 = EDGE_CURVE ( 'NONE', #3266, #2550, #1594, .T. ) ;
#429 = VECTOR ( 'NONE', #150, 1000.000000000000000 ) ;
#430 = ADVANCED_FACE ( 'NONE', ( #2618 ), #3385, .T. ) ;
#431 = ORIENTED_EDGE ( 'NONE', *, *, #2462, .F. ) ;
#432 = AXIS2_PLACEMENT_3D ( 'NONE', #3095, #2274, #1240 ) ;
#433 = ORIENTED_EDGE ( 'NONE', *, *, #1049, .F. ) ;
#434 = LINE ( 'NONE', #3287, #69 ) ;
#435 = VECTOR ( 'NONE', #1999, 1000.000000000000114 ) ;
#436 = ORIENTED_EDGE ( 'NONE', *, *, #1901, .T. ) ;
#437 = CARTESIAN_POINT ( 'NONE',  ( 8.200000000000102318, 3.000000000000217604, 2.000000000000000000 ) ) ;
#438 =( NAMED_UNIT ( * ) PLANE_ANGLE_UNIT ( ) SI_UNIT ( $, .RADIAN. ) );
#439 = CARTESIAN_POINT ( 'NONE',  ( 8.500000000000003553, 8.500000000000000000, 2.000000000000000000 ) ) ;
#440 = ORIENTED_EDGE ( 'NONE', *, *, #2214, .F. ) ;
#441 = DIRECTION ( 'NONE',  ( 0.7102565944319713109, 0.2941979141786417173, -0.6395179101157643098 ) ) ;
#442 = VECTOR ( 'NONE', #1017, 1000.000000000000000 ) ;
#443 = FACE_OUTER_BOUND ( 'NONE', #497, .T. ) ;
#444 = EDGE_LOOP ( 'NONE', ( #1889, #2216, #1630, #517, #1804, #640, #1922, #896 ) ) ;
#445 = EDGE_CURVE ( 'NONE', #1348, #2746, #781, .T. ) ;
#446 = EDGE_LOOP ( 'NONE', ( #2506, #1949, #2990, #3114 ) ) ;
#447 = CARTESIAN_POINT ( 'NONE',  ( -4.602044394423780105, -10.21089732223601132, 5.500000000000000000 ) ) ;
#448 = EDGE_CURVE ( 'NONE', #928, #689, #560, .T. ) ;
#449 = ORIENTED_EDGE ( 'NONE', *, *, #899, .F. ) ;
#450 = CARTESIAN_POINT ( 'NONE',  ( -4.869802517219724791, -10.32180636813365382, 5.400137046524544182 ) ) ;
#451 = LINE ( 'NONE', #1497, #2347 ) ;
#452 = VECTOR ( 'NONE', #3360, 1000.000000000000114 ) ;
#453 = VERTEX_POINT ( 'NONE', #1642 ) ;
#454 = DIRECTION ( 'NONE',  ( -0.7071067811865475727, -0.7071067811865475727, 0.000000000000000000 ) ) ;
#455 = VECTOR ( 'NONE', #3003, 1000.000000000000227 ) ;
#456 = EDGE_CURVE ( 'NONE', #3249, #2251, #2964, .T. ) ;
#457 = ADVANCED_FACE ( 'NONE', ( #129 ), #613, .T. ) ;
#458 = DIRECTION ( 'NONE',  ( 1.000000000000000000, 0.000000000000000000, -0.000000000000000000 ) ) ;
#459 = LINE ( 'NONE', #2046, #435 ) ;
#460 = ORIENTED_EDGE ( 'NONE', *, *, #2770, .F. ) ;
#461 = LINE ( 'NONE', #1503, #126 ) ;
#462 = DIRECTION ( 'NONE',  ( -1.000000000000000000, 0.000000000000000000, 0.000000000000000000 ) ) ;
#463 = VERTEX_POINT ( 'NONE', #113 ) ;
#464 = AXIS2_PLACEMENT_3D ( 'NONE', #854, #2413, #2621 ) ;
#465 = ORIENTED_EDGE ( 'NONE', *, *, #670, .T. ) ;
#466 = CARTESIAN_POINT ( 'NONE',  ( 10.50000000000000355, 8.499999999999987566, 1.499999999999999112 ) ) ;
#467 = ORIENTED_EDGE ( 'NONE', *, *, #1539, .F. ) ;
#468 = DIRECTION ( 'NONE',  ( -0.000000000000000000, -0.000000000000000000, 1.000000000000000000 ) ) ;
#469 = CARTESIAN_POINT ( 'NONE',  ( -9.999999999999998224, 8.499999999999987566, 2.000000000000000000 ) ) ;
#470 = ORIENTED_EDGE ( 'NONE', *, *, #2226, .T. ) ;
#471 = CARTESIAN_POINT ( 'NONE',  ( 2.302044394423011564, -7.910897322236103868, 5.500000000000000000 ) ) ;
#472 = EDGE_CURVE ( 'NONE', #479, #1953, #1182, .T. ) ;
#473 = LINE ( 'NONE', #2831, #1221 ) ;
#474 = LINE ( 'NONE', #3077, #926 ) ;
#475 = ORIENTED_EDGE ( 'NONE', *, *, #1973, .T. ) ;
#476 = DIRECTION ( 'NONE',  ( 0.3618073217592048252, 0.8734801431569482189, 0.3257727757685536796 ) ) ;
#477 = DIRECTION ( 'NONE',  ( 4.906538933386741233E-15, -0.7071067811865500152, 0.7071067811865451302 ) ) ;
#478 = ORIENTED_EDGE ( 'NONE', *, *, #3335, .T. ) ;
#479 = VERTEX_POINT ( 'NONE', #1169 ) ;
#480 = FACE_OUTER_BOUND ( 'NONE', #203, .T. ) ;
#481 = ORIENTED_EDGE ( 'NONE', *, *, #987, .T. ) ;
#482 = LINE ( 'NONE', #2507, #1546 ) ;
#483 = VECTOR ( 'NONE', #2437, 1000.000000000000000 ) ;
#484 = VECTOR ( 'NONE', #2822, 1000.000000000000000 ) ;
#485 = CARTESIAN_POINT ( 'NONE',  ( 2.939339828220179474, -3.999999999999993339, 2.000000000000000000 ) ) ;
#486 = ADVANCED_FACE ( 'NONE', ( #3263 ), #918, .F. ) ;
#487 = VERTEX_POINT ( 'NONE', #1433 ) ;
#488 = DIRECTION ( 'NONE',  ( -0.7061377159181263519, 0.7061377159181263519, 0.05233595624294395260 ) ) ;
#489 = VECTOR ( 'NONE', #2999, 1000.000000000000114 ) ;
#490 = AXIS2_PLACEMENT_3D ( 'NONE', #1776, #212, #2286 ) ;
#491 = DIRECTION ( 'NONE',  ( 0.000000000000000000, 0.000000000000000000, 1.000000000000000000 ) ) ;
#492 = PLANE ( 'NONE',  #825 ) ;
#493 = ORIENTED_EDGE ( 'NONE', *, *, #2667, .T. ) ;
#494 = LINE ( 'NONE', #3298, #1766 ) ;
#495 = CARTESIAN_POINT ( 'NONE',  ( -8.499999999999996447, -8.500000000000003553, 0.000000000000000000 ) ) ;
#496 = ORIENTED_EDGE ( 'NONE', *, *, #1590, .F. ) ;
#497 = EDGE_LOOP ( 'NONE', ( #2052, #2089, #3308, #1215 ) ) ;
#498 = DIRECTION ( 'NONE',  ( -1.000000000000000000, 0.000000000000000000, 0.000000000000000000 ) ) ;
#499 = EDGE_CURVE ( 'NONE', #1619, #658, #2429, .T. ) ;
#500 = ORIENTED_EDGE ( 'NONE', *, *, #3014, .F. ) ;
#501 = FACE_OUTER_BOUND ( 'NONE', #1699, .T. ) ;
#502 = ORIENTED_EDGE ( 'NONE', *, *, #120, .F. ) ;
#503 = DIRECTION ( 'NONE',  ( 0.7071067811865523467, 0.7071067811865426878, 0.000000000000000000 ) ) ;
#504 = AXIS2_PLACEMENT_3D ( 'NONE', #255, #534, #275 ) ;
#505 = LINE ( 'NONE', #211, #1114 ) ;
#506 = CARTESIAN_POINT ( 'NONE',  ( 8.499999999999989342, 9.999999999999992895, 0.000000000000000000 ) ) ;
#507 = ORIENTED_EDGE ( 'NONE', *, *, #3374, .F. ) ;
#508 = CIRCLE ( 'NONE', #3080, 2.000000000000000000 ) ;
#509 = PLANE ( 'NONE',  #2483 ) ;
#510 = VECTOR ( 'NONE', #2716, 1000.000000000000000 ) ;
#511 = CARTESIAN_POINT ( 'NONE',  ( -5.337057896117932465, 10.50000000000000000, 1.499999999999999112 ) ) ;
#512 = LINE ( 'NONE', #1560, #877 ) ;
#513 = VERTEX_POINT ( 'NONE', #644 ) ;
#514 = ORIENTED_EDGE ( 'NONE', *, *, #1075, .F. ) ;
#515 = DIRECTION ( 'NONE',  ( 0.000000000000000000, 0.6691306063588748909, -0.7431448254773792561 ) ) ;
#516 = EDGE_CURVE ( 'NONE', #1624, #2897, #97, .T. ) ;
#517 = ORIENTED_EDGE ( 'NONE', *, *, #811, .T. ) ;
#518 = FACE_OUTER_BOUND ( 'NONE', #2470, .T. ) ;
#519 = EDGE_CURVE ( 'NONE', #961, #2479, #903, .T. ) ;
#520 = PLANE ( 'NONE',  #206 ) ;
#521 = VERTEX_POINT ( 'NONE', #1710 ) ;
#522 = CARTESIAN_POINT ( 'NONE',  ( -8.499999999999984013, -10.50000000000000355, 2.000000000000000000 ) ) ;
#523 = DIRECTION ( 'NONE',  ( 0.9986295347545739443, 0.000000000000000000, 0.05233595624294395260 ) ) ;
#524 = ORIENTED_EDGE ( 'NONE', *, *, #1649, .F. ) ;
#525 = LINE ( 'NONE', #300, #2753 ) ;
#526 = CARTESIAN_POINT ( 'NONE',  ( 2.121806368133650089, 6.938893903907228378E-15, 5.400137046524541518 ) ) ;
#527 = LINE ( 'NONE', #1575, #2123 ) ;
#528 = DIRECTION ( 'NONE',  ( -0.7071067811865483499, 0.7071067811865467956, -0.000000000000000000 ) ) ;
#529 = VERTEX_POINT ( 'NONE', #631 ) ;
#530 = EDGE_LOOP ( 'NONE', ( #2373, #3021, #2712, #3254 ) ) ;
#531 = DIRECTION ( 'NONE',  ( 0.02167317085207508959, -0.05232366301070896092, -0.9983949659099640161 ) ) ;
#532 = ORIENTED_EDGE ( 'NONE', *, *, #2906, .F. ) ;
#533 = AXIS2_PLACEMENT_3D ( 'NONE', #1290, #23, #1876 ) ;
#534 = DIRECTION ( 'NONE',  ( 0.6691306063588533526, 0.000000000000000000, -0.7431448254773985740 ) ) ;
#535 = EDGE_CURVE ( 'NONE', #3060, #2555, #3276, .T. ) ;
#536 = LINE ( 'NONE', #2096, #266 ) ;
#537 = EDGE_LOOP ( 'NONE', ( #2973, #672, #170, #305, #677, #2996 ) ) ;
#538 = CARTESIAN_POINT ( 'NONE',  ( -5.321806368133643161, 6.634470390827385877, 5.400137046524545958 ) ) ;
#539 = VECTOR ( 'NONE', #1278, 1000.000000000000000 ) ;
#540 = LINE ( 'NONE', #2581, #552 ) ;
#541 = ORIENTED_EDGE ( 'NONE', *, *, #734, .T. ) ;
#542 = ADVANCED_FACE ( 'NONE', ( #2233 ), #1449, .T. ) ;
#543 = VECTOR ( 'NONE', #1383, 1000.000000000000114 ) ;
#544 = DIRECTION ( 'NONE',  ( -1.000000000000000000, 0.000000000000000000, 0.000000000000000000 ) ) ;
#545 = CARTESIAN_POINT ( 'NONE',  ( -4.878272861947094974, 2.575547297337422048, 6.030491216618156791 ) ) ;
#546 = DIRECTION ( 'NONE',  ( 0.000000000000000000, -0.05233595624294395260, 0.9986295347545739443 ) ) ;
#547 = DIRECTION ( 'NONE',  ( -0.02167317085207508959, 0.05232366301070896786, -0.9983949659099640161 ) ) ;
#548 = VERTEX_POINT ( 'NONE', #2497 ) ;
#549 = LINE ( 'NONE', #2366, #1744 ) ;
#550 = ORIENTED_EDGE ( 'NONE', *, *, #669, .T. ) ;
#551 = DIRECTION ( 'NONE',  ( -0.000000000000000000, -1.000000000000000000, -0.000000000000000000 ) ) ;
#552 = VECTOR ( 'NONE', #2852, 1000.000000000000000 ) ;
#553 = VERTEX_POINT ( 'NONE', #142 ) ;
#554 = CARTESIAN_POINT ( 'NONE',  ( -6.900678497676776324, -3.389530786249882688, 8.480534417143928749 ) ) ;
#555 = VERTEX_POINT ( 'NONE', #370 ) ;
#556 = DIRECTION ( 'NONE',  ( -0.05226442768871403938, -0.05226442768871403938, -0.9972646886342373396 ) ) ;
#557 = ADVANCED_FACE ( 'NONE', ( #595 ), #334, .F. ) ;
#558 = PLANE ( 'NONE',  #2302 ) ;
#559 = ORIENTED_EDGE ( 'NONE', *, *, #157, .F. ) ;
#560 = LINE ( 'NONE', #2217, #1825 ) ;
#561 = EDGE_CURVE ( 'NONE', #2866, #1915, #2171, .T. ) ;
#562 = EDGE_CURVE ( 'NONE', #3040, #2370, #2466, .T. ) ;
#563 = CARTESIAN_POINT ( 'NONE',  ( 8.195522027847124136, 5.495522027846283741, 2.085444798734833682 ) ) ;
#564 = CONICAL_SURFACE ( 'NONE', #2425, 1.500000000000001332, 0.7853981633974460586 ) ;
#565 = LINE ( 'NONE', #3204, #2493 ) ;
#566 = DIRECTION ( 'NONE',  ( 0.000000000000000000, -1.000000000000000000, 0.000000000000000000 ) ) ;
#567 = EDGE_LOOP ( 'NONE', ( #2829, #175, #2006, #1199 ) ) ;
#568 = VECTOR ( 'NONE', #1899, 1000.000000000000114 ) ;
#569 = LINE ( 'NONE', #34, #3323 ) ;
#570 = LINE ( 'NONE', #1058, #757 ) ;
#571 = VERTEX_POINT ( 'NONE', #1136 ) ;
#572 = PLANE ( 'NONE',  #3324 ) ;
#573 = VERTEX_POINT ( 'NONE', #2186 ) ;
#574 = LINE ( 'NONE', #755, #1409 ) ;
#575 = AXIS2_PLACEMENT_3D ( 'NONE', #66, #2947, #1368 ) ;
#576 = DIRECTION ( 'NONE',  ( 0.000000000000000000, 0.9986295347545739443, 0.05233595624294395260 ) ) ;
#577 = ORIENTED_EDGE ( 'NONE', *, *, #1121, .F. ) ;
#578 = DIRECTION ( 'NONE',  ( 0.000000000000000000, 0.000000000000000000, 1.000000000000000000 ) ) ;
#579 = EDGE_CURVE ( 'NONE', #3366, #897, #3234, .T. ) ;
#580 = ADVANCED_FACE ( 'NONE', ( #2981 ), #2998, .F. ) ;
#581 = DIRECTION ( 'NONE',  ( 0.05226442768871403244, 0.05226442768871403938, -0.9972646886342373396 ) ) ;
#582 = DIRECTION ( 'NONE',  ( 0.000000000000000000, -1.000000000000000000, 0.000000000000000000 ) ) ;
#583 = DIRECTION ( 'NONE',  ( 0.1253535423003575289, -0.05192313731231752716, -0.9907524803120094647 ) ) ;
#584 = VERTEX_POINT ( 'NONE', #2784 ) ;
#585 = CARTESIAN_POINT ( 'NONE',  ( 10.21089732223591540, 4.857167499683615830, 5.500000000000000000 ) ) ;
#586 = CYLINDRICAL_SURFACE ( 'NONE', #3171, 2.000000000000000000 ) ;
#587 = VERTEX_POINT ( 'NONE', #709 ) ;
#588 = CARTESIAN_POINT ( 'NONE',  ( 5.495893351433710272, -6.562361201311867731, 2.078359522621791911 ) ) ;
#589 = VERTEX_POINT ( 'NONE', #2252 ) ;
#590 = DIRECTION ( 'NONE',  ( -0.9986295347545739443, 0.000000000000000000, 0.05233595624294395954 ) ) ;
#591 = EDGE_CURVE ( 'NONE', #1833, #3232, #176, .T. ) ;
#592 = CARTESIAN_POINT ( 'NONE',  ( 5.224608656914181637, -10.50000000000000355, 3.017210243735334529 ) ) ;
#593 = ORIENTED_EDGE ( 'NONE', *, *, #2167, .T. ) ;
#594 = EDGE_CURVE ( 'NONE', #2422, #2510, #2032, .T. ) ;
#595 = FACE_OUTER_BOUND ( 'NONE', #1647, .T. ) ;
#596 = CONICAL_SURFACE ( 'NONE', #3006, 1.500000000000006439, 0.7853981633974445042 ) ;
#597 = CARTESIAN_POINT ( 'NONE',  ( 7.910897322235521223, -2.302044394423872653, 5.500000000000000000 ) ) ;
#598 = CARTESIAN_POINT ( 'NONE',  ( -5.210897322236000662, 0.000000000000000000, 5.500000000000000000 ) ) ;
#599 = DIRECTION ( 'NONE',  ( -0.7071067811865474617, 0.7071067811865474617, -0.000000000000000000 ) ) ;
#600 = AXIS2_PLACEMENT_3D ( 'NONE', #793, #3175, #827 ) ;
#601 = ADVANCED_FACE ( 'NONE', ( #739 ), #2012, .F. ) ;
#602 = ORIENTED_EDGE ( 'NONE', *, *, #1666, .T. ) ;
#603 = AXIS2_PLACEMENT_3D ( 'NONE', #1467, #934, #2034 ) ;
#604 = DIRECTION ( 'NONE',  ( 0.000000000000000000, -1.000000000000000000, 0.000000000000000000 ) ) ;
#605 = ORIENTED_EDGE ( 'NONE', *, *, #1060, .F. ) ;
#606 = ADVANCED_FACE ( 'NONE', ( #996 ), #1979, .T. ) ;
#607 = DIRECTION ( 'NONE',  ( -0.7071067811865475727, 0.7071067811865475727, 0.000000000000000000 ) ) ;
#608 = EDGE_LOOP ( 'NONE', ( #257, #1970, #993, #2376 ) ) ;
#609 = VECTOR ( 'NONE', #1101, 1000.000000000000000 ) ;
#610 = LINE ( 'NONE', #401, #2008 ) ;
#611 = CARTESIAN_POINT ( 'NONE',  ( -10.49999999999999645, 8.499999999999987566, 1.499999999999999112 ) ) ;
#612 = EDGE_LOOP ( 'NONE', ( #2358, #2280, #1375, #2985 ) ) ;
#613 = PLANE ( 'NONE',  #346 ) ;
#614 = DIRECTION ( 'NONE',  ( -1.000000000000000000, 0.000000000000000000, 0.000000000000000000 ) ) ;
#615 = CARTESIAN_POINT ( 'NONE',  ( -5.210897322235999773, 6.636638217114946059, 5.500000000000000000 ) ) ;
#616 = LINE ( 'NONE', #905, #2075 ) ;
#617 = VERTEX_POINT ( 'NONE', #471 ) ;
#618 = CARTESIAN_POINT ( 'NONE',  ( 1.090833809545764144, -8.756506277631928015, 6.809539578552098682 ) ) ;
#619 = AXIS2_PLACEMENT_3D ( 'NONE', #1304, #2592, #222 ) ;
#620 = DIRECTION ( 'NONE',  ( 0.9986295347545739443, 9.152017120148631342E-15, 0.05233595624294395260 ) ) ;
#621 = VECTOR ( 'NONE', #743, 1000.000000000000000 ) ;
#622 = EDGE_CURVE ( 'NONE', #2329, #1163, #1725, .T. ) ;
#623 = ORIENTED_EDGE ( 'NONE', *, *, #2338, .T. ) ;
#624 = EDGE_CURVE ( 'NONE', #2866, #845, #2545, .T. ) ;
#625 = LINE ( 'NONE', #1393, #49 ) ;
#626 = ADVANCED_FACE ( 'NONE', ( #1499 ), #3345, .T. ) ;
#627 = ORIENTED_EDGE ( 'NONE', *, *, #1178, .T. ) ;
#628 = DIRECTION ( 'NONE',  ( -0.1253535423003574734, 0.05192313731231753410, -0.9907524803120094647 ) ) ;
#629 = DIRECTION ( 'NONE',  ( 0.000000000000000000, -0.05233595624294395260, 0.9986295347545739443 ) ) ;
#630 = EDGE_LOOP ( 'NONE', ( #3072, #502, #1486, #433 ) ) ;
#631 = CARTESIAN_POINT ( 'NONE',  ( 5.299999999999967848, 10.50000000000000000, 2.000000000000000000 ) ) ;
#632 = LINE ( 'NONE', #2219, #976 ) ;
#633 = CARTESIAN_POINT ( 'NONE',  ( -5.321806368133644050, -8.199999999999995737, 5.400137046524545958 ) ) ;
#634 = PLANE ( 'NONE',  #2682 ) ;
#635 = ORIENTED_EDGE ( 'NONE', *, *, #2443, .F. ) ;
#636 = CARTESIAN_POINT ( 'NONE',  ( -2.999999999999975131, 8.200000000000009948, 2.000000000000000000 ) ) ;
#637 = EDGE_CURVE ( 'NONE', #736, #555, #2816, .T. ) ;
#638 = LINE ( 'NONE', #671, #3057 ) ;
#639 = VERTEX_POINT ( 'NONE', #3326 ) ;
#640 = ORIENTED_EDGE ( 'NONE', *, *, #3378, .F. ) ;
#641 = CARTESIAN_POINT ( 'NONE',  ( 5.499999999999998224, 8.200000000000009948, 2.000000000000000000 ) ) ;
#642 = CARTESIAN_POINT ( 'NONE',  ( 9.999999999999996447, -8.500000000000003553, 0.000000000000000000 ) ) ;
#643 = ORIENTED_EDGE ( 'NONE', *, *, #262, .F. ) ;
#644 = CARTESIAN_POINT ( 'NONE',  ( -2.299999999999999822, 6.657225140103337221E-15, 2.000000000000000000 ) ) ;
#645 = CARTESIAN_POINT ( 'NONE',  ( -4.004106648566295057, 2.937638798688091413, 2.078359522621792355 ) ) ;
#646 = EDGE_CURVE ( 'NONE', #790, #27, #981, .T. ) ;
#647 = CARTESIAN_POINT ( 'NONE',  ( -2.299999999999999822, 6.657225140103337221E-15, 2.000000000000000000 ) ) ;
#648 = CARTESIAN_POINT ( 'NONE',  ( 10.50000000000000355, -5.337057896118786005, 1.499999999999999112 ) ) ;
#649 = VERTEX_POINT ( 'NONE', #2767 ) ;
#650 = FACE_OUTER_BOUND ( 'NONE', #2116, .T. ) ;
#651 = AXIS2_PLACEMENT_3D ( 'NONE', #122, #1718, #2725 ) ;
#652 = AXIS2_PLACEMENT_3D ( 'NONE', #1462, #2249, #3288 ) ;
#653 = ADVANCED_FACE ( 'NONE', ( #3028 ), #3075, .T. ) ;
#654 = DIRECTION ( 'NONE',  ( -1.000000000000000000, -0.000000000000000000, -0.000000000000000000 ) ) ;
#655 = VECTOR ( 'NONE', #1595, 1000.000000000000000 ) ;
#656 = VECTOR ( 'NONE', #2414, 1000.000000000000000 ) ;
#657 = VERTEX_POINT ( 'NONE', #2561 ) ;
#658 = VERTEX_POINT ( 'NONE', #2579 ) ;
#659 = DIRECTION ( 'NONE',  ( 0.7071067811865474617, 0.7071067811865474617, -0.000000000000000000 ) ) ;
#660 = DIRECTION ( 'NONE',  ( 0.05233595624294395260, 0.000000000000000000, 0.9986295347545739443 ) ) ;
#661 = ORIENTED_EDGE ( 'NONE', *, *, #143, .F. ) ;
#662 = DIRECTION ( 'NONE',  ( 0.000000000000000000, 0.000000000000000000, 1.000000000000000000 ) ) ;
#663 = EDGE_CURVE ( 'NONE', #689, #1130, #2801, .T. ) ;
#664 = VECTOR ( 'NONE', #1607, 1000.000000000000114 ) ;
#665 = DIRECTION ( 'NONE',  ( 0.000000000000000000, 0.000000000000000000, -1.000000000000000000 ) ) ;
#666 = CARTESIAN_POINT ( 'NONE',  ( 5.337057896117098466, -10.50000000000000355, 1.499999999999999112 ) ) ;
#667 = ORIENTED_EDGE ( 'NONE', *, *, #1668, .F. ) ;
#668 = CARTESIAN_POINT ( 'NONE',  ( 10.32180636813365027, -4.857167499684377887, 5.400137046524541518 ) ) ;
#669 = EDGE_CURVE ( 'NONE', #2275, #3141, #1773, .T. ) ;
#670 = EDGE_CURVE ( 'NONE', #2370, #3303, #1272, .T. ) ;
#671 = CARTESIAN_POINT ( 'NONE',  ( 2.999999999999974687, 8.200000000000009948, 2.000000000000000000 ) ) ;
#672 = ORIENTED_EDGE ( 'NONE', *, *, #1634, .T. ) ;
#673 = VECTOR ( 'NONE', #1655, 1000.000000000000114 ) ;
#674 = ORIENTED_EDGE ( 'NONE', *, *, #1556, .F. ) ;
#675 = CARTESIAN_POINT ( 'NONE',  ( 0.000000000000000000, 6.938893903907228378E-15, 2.000000000000000000 ) ) ;
#676 = VECTOR ( 'NONE', #3090, 1000.000000000000114 ) ;
#677 = ORIENTED_EDGE ( 'NONE', *, *, #323, .T. ) ;
#678 = DIRECTION ( 'NONE',  ( -0.000000000000000000, -0.000000000000000000, -1.000000000000000000 ) ) ;
#679 = DIRECTION ( 'NONE',  ( 0.9986295347545739443, -3.118222975936279158E-14, 0.05233595624294395260 ) ) ;
#680 = LINE ( 'NONE', #2757, #1198 ) ;
#681 = ADVANCED_FACE ( 'NONE', ( #1464 ), #1200, .T. ) ;
#682 = ORIENTED_EDGE ( 'NONE', *, *, #2611, .T. ) ;
#683 = EDGE_CURVE ( 'NONE', #463, #3176, #962, .T. ) ;
#684 = DIRECTION ( 'NONE',  ( -0.000000000000000000, -0.000000000000000000, -1.000000000000000000 ) ) ;
#685 =( GEOMETRIC_REPRESENTATION_CONTEXT ( 3 ) GLOBAL_UNCERTAINTY_ASSIGNED_CONTEXT ( ( #235 ) ) GLOBAL_UNIT_ASSIGNED_CONTEXT ( ( #2285, #438, #2033 ) ) REPRESENTATION_CONTEXT ( 'NONE', 'WORKASPACE' ) );
#686 = DIRECTION ( 'NONE',  ( -0.7071067811865491270, 0.000000000000000000, -0.7071067811865460184 ) ) ;
#687 = CARTESIAN_POINT ( 'NONE',  ( -2.999999999999975131, 8.200000000000009948, 2.000000000000000000 ) ) ;
#688 = ORIENTED_EDGE ( 'NONE', *, *, #2608, .T. ) ;
#689 = VERTEX_POINT ( 'NONE', #1622 ) ;
#690 = DIRECTION ( 'NONE',  ( 0.000000000000000000, 0.000000000000000000, -1.000000000000000000 ) ) ;
#691 = VERTEX_POINT ( 'NONE', #829 ) ;
#692 = CARTESIAN_POINT ( 'NONE',  ( -9.999999999999998224, -8.500000000000003553, 2.000000000000000000 ) ) ;
#693 = EDGE_CURVE ( 'NONE', #2349, #901, #1805, .T. ) ;
#694 = DIRECTION ( 'NONE',  ( 0.05232366301070896092, -0.02167317085207508959, -0.9983949659099640161 ) ) ;
#695 = CARTESIAN_POINT ( 'NONE',  ( -6.711362044608185862, 5.241848945016103656, 5.500000000000000000 ) ) ;
#696 = ORIENTED_EDGE ( 'NONE', *, *, #157, .T. ) ;
#697 = CARTESIAN_POINT ( 'NONE',  ( -8.021806368133651333, -2.557167499683619116, 5.400137046524545070 ) ) ;
#698 = ADVANCED_FACE ( 'NONE', ( #1030 ), #1344, .T. ) ;
#699 = DIRECTION ( 'NONE',  ( 0.000000000000000000, 0.7071067811865439090, -0.7071067811865512365 ) ) ;
#700 = EDGE_LOOP ( 'NONE', ( #1312, #733, #1763, #2210, #290, #674 ) ) ;
#701 = VECTOR ( 'NONE', #1651, 1000.000000000000114 ) ;
#702 = EDGE_LOOP ( 'NONE', ( #2624, #2069, #3270, #2294 ) ) ;
#703 = CONICAL_SURFACE ( 'NONE', #3384, 2.000000000000000000, 0.7853981633974517207 ) ;
#704 = ORIENTED_EDGE ( 'NONE', *, *, #2230, .T. ) ;
#705 = LINE ( 'NONE', #3073, #2369 ) ;
#706 = ADVANCED_FACE ( 'NONE', ( #1589 ), #1067, .F. ) ;
#707 = DIRECTION ( 'NONE',  ( -0.7071067811865474617, -0.7071067811865474617, 0.000000000000000000 ) ) ;
#708 = VERTEX_POINT ( 'NONE', #2850 ) ;
#709 = CARTESIAN_POINT ( 'NONE',  ( -7.910897322236005280, -2.302044394423812257, 5.500000000000000000 ) ) ;
#710 = CARTESIAN_POINT ( 'NONE',  ( 5.499999999999998224, -6.560660171779812089, 2.000000000000000000 ) ) ;
#711 = DIRECTION ( 'NONE',  ( -0.02167317085207508959, 0.05232366301070896092, -0.9983949659099640161 ) ) ;
#712 = ORIENTED_EDGE ( 'NONE', *, *, #2100, .T. ) ;
#713 = DIRECTION ( 'NONE',  ( -0.000000000000000000, -1.000000000000000000, -0.000000000000000000 ) ) ;
#714 = AXIS2_PLACEMENT_3D ( 'NONE', #3071, #2040, #3357 ) ;
#715 = FACE_OUTER_BOUND ( 'NONE', #3393, .T. ) ;
#716 = EDGE_LOOP ( 'NONE', ( #123, #286, #3334, #559 ) ) ;
#717 = ORIENTED_EDGE ( 'NONE', *, *, #2321, .T. ) ;
#718 = CARTESIAN_POINT ( 'NONE',  ( 4.782443672190330730, 10.39129660000258326, 5.500000000000000000 ) ) ;
#719 = VERTEX_POINT ( 'NONE', #3380 ) ;
#720 = DIRECTION ( 'NONE',  ( -1.000000000000000000, 0.000000000000000000, 0.000000000000000000 ) ) ;
#721 = EDGE_CURVE ( 'NONE', #691, #3102, #3217, .T. ) ;
#722 = ADVANCED_FACE ( 'NONE', ( #2905 ), #40, .F. ) ;
#723 = CARTESIAN_POINT ( 'NONE',  ( -8.499999999999996447, -8.500000000000003553, 0.5000000000000038858 ) ) ;
#724 = EDGE_CURVE ( 'NONE', #857, #3301, #3142, .T. ) ;
#725 = ORIENTED_EDGE ( 'NONE', *, *, #196, .T. ) ;
#726 = DIRECTION ( 'NONE',  ( 0.000000000000000000, -0.6691306063588650099, 0.7431448254773881379 ) ) ;
#727 = VECTOR ( 'NONE', #1223, 1000.000000000000000 ) ;
#728 = CARTESIAN_POINT ( 'NONE',  ( -2.999999999999976463, -8.199999999999995737, 2.000000000000000000 ) ) ;
#729 = VERTEX_POINT ( 'NONE', #2354 ) ;
#730 = DIRECTION ( 'NONE',  ( -0.05192313731231754798, -0.1253535423003563354, -0.9907524803120096868 ) ) ;
#731 = CARTESIAN_POINT ( 'NONE',  ( -10.49999999999999645, 5.299999999999926104, 2.000000000000000000 ) ) ;
#732 = ORIENTED_EDGE ( 'NONE', *, *, #3024, .T. ) ;
#733 = ORIENTED_EDGE ( 'NONE', *, *, #428, .T. ) ;
#734 = EDGE_CURVE ( 'NONE', #2746, #2565, #795, .T. ) ;
#735 = CARTESIAN_POINT ( 'NONE',  ( 2.575547297337489994, 4.878272861947053229, 6.030491216618128369 ) ) ;
#736 = VERTEX_POINT ( 'NONE', #2869 ) ;
#737 = LINE ( 'NONE', #2264, #3188 ) ;
#738 = ORIENTED_EDGE ( 'NONE', *, *, #140, .T. ) ;
#739 = FACE_OUTER_BOUND ( 'NONE', #1709, .T. ) ;
#740 = PLANE ( 'NONE',  #2870 ) ;
#741 = FACE_OUTER_BOUND ( 'NONE', #965, .T. ) ;
#742 = VERTEX_POINT ( 'NONE', #538 ) ;
#743 = DIRECTION ( 'NONE',  ( -1.000000000000000000, -0.000000000000000000, -0.000000000000000000 ) ) ;
#744 = ADVANCED_FACE ( 'NONE', ( #3103 ), #1860, .T. ) ;
#745 = DIRECTION ( 'NONE',  ( 0.05233595624294395260, 0.000000000000000000, 0.9986295347545739443 ) ) ;
#746 = ORIENTED_EDGE ( 'NONE', *, *, #1735, .T. ) ;
#747 = EDGE_CURVE ( 'NONE', #589, #3366, #2633, .T. ) ;
#748 = ORIENTED_EDGE ( 'NONE', *, *, #1287, .T. ) ;
#749 = LINE ( 'NONE', #3012, #1581 ) ;
#750 = CARTESIAN_POINT ( 'NONE',  ( -6.102204781945407497, -6.606809219881326634, 4.243115281876715272 ) ) ;
#751 = DIRECTION ( 'NONE',  ( 0.7071067811865476838, -0.7071067811865474617, -0.000000000000000000 ) ) ;
#752 = VECTOR ( 'NONE', #3059, 1000.000000000000114 ) ;
#753 = LINE ( 'NONE', #3377, #2183 ) ;
#754 = ORIENTED_EDGE ( 'NONE', *, *, #428, .F. ) ;
#755 = CARTESIAN_POINT ( 'NONE',  ( 7.408179835779300504, -3.453906532793565631, 7.082001612608429753 ) ) ;
#756 = VECTOR ( 'NONE', #2105, 1000.000000000000000 ) ;
#757 = VECTOR ( 'NONE', #2107, 1000.000000000000114 ) ;
#758 = DIRECTION ( 'NONE',  ( -0.000000000000000000, -0.000000000000000000, -1.000000000000000000 ) ) ;
#759 = DIRECTION ( 'NONE',  ( 0.000000000000000000, -0.6691306063588650099, 0.7431448254773881379 ) ) ;
#760 = EDGE_LOOP ( 'NONE', ( #1406, #1869, #3082, #1676 ) ) ;
#761 = CYLINDRICAL_SURFACE ( 'NONE', #3133, 2.000000000000000000 ) ;
#762 = EDGE_CURVE ( 'NONE', #1063, #2267, #1360, .T. ) ;
#763 = DIRECTION ( 'NONE',  ( -0.000000000000000000, -1.000000000000000000, -0.000000000000000000 ) ) ;
#764 = CARTESIAN_POINT ( 'NONE',  ( 6.632937506158555152, 5.320273483464545095, 5.400137046524542406 ) ) ;
#765 = EDGE_CURVE ( 'NONE', #2330, #1604, #574, .T. ) ;
#766 = ORIENTED_EDGE ( 'NONE', *, *, #456, .T. ) ;
#767 = VECTOR ( 'NONE', #3045, 1000.000000000000000 ) ;
#768 = EDGE_CURVE ( 'NONE', #3304, #1102, #259, .T. ) ;
#769 = PRODUCT_DEFINITION ( 'UNKNOWN', '', #353, #3354 ) ;
#770 = EDGE_LOOP ( 'NONE', ( #1957, #3093, #1026, #3389 ) ) ;
#771 = PLANE ( 'NONE',  #3164 ) ;
#772 = DIRECTION ( 'NONE',  ( 0.000000000000000000, -0.000000000000000000, 1.000000000000000000 ) ) ;
#773 = CARTESIAN_POINT ( 'NONE',  ( -8.200000000000017053, 5.499999999999976907, 2.000000000000000000 ) ) ;
#774 = DIRECTION ( 'NONE',  ( -0.000000000000000000, -0.000000000000000000, -1.000000000000000000 ) ) ;
#775 = EDGE_LOOP ( 'NONE', ( #717, #2140, #1772, #3078 ) ) ;
#776 = DIRECTION ( 'NONE',  ( 0.7071067811865476838, -0.7071067811865474617, -0.000000000000000000 ) ) ;
#777 = VECTOR ( 'NONE', #1076, 999.9999999999998863 ) ;
#778 = CARTESIAN_POINT ( 'NONE',  ( 0.000000000000000000, -10.21089732223601132, 5.500000000000000000 ) ) ;
#779 = ORIENTED_EDGE ( 'NONE', *, *, #182, .T. ) ;
#780 = VECTOR ( 'NONE', #3351, 1000.000000000000227 ) ;
#781 = LINE ( 'NONE', #817, #997 ) ;
#782 = VECTOR ( 'NONE', #2304, 1000.000000000000114 ) ;
#783 = DIRECTION ( 'NONE',  ( 0.000000000000000000, -0.05233595624294395954, 0.9986295347545739443 ) ) ;
#784 = CARTESIAN_POINT ( 'NONE',  ( -10.21089732223600066, 4.602044394423707274, 5.500000000000000000 ) ) ;
#785 = CARTESIAN_POINT ( 'NONE',  ( -5.210897322235999773, 0.000000000000000000, 5.500000000000000000 ) ) ;
#786 = EDGE_CURVE ( 'NONE', #3141, #587, #279, .T. ) ;
#787 = ORIENTED_EDGE ( 'NONE', *, *, #2229, .T. ) ;
#788 = ORIENTED_EDGE ( 'NONE', *, *, #786, .F. ) ;
#789 = SURFACE_SIDE_STYLE ('',( #3136 ) ) ;
#790 = VERTEX_POINT ( 'NONE', #2666 ) ;
#791 = PLANE ( 'NONE',  #1439 ) ;
#792 = EDGE_CURVE ( 'NONE', #928, #3102, #2374, .T. ) ;
#793 = CARTESIAN_POINT ( 'NONE',  ( 0.7347565497960198977, -0.7347565497960198977, 5.500000000000000000 ) ) ;
#794 = EDGE_LOOP ( 'NONE', ( #213, #3068, #1074, #2613 ) ) ;
#795 = LINE ( 'NONE', #243, #98 ) ;
#796 = FACE_OUTER_BOUND ( 'NONE', #3214, .T. ) ;
#797 = ORIENTED_EDGE ( 'NONE', *, *, #516, .T. ) ;
#798 = PLANE ( 'NONE',  #1269 ) ;
#799 = ADVANCED_FACE ( 'NONE', ( #1606 ), #2391, .F. ) ;
#800 = DIRECTION ( 'NONE',  ( 0.000000000000000000, 1.000000000000000000, 0.000000000000000000 ) ) ;
#801 = DIRECTION ( 'NONE',  ( 0.000000000000000000, -0.6691306063588650099, 0.7431448254773881379 ) ) ;
#802 = FACE_OUTER_BOUND ( 'NONE', #414, .T. ) ;
#803 = ORIENTED_EDGE ( 'NONE', *, *, #3091, .T. ) ;
#804 = CARTESIAN_POINT ( 'NONE',  ( -10.49999999999999645, -5.299999999999987388, 2.000000000000000000 ) ) ;
#805 = ORIENTED_EDGE ( 'NONE', *, *, #579, .T. ) ;
#806 = CARTESIAN_POINT ( 'NONE',  ( -6.560660171779836070, 5.499999999999976907, 2.000000000000000000 ) ) ;
#807 = DIRECTION ( 'NONE',  ( -0.000000000000000000, 1.000000000000000000, -0.000000000000000000 ) ) ;
#808 = ORIENTED_EDGE ( 'NONE', *, *, #3216, .T. ) ;
#809 = EDGE_CURVE ( 'NONE', #2044, #1018, #3245, .T. ) ;
#810 = CARTESIAN_POINT ( 'NONE',  ( -8.499999999999996447, -8.500000000000003553, 0.5000000000000038858 ) ) ;
#811 = EDGE_CURVE ( 'NONE', #1898, #96, #60, .T. ) ;
#812 = AXIS2_PLACEMENT_3D ( 'NONE', #1925, #1702, #1684 ) ;
#813 = AXIS2_PLACEMENT_3D ( 'NONE', #3148, #2172, #1866 ) ;
#814 = FACE_OUTER_BOUND ( 'NONE', #3297, .T. ) ;
#815 = EDGE_LOOP ( 'NONE', ( #1207, #92, #1144, #2031 ) ) ;
#816 = AXIS2_PLACEMENT_3D ( 'NONE', #853, #1846, #301 ) ;
#817 = CARTESIAN_POINT ( 'NONE',  ( -5.499999999999994671, 6.560660171779826300, 2.000000000000000000 ) ) ;
#818 = VECTOR ( 'NONE', #1296, 1000.000000000000000 ) ;
#819 = DIRECTION ( 'NONE',  ( -0.2941979141786479901, -0.7102565944319673141, 0.6395179101157657531 ) ) ;
#820 = PLANE ( 'NONE',  #1670 ) ;
#821 = DIRECTION ( 'NONE',  ( -0.7071067811865475727, 0.7071067811865475727, 0.000000000000000000 ) ) ;
#822 = ORIENTED_EDGE ( 'NONE', *, *, #2991, .T. ) ;
#823 = LINE ( 'NONE', #3189, #2016 ) ;
#824 = DIRECTION ( 'NONE',  ( -1.000000000000000000, 0.000000000000000000, 0.000000000000000000 ) ) ;
#825 = AXIS2_PLACEMENT_3D ( 'NONE', #1311, #523, #3106 ) ;
#826 = EDGE_LOOP ( 'NONE', ( #467, #1222, #1992, #1781 ) ) ;
#827 = DIRECTION ( 'NONE',  ( 0.7071067811865475727, 0.7071067811865475727, 0.000000000000000000 ) ) ;
#828 = ORIENTED_EDGE ( 'NONE', *, *, #472, .T. ) ;
#829 = CARTESIAN_POINT ( 'NONE',  ( -10.49999999999999645, -8.499999999999989342, 0.5000000000000038858 ) ) ;
#830 = ADVANCED_FACE ( 'NONE', ( #2199 ), #1930, .T. ) ;
#831 = FACE_OUTER_BOUND ( 'NONE', #184, .T. ) ;
#832 = CARTESIAN_POINT ( 'NONE',  ( 7.910897322236107421, 2.302044394424004548, 5.500000000000000000 ) ) ;
#833 = EDGE_LOOP ( 'NONE', ( #2853, #696, #3121, #2039, #927, #2541, #392, #746, #2601, #3074 ) ) ;
#834 = CARTESIAN_POINT ( 'NONE',  ( -8.499999999999996447, -8.500000000000003553, 2.000000000000000000 ) ) ;
#835 = AXIS2_PLACEMENT_3D ( 'NONE', #1460, #3086, #1784 ) ;
#836 = FACE_OUTER_BOUND ( 'NONE', #2165, .T. ) ;
#837 = AXIS2_PLACEMENT_3D ( 'NONE', #834, #578, #1625 ) ;
#838 = CARTESIAN_POINT ( 'NONE',  ( -10.00000000000000355, -8.500000000000003553, 2.000000000000000000 ) ) ;
#839 = LINE ( 'NONE', #12, #1972 ) ;
#840 = ORIENTED_EDGE ( 'NONE', *, *, #366, .T. ) ;
#841 = AXIS2_PLACEMENT_3D ( 'NONE', #692, #2830, #2284 ) ;
#842 = CARTESIAN_POINT ( 'NONE',  ( -5.498140956359408804, -6.561430212868792466, 2.035472665814467508 ) ) ;
#843 = DIRECTION ( 'NONE',  ( 1.000000000000000000, 0.000000000000000000, 0.000000000000000000 ) ) ;
#844 = ADVANCED_FACE ( 'NONE', ( #1912 ), #848, .T. ) ;
#845 = VERTEX_POINT ( 'NONE', #331 ) ;
#846 = DIRECTION ( 'NONE',  ( 0.000000000000000000, 1.000000000000000000, 0.000000000000000000 ) ) ;
#847 = ORIENTED_EDGE ( 'NONE', *, *, #2065, .T. ) ;
#848 = PLANE ( 'NONE',  #359 ) ;
#849 = VECTOR ( 'NONE', #933, 1000.000000000000000 ) ;
#850 = DIRECTION ( 'NONE',  ( 0.7061377159181262408, -0.7061377159181263519, 0.05233595624294395954 ) ) ;
#851 = ORIENTED_EDGE ( 'NONE', *, *, #323, .F. ) ;
#852 = DIRECTION ( 'NONE',  ( -0.7431448254773879158, 0.000000000000000000, -0.6691306063588651210 ) ) ;
#853 = CARTESIAN_POINT ( 'NONE',  ( 2.999999999999224176, -8.200000000000096989, 2.000000000000000000 ) ) ;
#854 = CARTESIAN_POINT ( 'NONE',  ( 8.500000000000003553, -8.500000000000003553, 0.000000000000000000 ) ) ;
#855 = CARTESIAN_POINT ( 'NONE',  ( -5.495522027847017377, 8.195522027847031765, 2.085444798734804372 ) ) ;
#856 = UNCERTAINTY_MEASURE_WITH_UNIT (LENGTH_MEASURE( 1.000000000000000082E-05 ), #2881, 'distance_accuracy_value', 'NONE');
#857 = VERTEX_POINT ( 'NONE', #3230 ) ;
#858 = ADVANCED_FACE ( 'NONE', ( #1377 ), #3212, .F. ) ;
#859 = LINE ( 'NONE', #1111, #1242 ) ;
#860 = LINE ( 'NONE', #1618, #380 ) ;
#861 = ORIENTED_EDGE ( 'NONE', *, *, #37, .F. ) ;
#862 = LINE ( 'NONE', #91, #3271 ) ;
#863 = EDGE_LOOP ( 'NONE', ( #223, #1993, #2363, #2303 ) ) ;
#864 = LINE ( 'NONE', #2961, #673 ) ;
#865 = PLANE ( 'NONE',  #1870 ) ;
#866 = ORIENTED_EDGE ( 'NONE', *, *, #1648, .T. ) ;
#867 = DIRECTION ( 'NONE',  ( -0.3618073217592002733, -0.8734801431569455543, 0.3257727757685659475 ) ) ;
#868 = CIRCLE ( 'NONE', #651, 1.500000000000001332 ) ;
#869 = CARTESIAN_POINT ( 'NONE',  ( -9.999999999999989342, 8.499999999999989342, 0.000000000000000000 ) ) ;
#870 = DIRECTION ( 'NONE',  ( -1.000000000000000000, 0.000000000000000000, 0.000000000000000000 ) ) ;
#871 = LINE ( 'NONE', #1646, #2789 ) ;
#872 = VECTOR ( 'NONE', #763, 1000.000000000000000 ) ;
#873 = EDGE_LOOP ( 'NONE', ( #2944, #2575, #2475, #295, #2710, #3158, #2051, #2174 ) ) ;
#874 = CARTESIAN_POINT ( 'NONE',  ( 5.499999999999998224, 6.560660171779828964, 2.000000000000000000 ) ) ;
#875 = EDGE_CURVE ( 'NONE', #555, #1298, #883, .T. ) ;
#876 = EDGE_CURVE ( 'NONE', #897, #2778, #2942, .T. ) ;
#877 = VECTOR ( 'NONE', #2068, 1000.000000000000000 ) ;
#878 = DIRECTION ( 'NONE',  ( 0.02167317085207510693, 0.05232366301070896786, -0.9983949659099640161 ) ) ;
#879 = ORIENTED_EDGE ( 'NONE', *, *, #3200, .F. ) ;
#880 = CARTESIAN_POINT ( 'NONE',  ( -5.628631411030048604, -3.207832921351504663, 7.554961456612923953 ) ) ;
#881 = ORIENTED_EDGE ( 'NONE', *, *, #372, .F. ) ;
#882 = AXIS2_PLACEMENT_3D ( 'NONE', #2200, #2444, #1134 ) ;
#883 = LINE ( 'NONE', #93, #2383 ) ;
#884 = PLANE ( 'NONE',  #2356 ) ;
#885 = ORIENTED_EDGE ( 'NONE', *, *, #2416, .F. ) ;
#886 = CARTESIAN_POINT ( 'NONE',  ( -8.816190777705903869, -3.528451819339388340, 3.183809222294107677 ) ) ;
#887 = EDGE_CURVE ( 'NONE', #1098, #2109, #610, .T. ) ;
#888 = LINE ( 'NONE', #1934, #489 ) ;
#889 = FACE_OUTER_BOUND ( 'NONE', #33, .T. ) ;
#890 = LINE ( 'NONE', #2206, #324 ) ;
#891 = ORIENTED_EDGE ( 'NONE', *, *, #2226, .F. ) ;
#892 = CARTESIAN_POINT ( 'NONE',  ( -0.7347565497960151237, -0.7347565497960150127, 5.500000000000000000 ) ) ;
#893 = VECTOR ( 'NONE', #551, 1000.000000000000000 ) ;
#894 = FACE_OUTER_BOUND ( 'NONE', #2779, .T. ) ;
#895 = AXIS2_PLACEMENT_3D ( 'NONE', #636, #3222, #1128 ) ;
#896 = ORIENTED_EDGE ( 'NONE', *, *, #2921, .T. ) ;
#897 = VERTEX_POINT ( 'NONE', #2683 ) ;
#898 = DIRECTION ( 'NONE',  ( -0.6048381964124416310, -0.5631033458258526414, -0.5631033458258569713 ) ) ;
#899 = EDGE_CURVE ( 'NONE', #2005, #2626, #864, .T. ) ;
#900 = CARTESIAN_POINT ( 'NONE',  ( -8.499999999999996447, -10.00000000000000533, 2.000000000000000000 ) ) ;
#901 = VERTEX_POINT ( 'NONE', #1673 ) ;
#902 = VECTOR ( 'NONE', #1696, 1000.000000000000000 ) ;
#903 = LINE ( 'NONE', #1950, #3030 ) ;
#904 = LINE ( 'NONE', #1171, #1448 ) ;
#905 = CARTESIAN_POINT ( 'NONE',  ( 8.499999999999989342, 10.50000000000000000, 1.499999999999999112 ) ) ;
#906 = ORIENTED_EDGE ( 'NONE', *, *, #159, .F. ) ;
#907 = LINE ( 'NONE', #1923, #1053 ) ;
#908 = DIRECTION ( 'NONE',  ( -0.02167317085207509653, -0.05232366301070895398, -0.9983949659099640161 ) ) ;
#909 = ORIENTED_EDGE ( 'NONE', *, *, #2269, .F. ) ;
#910 = ADVANCED_FACE ( 'NONE', ( #2696 ), #125, .T. ) ;
#911 = ORIENTED_EDGE ( 'NONE', *, *, #2448, .T. ) ;
#912 = LINE ( 'NONE', #1959, #2860 ) ;
#913 = DIRECTION ( 'NONE',  ( -1.000000000000000000, 0.000000000000000000, 0.000000000000000000 ) ) ;
#914 = DIRECTION ( 'NONE',  ( 0.000000000000000000, -0.9986295347545739443, 0.05233595624294395260 ) ) ;
#915 = EDGE_CURVE ( 'NONE', #1130, #147, #1430, .T. ) ;
#916 = ORIENTED_EDGE ( 'NONE', *, *, #3014, .T. ) ;
#917 = EDGE_CURVE ( 'NONE', #3168, #2298, #2976, .T. ) ;
#918 = PLANE ( 'NONE',  #2261 ) ;
#919 = CARTESIAN_POINT ( 'NONE',  ( 5.210897322236003326, 7.910897322236014162, 5.500000000000000000 ) ) ;
#920 = CARTESIAN_POINT ( 'NONE',  ( -10.49999999999999645, 5.224608656914972116, 3.017210243735392261 ) ) ;
#921 = ORIENTED_EDGE ( 'NONE', *, *, #3268, .T. ) ;
#922 = CARTESIAN_POINT ( 'NONE',  ( 5.210897322236004214, 0.000000000000000000, 5.500000000000000000 ) ) ;
#923 = CIRCLE ( 'NONE', #2070, 1.500000000000001332 ) ;
#924 = PLANE ( 'NONE',  #205 ) ;
#925 = CONICAL_SURFACE ( 'NONE', #2837, 2.010897322236002260, 0.8377580409572688014 ) ;
#926 = VECTOR ( 'NONE', #1203, 1000.000000000000000 ) ;
#927 = ORIENTED_EDGE ( 'NONE', *, *, #3053, .T. ) ;
#928 = VERTEX_POINT ( 'NONE', #2461 ) ;
#929 = CARTESIAN_POINT ( 'NONE',  ( 7.910897322236107421, 0.000000000000000000, 5.500000000000000000 ) ) ;
#930 = ADVANCED_FACE ( 'NONE', ( #110 ), #1947, .T. ) ;
#931 = ORIENTED_EDGE ( 'NONE', *, *, #2419, .F. ) ;
#932 = CARTESIAN_POINT ( 'NONE',  ( 0.000000000000000000, 6.938893903907228378E-15, 5.500000000000000000 ) ) ;
#933 = DIRECTION ( 'NONE',  ( 0.05226442768871403938, -0.05226442768871403938, -0.9972646886342373396 ) ) ;
#934 = DIRECTION ( 'NONE',  ( 0.7061377159181263519, 0.7061377159181262408, 0.05233595624294394566 ) ) ;
#935 = ORIENTED_EDGE ( 'NONE', *, *, #1121, .T. ) ;
#936 = LINE ( 'NONE', #2501, #1161 ) ;
#937 = LINE ( 'NONE', #3210, #320 ) ;
#938 = CARTESIAN_POINT ( 'NONE',  ( 5.210897322236004214, -6.680410421828035794, 5.500000000000000000 ) ) ;
#939 = ORIENTED_EDGE ( 'NONE', *, *, #2991, .F. ) ;
#940 = AXIS2_PLACEMENT_3D ( 'NONE', #240, #1819, #751 ) ;
#941 = VECTOR ( 'NONE', #316, 1000.000000000000000 ) ;
#942 = ORIENTED_EDGE ( 'NONE', *, *, #3127, .F. ) ;
#943 = CARTESIAN_POINT ( 'NONE',  ( -5.299999999999989164, -10.50000000000000355, 2.000000000000000000 ) ) ;
#944 = EDGE_CURVE ( 'NONE', #742, #961, #383, .T. ) ;
#945 = AXIS2_PLACEMENT_3D ( 'NONE', #1381, #1678, #2431 ) ;
#946 = EDGE_CURVE ( 'NONE', #2866, #368, #912, .T. ) ;
#947 = ORIENTED_EDGE ( 'NONE', *, *, #2628, .F. ) ;
#948 = CARTESIAN_POINT ( 'NONE',  ( 0.000000000000000000, -7.910897322236001727, 5.500000000000000000 ) ) ;
#949 = ADVANCED_FACE ( 'NONE', ( #1446 ), #1099, .T. ) ;
#950 = PLANE ( 'NONE',  #2707 ) ;
#951 = DIRECTION ( 'NONE',  ( 1.000000000000000000, -0.000000000000000000, -0.000000000000000000 ) ) ;
#952 = VECTOR ( 'NONE', #3031, 1000.000000000000000 ) ;
#953 = ORIENTED_EDGE ( 'NONE', *, *, #2952, .T. ) ;
#954 = CARTESIAN_POINT ( 'NONE',  ( 0.000000000000000000, -7.910897322236001727, 5.500000000000000000 ) ) ;
#955 = CARTESIAN_POINT ( 'NONE',  ( -8.200000000000002842, -3.000000000000025313, 2.000000000000000000 ) ) ;
#956 = ORIENTED_EDGE ( 'NONE', *, *, #1284, .T. ) ;
#957 = EDGE_CURVE ( 'NONE', #2393, #1601, #1753, .T. ) ;
#958 = EDGE_LOOP ( 'NONE', ( #738, #1262, #808, #2539 ) ) ;
#959 = ORIENTED_EDGE ( 'NONE', *, *, #2111, .F. ) ;
#960 = FACE_OUTER_BOUND ( 'NONE', #2861, .T. ) ;
#961 = VERTEX_POINT ( 'NONE', #1769 ) ;
#962 = LINE ( 'NONE', #3061, #424 ) ;
#963 = CARTESIAN_POINT ( 'NONE',  ( 10.21089732223591717, 4.602044394423813856, 5.500000000000000000 ) ) ;
#964 = CARTESIAN_POINT ( 'NONE',  ( 5.321806368133647602, 6.634470390827390318, 5.400137046524544182 ) ) ;
#965 = EDGE_LOOP ( 'NONE', ( #2804, #72, #661, #3359 ) ) ;
#966 = AXIS2_PLACEMENT_3D ( 'NONE', #2078, #2651, #3159 ) ;
#967 = CARTESIAN_POINT ( 'NONE',  ( -2.999999999999976463, 8.200000000000006395, 2.000000000000000000 ) ) ;
#968 = LINE ( 'NONE', #1259, #872 ) ;
#969 = ADVANCED_FACE ( 'NONE', ( #2301 ), #3023, .T. ) ;
#970 = ORIENTED_EDGE ( 'NONE', *, *, #2309, .F. ) ;
#971 = ADVANCED_FACE ( 'NONE', ( #139 ), #2094, .T. ) ;
#972 = VECTOR ( 'NONE', #2931, 1000.000000000000000 ) ;
#973 = CIRCLE ( 'NONE', #464, 1.499999999999992673 ) ;
#974 = EDGE_CURVE ( 'NONE', #463, #1289, #2557, .T. ) ;
#975 = ORIENTED_EDGE ( 'NONE', *, *, #3186, .T. ) ;
#976 = VECTOR ( 'NONE', #1451, 1000.000000000000000 ) ;
#977 = ORIENTED_EDGE ( 'NONE', *, *, #308, .T. ) ;
#978 = DIRECTION ( 'NONE',  ( 1.000000000000000000, 0.000000000000000000, 0.000000000000000000 ) ) ;
#979 = VECTOR ( 'NONE', #2160, 1000.000000000000000 ) ;
#980 = ORIENTED_EDGE ( 'NONE', *, *, #1590, .T. ) ;
#981 = LINE ( 'NONE', #1756, #2589 ) ;
#982 = CARTESIAN_POINT ( 'NONE',  ( -10.49999999999999645, -5.337057896117953781, 1.500000000000002665 ) ) ;
#983 = CARTESIAN_POINT ( 'NONE',  ( -2.863361782885055717, 4.178193631866356839, 5.400137046524545958 ) ) ;
#984 = ORIENTED_EDGE ( 'NONE', *, *, #768, .T. ) ;
#985 = DIRECTION ( 'NONE',  ( -1.000000000000000000, 0.000000000000000000, 0.000000000000000000 ) ) ;
#986 = VECTOR ( 'NONE', #951, 1000.000000000000000 ) ;
#987 = EDGE_CURVE ( 'NONE', #2880, #2878, #2026, .T. ) ;
#988 = CARTESIAN_POINT ( 'NONE',  ( 10.50000000000000355, 8.499999999999987566, 2.000000000000000000 ) ) ;
#989 = EDGE_LOOP ( 'NONE', ( #1961, #2041, #3206, #1127, #481, #3370 ) ) ;
#990 = VERTEX_POINT ( 'NONE', #1196 ) ;
#991 = ORIENTED_EDGE ( 'NONE', *, *, #103, .F. ) ;
#992 = DIRECTION ( 'NONE',  ( 0.000000000000000000, -1.000000000000000000, 0.000000000000000000 ) ) ;
#993 = ORIENTED_EDGE ( 'NONE', *, *, #304, .F. ) ;
#994 = VECTOR ( 'NONE', #1470, 1000.000000000000114 ) ;
#995 = ORIENTED_EDGE ( 'NONE', *, *, #3127, .T. ) ;
#996 = FACE_OUTER_BOUND ( 'NONE', #1337, .T. ) ;
#997 = VECTOR ( 'NONE', #1864, 1000.000000000000000 ) ;
#998 = EDGE_CURVE ( 'NONE', #587, #312, #1180, .T. ) ;
#999 = DIRECTION ( 'NONE',  ( -1.000000000000000000, -0.000000000000000000, -0.000000000000000000 ) ) ;
#1000 = LINE ( 'NONE', #1516, #1366 ) ;
#1001 = ORIENTED_EDGE ( 'NONE', *, *, #724, .T. ) ;
#1002 = CARTESIAN_POINT ( 'NONE',  ( 0.000000000000000000, 0.000000000000000000, 5.500000000000000000 ) ) ;
#1003 = EDGE_CURVE ( 'NONE', #742, #2746, #434, .T. ) ;
#1004 = DIRECTION ( 'NONE',  ( -0.000000000000000000, 0.000000000000000000, -1.000000000000000000 ) ) ;
#1005 = VERTEX_POINT ( 'NONE', #943 ) ;
#1006 = CIRCLE ( 'NONE', #2988, 2.299999999999999822 ) ;
#1007 = ORIENTED_EDGE ( 'NONE', *, *, #1835, .F. ) ;
#1008 = CARTESIAN_POINT ( 'NONE',  ( -8.499999999999996447, -8.500000000000003553, 2.000000000000000000 ) ) ;
#1009 = EDGE_LOOP ( 'NONE', ( #3145, #593, #2147, #2705 ) ) ;
#1010 = CARTESIAN_POINT ( 'NONE',  ( 6.900678497676773659, -3.389530786249684180, 8.480534417144074411 ) ) ;
#1011 = EDGE_CURVE ( 'NONE', #2415, #1149, #705, .T. ) ;
#1012 = ORIENTED_EDGE ( 'NONE', *, *, #693, .T. ) ;
#1013 = DIRECTION ( 'NONE',  ( 0.05226442768871403938, 0.05226442768871403938, -0.9972646886342373396 ) ) ;
#1014 = ADVANCED_FACE ( 'NONE', ( #3340 ), #2281, .F. ) ;
#1015 = EDGE_CURVE ( 'NONE', #928, #589, #2312, .T. ) ;
#1016 = CARTESIAN_POINT ( 'NONE',  ( -6.562361201311862402, -5.495893351433734253, 2.078359522621791466 ) ) ;
#1017 = DIRECTION ( 'NONE',  ( -0.000000000000000000, 1.000000000000000000, -0.000000000000000000 ) ) ;
#1018 = VERTEX_POINT ( 'NONE', #450 ) ;
#1019 = DIRECTION ( 'NONE',  ( -0.5631033458258537516, -0.6048381964124415200, 0.5631033458258561941 ) ) ;
#1020 = DIRECTION ( 'NONE',  ( -0.000000000000000000, 0.07391306246704679173, 0.9972646886342373396 ) ) ;
#1021 = CARTESIAN_POINT ( 'NONE',  ( -10.21089732223600066, -4.857167499683582967, 5.500000000000000000 ) ) ;
#1022 = ORIENTED_EDGE ( 'NONE', *, *, #1233, .F. ) ;
#1023 = ORIENTED_EDGE ( 'NONE', *, *, #765, .F. ) ;
#1024 = CARTESIAN_POINT ( 'NONE',  ( 8.500000000000003553, 8.500000000000000000, 2.000000000000000000 ) ) ;
#1025 = VECTOR ( 'NONE', #2675, 1000.000000000000114 ) ;
#1026 = ORIENTED_EDGE ( 'NONE', *, *, #2192, .F. ) ;
#1027 = CARTESIAN_POINT ( 'NONE',  ( -4.799999999999995381, -10.00000000000001066, 2.000000000000000000 ) ) ;
#1028 = FACE_OUTER_BOUND ( 'NONE', #1370, .T. ) ;
#1029 = ORIENTED_EDGE ( 'NONE', *, *, #809, .F. ) ;
#1030 = FACE_OUTER_BOUND ( 'NONE', #2678, .T. ) ;
#1031 = EDGE_CURVE ( 'NONE', #553, #639, #189, .T. ) ;
#1032 = ADVANCED_FACE ( 'NONE', ( #960 ), #341, .T. ) ;
#1033 = VECTOR ( 'NONE', #566, 1000.000000000000000 ) ;
#1034 = CARTESIAN_POINT ( 'NONE',  ( 8.500000000000003553, -8.500000000000003553, 2.000000000000000000 ) ) ;
#1035 = DIRECTION ( 'NONE',  ( -0.7071067811865474617, -0.7071067811865474617, -0.000000000000000000 ) ) ;
#1036 = ORIENTED_EDGE ( 'NONE', *, *, #288, .T. ) ;
#1037 = CARTESIAN_POINT ( 'NONE',  ( 4.004106648565830540, -2.937638798688559483, 2.078359522621789690 ) ) ;
#1038 = CARTESIAN_POINT ( 'NONE',  ( -5.299999999999966072, 10.50000000000000000, 2.000000000000000000 ) ) ;
#1039 = PLANE ( 'NONE',  #105 ) ;
#1040 = CARTESIAN_POINT ( 'NONE',  ( 2.999999999999224176, -8.200000000000096989, 2.000000000000000000 ) ) ;
#1041 = ORIENTED_EDGE ( 'NONE', *, *, #3372, .T. ) ;
#1042 = AXIS2_PLACEMENT_3D ( 'NONE', #2151, #2962, #385 ) ;
#1043 = EDGE_LOOP ( 'NONE', ( #423, #1823, #1506, #1685, #805, #1894 ) ) ;
#1044 = ORIENTED_EDGE ( 'NONE', *, *, #622, .T. ) ;
#1045 = CARTESIAN_POINT ( 'NONE',  ( -6.634470390827398312, 5.321806368133628062, 5.400137046524544182 ) ) ;
#1046 = LINE ( 'NONE', #2352, #2896 ) ;
#1047 = ORIENTED_EDGE ( 'NONE', *, *, #2265, .F. ) ;
#1048 = DIRECTION ( 'NONE',  ( 0.4731467892558278709, -0.4731467892558278154, -0.7431448254773780349 ) ) ;
#1049 = EDGE_CURVE ( 'NONE', #1458, #573, #1209, .T. ) ;
#1050 = VECTOR ( 'NONE', #2813, 999.9999999999998863 ) ;
#1051 = DIRECTION ( 'NONE',  ( 0.7071067811865169306, -0.7071067811865782149, 0.000000000000000000 ) ) ;
#1052 = ORIENTED_EDGE ( 'NONE', *, *, #2176, .F. ) ;
#1053 = VECTOR ( 'NONE', #102, 1000.000000000000114 ) ;
#1054 = LINE ( 'NONE', #1037, #568 ) ;
#1055 = EDGE_CURVE ( 'NONE', #553, #17, #3306, .T. ) ;
#1056 = CARTESIAN_POINT ( 'NONE',  ( -5.373998074543038683, -6.686662097236772517, 5.400137046524545958 ) ) ;
#1057 = PLANE ( 'NONE',  #2211 ) ;
#1058 = CARTESIAN_POINT ( 'NONE',  ( -6.561430212868810230, 5.498140956359391041, 2.035472665814467508 ) ) ;
#1059 = VERTEX_POINT ( 'NONE', #1723 ) ;
#1060 = EDGE_CURVE ( 'NONE', #2275, #1195, #737, .T. ) ;
#1061 = EDGE_CURVE ( 'NONE', #453, #2048, #1496, .T. ) ;
#1062 = VECTOR ( 'NONE', #99, 1000.000000000000114 ) ;
#1063 = VERTEX_POINT ( 'NONE', #2828 ) ;
#1064 = DIRECTION ( 'NONE',  ( 0.7071067811865523467, 0.7071067811865426878, 0.000000000000000000 ) ) ;
#1065 = DIRECTION ( 'NONE',  ( 0.000000000000000000, 0.7071067811865503483, -0.7071067811865447972 ) ) ;
#1066 = ORIENTED_EDGE ( 'NONE', *, *, #1011, .T. ) ;
#1067 = PLANE ( 'NONE',  #1297 ) ;
#1068 = CARTESIAN_POINT ( 'NONE',  ( 10.43100725859185474, -5.133436787987956329, 3.316459929269939710 ) ) ;
#1069 = ORIENTED_EDGE ( 'NONE', *, *, #1478, .F. ) ;
#1070 = FACE_OUTER_BOUND ( 'NONE', #958, .T. ) ;
#1071 = DIRECTION ( 'NONE',  ( -1.000000000000000000, 0.000000000000000000, 0.000000000000000000 ) ) ;
#1072 = DIRECTION ( 'NONE',  ( 3.122502256757930915E-14, 1.000000000000000000, 0.000000000000000000 ) ) ;
#1073 = CARTESIAN_POINT ( 'NONE',  ( 5.337057896117933353, 10.50000000000000000, 1.499999999999999112 ) ) ;
#1074 = ORIENTED_EDGE ( 'NONE', *, *, #90, .F. ) ;
#1075 = EDGE_CURVE ( 'NONE', #2778, #901, #482, .T. ) ;
#1076 = DIRECTION ( 'NONE',  ( -0.5631033458258541957, 0.6048381964124407428, -0.5631033458258567492 ) ) ;
#1077 = ADVANCED_FACE ( 'NONE', ( #501 ), #2074, .F. ) ;
#1078 = EDGE_LOOP ( 'NONE', ( #1663, #1513, #3355, #2440 ) ) ;
#1079 = CARTESIAN_POINT ( 'NONE',  ( -6.634470390827367225, -5.321806368133671583, 5.400137046524545958 ) ) ;
#1080 = ORIENTED_EDGE ( 'NONE', *, *, #1307, .F. ) ;
#1081 = DIRECTION ( 'NONE',  ( -0.7071067811865474617, -0.7071067811865475727, 0.000000000000000000 ) ) ;
#1082 = AXIS2_PLACEMENT_3D ( 'NONE', #3240, #1129, #1175 ) ;
#1083 = VECTOR ( 'NONE', #2711, 1000.000000000000000 ) ;
#1084 = LINE ( 'NONE', #2357, #2079 ) ;
#1085 = VERTEX_POINT ( 'NONE', #3117 ) ;
#1086 = AXIS2_PLACEMENT_3D ( 'NONE', #268, #2946, #783 ) ;
#1087 = CARTESIAN_POINT ( 'NONE',  ( -2.396359988859285473, -5.096359988859307855, 8.034220797799678238 ) ) ;
#1088 = AXIS2_PLACEMENT_3D ( 'NONE', #2362, #32, #821 ) ;
#1089 = CARTESIAN_POINT ( 'NONE',  ( -10.49999999999999645, -8.499999999999989342, 1.499999999999999112 ) ) ;
#1090 = DIRECTION ( 'NONE',  ( 0.5631033458258365432, -0.6048381964124734944, -0.5631033458258389857 ) ) ;
#1091 = CARTESIAN_POINT ( 'NONE',  ( -8.499999999999996447, 10.00000000000000178, 2.000000000000000000 ) ) ;
#1092 = ORIENTED_EDGE ( 'NONE', *, *, #1523, .T. ) ;
#1093 = ADVANCED_FACE ( 'NONE', ( #1602 ), #1545, .F. ) ;
#1094 = FILL_AREA_STYLE ('',( #2399 ) ) ;
#1095 = PLANE ( 'NONE',  #3246 ) ;
#1096 = VERTEX_POINT ( 'NONE', #1530 ) ;
#1097 = DIRECTION ( 'NONE',  ( 0.000000000000000000, 1.000000000000000000, 0.000000000000000000 ) ) ;
#1098 = VERTEX_POINT ( 'NONE', #1322 ) ;
#1099 = PLANE ( 'NONE',  #1987 ) ;
#1100 = LINE ( 'NONE', #2597, #2020 ) ;
#1101 = DIRECTION ( 'NONE',  ( 1.000000000000000000, -0.000000000000000000, -0.000000000000000000 ) ) ;
#1102 = VERTEX_POINT ( 'NONE', #2332 ) ;
#1103 = EDGE_CURVE ( 'NONE', #1533, #555, #2883, .T. ) ;
#1104 = DIRECTION ( 'NONE',  ( 0.5964727848720993153, 0.5964727848720993153, -0.5370665078124351455 ) ) ;
#1105 = VECTOR ( 'NONE', #3322, 1000.000000000000114 ) ;
#1106 = LINE ( 'NONE', #563, #1420 ) ;
#1107 = DIRECTION ( 'NONE',  ( -1.000000000000000000, -0.000000000000000000, -0.000000000000000000 ) ) ;
#1108 = DIRECTION ( 'NONE',  ( 0.000000000000000000, 1.000000000000000000, 0.000000000000000000 ) ) ;
#1109 = ORIENTED_EDGE ( 'NONE', *, *, #445, .F. ) ;
#1110 = AXIS2_PLACEMENT_3D ( 'NONE', #2083, #267, #3126 ) ;
#1111 = CARTESIAN_POINT ( 'NONE',  ( 3.453906532793069140, 7.408179835779868938, 7.082001612608476826 ) ) ;
#1112 = CARTESIAN_POINT ( 'NONE',  ( 10.50000000000000355, 8.499999999999987566, 0.5000000000000038858 ) ) ;
#1113 = ORIENTED_EDGE ( 'NONE', *, *, #1771, .F. ) ;
#1114 = VECTOR ( 'NONE', #3347, 1000.000000000000114 ) ;
#1115 = DIRECTION ( 'NONE',  ( -0.4731467892558116062, -0.4731467892558116062, -0.7431448254773985740 ) ) ;
#1116 = ORIENTED_EDGE ( 'NONE', *, *, #2192, .T. ) ;
#1117 = CARTESIAN_POINT ( 'NONE',  ( 3.389530786249801420, -6.900678497676785206, 8.480534417144022896 ) ) ;
#1118 = AXIS2_PLACEMENT_3D ( 'NONE', #263, #2408, #1896 ) ;
#1119 = FACE_OUTER_BOUND ( 'NONE', #1978, .T. ) ;
#1120 = ORIENTED_EDGE ( 'NONE', *, *, #1927, .F. ) ;
#1121 = EDGE_CURVE ( 'NONE', #845, #137, #3376, .T. ) ;
#1122 = DIRECTION ( 'NONE',  ( -0.000000000000000000, -0.7071067811865451302, -0.7071067811865500152 ) ) ;
#1123 = EDGE_CURVE ( 'NONE', #2179, #1587, #2610, .T. ) ;
#1124 = DIRECTION ( 'NONE',  ( 0.000000000000000000, -0.9986295347545739443, 0.05233595624294395260 ) ) ;
#1125 = CARTESIAN_POINT ( 'NONE',  ( 7.910897322235592277, -2.470179474166090954E-13, 5.500000000000000000 ) ) ;
#1126 = CARTESIAN_POINT ( 'NONE',  ( -10.49999999999999645, -8.499999999999989342, 0.5000000000000038858 ) ) ;
#1127 = ORIENTED_EDGE ( 'NONE', *, *, #3294, .F. ) ;
#1128 = DIRECTION ( 'NONE',  ( 0.7071067811865474617, -0.7071067811865474617, 0.000000000000000000 ) ) ;
#1129 = DIRECTION ( 'NONE',  ( 0.000000000000000000, -0.9986295347545739443, 0.05233595624294395260 ) ) ;
#1130 = VERTEX_POINT ( 'NONE', #1027 ) ;
#1131 = LINE ( 'NONE', #2680, #1083 ) ;
#1132 = ORIENTED_EDGE ( 'NONE', *, *, #119, .F. ) ;
#1133 = DIRECTION ( 'NONE',  ( -0.6691306063588621234, 0.000000000000000000, 0.7431448254773908024 ) ) ;
#1134 = DIRECTION ( 'NONE',  ( 0.000000000000000000, -0.05233595624294395260, 0.9986295347545739443 ) ) ;
#1135 = ORIENTED_EDGE ( 'NONE', *, *, #3299, .T. ) ;
#1136 = CARTESIAN_POINT ( 'NONE',  ( 6.634470390826923136, 5.321806368132911302, 5.400137046524542406 ) ) ;
#1137 = VECTOR ( 'NONE', #1956, 1000.000000000000114 ) ;
#1138 = VECTOR ( 'NONE', #2876, 1000.000000000000114 ) ;
#1139 = EDGE_CURVE ( 'NONE', #2428, #3344, #2318, .T. ) ;
#1140 = LINE ( 'NONE', #645, #1856 ) ;
#1141 = CARTESIAN_POINT ( 'NONE',  ( -6.560660171779806760, -5.500000000000022204, 2.000000000000000000 ) ) ;
#1142 = LINE ( 'NONE', #2968, #2295 ) ;
#1143 = VECTOR ( 'NONE', #1334, 1000.000000000000000 ) ;
#1144 = ORIENTED_EDGE ( 'NONE', *, *, #159, .T. ) ;
#1145 = DIRECTION ( 'NONE',  ( 0.6691306063588621234, 0.000000000000000000, 0.7431448254773908024 ) ) ;
#1146 = LINE ( 'NONE', #106, #261 ) ;
#1147 = ADVANCED_FACE ( 'NONE', ( #1584 ), #2576, .F. ) ;
#1148 = ORIENTED_EDGE ( 'NONE', *, *, #3181, .T. ) ;
#1149 = VERTEX_POINT ( 'NONE', #1286 ) ;
#1150 = CONICAL_SURFACE ( 'NONE', #1806, 1.500000000000001332, 0.7853981633974460586 ) ;
#1151 = DIRECTION ( 'NONE',  ( -0.9986295347545739443, 0.000000000000000000, 0.05233595624294395260 ) ) ;
#1152 = DIRECTION ( 'NONE',  ( 0.000000000000000000, -0.000000000000000000, 1.000000000000000000 ) ) ;
#1153 = ORIENTED_EDGE ( 'NONE', *, *, #1233, .T. ) ;
#1154 = DIRECTION ( 'NONE',  ( 1.000000000000000000, -0.000000000000000000, -0.000000000000000000 ) ) ;
#1155 = DIRECTION ( 'NONE',  ( -0.1253535423003574734, 0.05192313731231753410, -0.9907524803120094647 ) ) ;
#1156 = CARTESIAN_POINT ( 'NONE',  ( -5.210897322236000662, -6.680410421828041123, 5.500000000000000000 ) ) ;
#1157 = ORIENTED_EDGE ( 'NONE', *, *, #1649, .T. ) ;
#1158 = CARTESIAN_POINT ( 'NONE',  ( -10.39129660000258149, 4.782443672190289874, 5.500000000000000000 ) ) ;
#1159 = ADVANCED_FACE ( 'NONE', ( #518 ), #2093, .F. ) ;
#1160 = CARTESIAN_POINT ( 'NONE',  ( 8.499999999999989342, -10.50000000000000355, 1.499999999999999112 ) ) ;
#1161 = VECTOR ( 'NONE', #2453, 1000.000000000000000 ) ;
#1162 = EDGE_CURVE ( 'NONE', #3286, #617, #1, .T. ) ;
#1163 = VERTEX_POINT ( 'NONE', #1045 ) ;
#1164 = ADVANCED_FACE ( 'NONE', ( #3139 ), #791, .T. ) ;
#1165 = ORIENTED_EDGE ( 'NONE', *, *, #1631, .F. ) ;
#1166 = CARTESIAN_POINT ( 'NONE',  ( -5.153207827961278298, -10.32883589508170097, 1.671164104918306359 ) ) ;
#1167 = DIRECTION ( 'NONE',  ( -0.07391306246704731908, -0.000000000000000000, 0.9972646886342373396 ) ) ;
#1168 = ORIENTED_EDGE ( 'NONE', *, *, #231, .F. ) ;
#1169 = CARTESIAN_POINT ( 'NONE',  ( 10.21089732223600244, -4.602044394424552820, 5.500000000000000000 ) ) ;
#1170 = DIRECTION ( 'NONE',  ( 1.000000000000000000, -0.000000000000000000, -0.000000000000000000 ) ) ;
#1171 = CARTESIAN_POINT ( 'NONE',  ( 8.016572772508776978, -5.210897322236372808, 5.500000000000000000 ) ) ;
#1172 = DIRECTION ( 'NONE',  ( 0.000000000000000000, -0.9986295347545739443, 0.05233595624294395260 ) ) ;
#1173 = ORIENTED_EDGE ( 'NONE', *, *, #591, .T. ) ;
#1174 = DIRECTION ( 'NONE',  ( -0.000000000000000000, -0.6691306063588592368, -0.7431448254773933559 ) ) ;
#1175 = DIRECTION ( 'NONE',  ( 0.000000000000000000, -0.05233595624294395260, -0.9986295347545739443 ) ) ;
#1176 = EDGE_CURVE ( 'NONE', #729, #2179, #2110, .T. ) ;
#1177 = ORIENTED_EDGE ( 'NONE', *, *, #199, .F. ) ;
#1178 = EDGE_CURVE ( 'NONE', #657, #2866, #1855, .T. ) ;
#1179 = ORIENTED_EDGE ( 'NONE', *, *, #2886, .F. ) ;
#1180 = LINE ( 'NONE', #2228, #1877 ) ;
#1181 = EDGE_LOOP ( 'NONE', ( #1179, #2001, #2819, #1007, #3150, #133, #1173, #2398 ) ) ;
#1182 = LINE ( 'NONE', #2752, #2923 ) ;
#1183 = DIRECTION ( 'NONE',  ( -0.7071067811865482389, -0.7071067811865469066, 0.000000000000000000 ) ) ;
#1184 = CARTESIAN_POINT ( 'NONE',  ( 8.500000000000003553, 8.500000000000000000, 0.5000000000000038858 ) ) ;
#1185 = CARTESIAN_POINT ( 'NONE',  ( 7.910897322235429741, -5.210897322236372808, 5.500000000000000000 ) ) ;
#1186 = ORIENTED_EDGE ( 'NONE', *, *, #2530, .F. ) ;
#1187 = CARTESIAN_POINT ( 'NONE',  ( 8.200000000000098765, 5.499999999999262812, 2.000000000000000000 ) ) ;
#1188 = AXIS2_PLACEMENT_3D ( 'NONE', #1488, #2537, #2940 ) ;
#1189 = CARTESIAN_POINT ( 'NONE',  ( 10.00000000000000533, -8.500000000000003553, 2.000000000000000000 ) ) ;
#1190 = EDGE_CURVE ( 'NONE', #657, #2212, #2387, .T. ) ;
#1191 = CARTESIAN_POINT ( 'NONE',  ( 10.49999999999990763, 5.300000000000022027, 2.000000000000000000 ) ) ;
#1192 = VECTOR ( 'NONE', #2739, 1000.000000000000000 ) ;
#1193 = EDGE_LOOP ( 'NONE', ( #851, #2319, #152, #2941 ) ) ;
#1194 = EDGE_CURVE ( 'NONE', #1098, #2022, #2806, .T. ) ;
#1195 = VERTEX_POINT ( 'NONE', #1872 ) ;
#1196 = CARTESIAN_POINT ( 'NONE',  ( 10.50000000000000355, -5.300000000000817835, 2.000000000000000000 ) ) ;
#1197 = DIRECTION ( 'NONE',  ( 0.000000000000000000, 0.000000000000000000, 1.000000000000000000 ) ) ;
#1198 = VECTOR ( 'NONE', #1728, 1000.000000000000000 ) ;
#1199 = ORIENTED_EDGE ( 'NONE', *, *, #369, .F. ) ;
#1200 = PLANE ( 'NONE',  #2099 ) ;
#1201 = EDGE_CURVE ( 'NONE', #368, #3391, #1265, .T. ) ;
#1202 = LINE ( 'NONE', #2253, #1617 ) ;
#1203 = DIRECTION ( 'NONE',  ( 0.000000000000000000, -1.000000000000000000, 0.000000000000000000 ) ) ;
#1204 = EDGE_LOOP ( 'NONE', ( #2515, #201, #712, #1873 ) ) ;
#1205 = LINE ( 'NONE', #195, #780 ) ;
#1206 = DIRECTION ( 'NONE',  ( 0.4731467892558186006, 0.4731467892558189892, 0.7431448254773894702 ) ) ;
#1207 = ORIENTED_EDGE ( 'NONE', *, *, #288, .F. ) ;
#1208 = ORIENTED_EDGE ( 'NONE', *, *, #262, .T. ) ;
#1209 = CIRCLE ( 'NONE', #835, 1.499999999999992673 ) ;
#1210 = VECTOR ( 'NONE', #1683, 1000.000000000000000 ) ;
#1211 = VERTEX_POINT ( 'NONE', #1800 ) ;
#1212 = CARTESIAN_POINT ( 'NONE',  ( -4.857167499683557210, 10.21089732223600599, 5.500000000000000000 ) ) ;
#1213 = VECTOR ( 'NONE', #208, 1000.000000000000000 ) ;
#1214 = LINE ( 'NONE', #1512, #752 ) ;
#1215 = ORIENTED_EDGE ( 'NONE', *, *, #2293, .F. ) ;
#1216 = CARTESIAN_POINT ( 'NONE',  ( -8.499999999999996447, -10.00000000000001066, 2.000000000000000000 ) ) ;
#1217 = ADVANCED_FACE ( 'NONE', ( #71 ), #1095, .F. ) ;
#1218 = EDGE_CURVE ( 'NONE', #658, #1619, #1765, .T. ) ;
#1219 = DIRECTION ( 'NONE',  ( 0.07391306246704730520, -0.000000000000000000, 0.9972646886342373396 ) ) ;
#1220 = LINE ( 'NONE', #2254, #388 ) ;
#1221 = VECTOR ( 'NONE', #758, 1000.000000000000000 ) ;
#1222 = ORIENTED_EDGE ( 'NONE', *, *, #1677, .T. ) ;
#1223 = DIRECTION ( 'NONE',  ( -0.7071067811865523467, -0.7071067811865426878, -0.000000000000000000 ) ) ;
#1224 = ADVANCED_FACE ( 'NONE', ( #309 ), #586, .T. ) ;
#1225 = AXIS2_PLACEMENT_3D ( 'NONE', #2713, #1411, #2441 ) ;
#1226 = FACE_OUTER_BOUND ( 'NONE', #446, .T. ) ;
#1227 = ORIENTED_EDGE ( 'NONE', *, *, #3181, .F. ) ;
#1228 = ORIENTED_EDGE ( 'NONE', *, *, #1103, .T. ) ;
#1229 = CARTESIAN_POINT ( 'NONE',  ( -9.999999999999989342, 8.499999999999987566, 0.000000000000000000 ) ) ;
#1230 = ORIENTED_EDGE ( 'NONE', *, *, #1838, .F. ) ;
#1231 = CARTESIAN_POINT ( 'NONE',  ( -5.499999999999994671, -6.560660171779817418, 2.000000000000000000 ) ) ;
#1232 = LINE ( 'NONE', #485, #322 ) ;
#1233 = EDGE_CURVE ( 'NONE', #708, #1102, #2937, .T. ) ;
#1234 = EDGE_LOOP ( 'NONE', ( #1942, #1437, #822, #1391 ) ) ;
#1235 = DIRECTION ( 'NONE',  ( 0.7071067811865475727, 0.7071067811865475727, -0.000000000000000000 ) ) ;
#1236 = CARTESIAN_POINT ( 'NONE',  ( 5.321806368133646714, 8.021806368133658438, 5.400137046524545958 ) ) ;
#1237 = DIRECTION ( 'NONE',  ( 0.000000000000000000, 0.9986295347545739443, 0.05233595624294395260 ) ) ;
#1238 = ORIENTED_EDGE ( 'NONE', *, *, #876, .F. ) ;
#1239 = DIRECTION ( 'NONE',  ( 0.4731467892558178234, 0.4731467892558178234, -0.7431448254773908024 ) ) ;
#1240 = DIRECTION ( 'NONE',  ( 1.000000000000000000, 0.000000000000000000, 0.000000000000000000 ) ) ;
#1241 = ORIENTED_EDGE ( 'NONE', *, *, #3024, .F. ) ;
#1242 = VECTOR ( 'NONE', #2159, 1000.000000000000114 ) ;
#1243 = AXIS2_PLACEMENT_3D ( 'NONE', #2958, #1472, #3227 ) ;
#1244 = ORIENTED_EDGE ( 'NONE', *, *, #3386, .F. ) ;
#1245 = DIRECTION ( 'NONE',  ( -0.000000000000000000, 0.000000000000000000, -1.000000000000000000 ) ) ;
#1246 = EDGE_CURVE ( 'NONE', #1689, #584, #860, .T. ) ;
#1247 = AXIS2_PLACEMENT_3D ( 'NONE', #2671, #1886, #1071 ) ;
#1248 = ORIENTED_EDGE ( 'NONE', *, *, #3201, .T. ) ;
#1249 = DIRECTION ( 'NONE',  ( -0.05232366301070895398, -0.02167317085207510000, -0.9983949659099640161 ) ) ;
#1250 = VECTOR ( 'NONE', #2857, 1000.000000000000000 ) ;
#1251 = EDGE_CURVE ( 'NONE', #3232, #3125, #1907, .T. ) ;
#1252 = ORIENTED_EDGE ( 'NONE', *, *, #306, .F. ) ;
#1253 = CARTESIAN_POINT ( 'NONE',  ( 10.50000000000000355, -8.500000000000003553, 2.000000000000000000 ) ) ;
#1254 = DIRECTION ( 'NONE',  ( 0.05226442768871240180, -0.05226442768871403244, -0.9972646886342373396 ) ) ;
#1255 = CARTESIAN_POINT ( 'NONE',  ( 8.021806368133157505, -2.569802517219834659, 5.400137046524541518 ) ) ;
#1256 = VERTEX_POINT ( 'NONE', #3208 ) ;
#1257 = DIRECTION ( 'NONE',  ( -1.000000000000000000, 0.000000000000000000, 0.000000000000000000 ) ) ;
#1258 = VECTOR ( 'NONE', #422, 1000.000000000000000 ) ;
#1259 = CARTESIAN_POINT ( 'NONE',  ( -4.178193631866356839, -2.863361782885102791, 5.400137046524545958 ) ) ;
#1260 = ORIENTED_EDGE ( 'NONE', *, *, #2296, .F. ) ;
#1261 = EDGE_CURVE ( 'NONE', #1469, #1833, #2956, .T. ) ;
#1262 = ORIENTED_EDGE ( 'NONE', *, *, #3200, .T. ) ;
#1263 = PLANE ( 'NONE',  #151 ) ;
#1264 = ORIENTED_EDGE ( 'NONE', *, *, #1615, .F. ) ;
#1265 = LINE ( 'NONE', #1010, #397 ) ;
#1266 = EDGE_CURVE ( 'NONE', #1163, #2179, #570, .T. ) ;
#1267 = VECTOR ( 'NONE', #720, 1000.000000000000000 ) ;
#1268 = EDGE_CURVE ( 'NONE', #2005, #571, #3166, .T. ) ;
#1269 = AXIS2_PLACEMENT_3D ( 'NONE', #1845, #2602, #2891 ) ;
#1270 = PLANE ( 'NONE',  #652 ) ;
#1271 = ORIENTED_EDGE ( 'NONE', *, *, #1491, .T. ) ;
#1272 = LINE ( 'NONE', #2320, #177 ) ;
#1273 = VECTOR ( 'NONE', #1313, 1000.000000000000114 ) ;
#1274 = CARTESIAN_POINT ( 'NONE',  ( -4.179726516534724823, 2.867062493840954129, 5.400137046524545070 ) ) ;
#1275 = DIRECTION ( 'NONE',  ( -1.000000000000000000, 0.000000000000000000, 0.000000000000000000 ) ) ;
#1276 = ORIENTED_EDGE ( 'NONE', *, *, #1266, .F. ) ;
#1277 = LINE ( 'NONE', #2567, #2204 ) ;
#1278 = DIRECTION ( 'NONE',  ( -1.000000000000000000, -0.000000000000000000, -0.000000000000000000 ) ) ;
#1279 = CARTESIAN_POINT ( 'NONE',  ( 8.500000000000003553, -8.500000000000003553, 2.000000000000000000 ) ) ;
#1280 = ORIENTED_EDGE ( 'NONE', *, *, #2611, .F. ) ;
#1281 = VECTOR ( 'NONE', #1291, 1000.000000000000000 ) ;
#1282 = ORIENTED_EDGE ( 'NONE', *, *, #2053, .T. ) ;
#1283 = CARTESIAN_POINT ( 'NONE',  ( -5.499999999999994671, -8.199999999999995737, 2.000000000000000000 ) ) ;
#1284 = EDGE_CURVE ( 'NONE', #2969, #3141, #2895, .T. ) ;
#1285 = CARTESIAN_POINT ( 'NONE',  ( -2.819589578171945998, -4.289102677763986016, 5.500000000000000000 ) ) ;
#1286 = CARTESIAN_POINT ( 'NONE',  ( 5.321806368133646714, -6.634470390827372555, 5.400137046524545958 ) ) ;
#1287 = EDGE_CURVE ( 'NONE', #2715, #3131, #2877, .T. ) ;
#1288 = PLANE ( 'NONE',  #600 ) ;
#1289 = VERTEX_POINT ( 'NONE', #1597 ) ;
#1290 = CARTESIAN_POINT ( 'NONE',  ( 6.560660171779295169, -5.500000000000366818, 2.000000000000000000 ) ) ;
#1291 = DIRECTION ( 'NONE',  ( -0.000000000000000000, -0.000000000000000000, -1.000000000000000000 ) ) ;
#1292 = FACE_OUTER_BOUND ( 'NONE', #700, .T. ) ;
#1293 = ORIENTED_EDGE ( 'NONE', *, *, #399, .F. ) ;
#1294 = FACE_OUTER_BOUND ( 'NONE', #7, .T. ) ;
#1295 = CARTESIAN_POINT ( 'NONE',  ( -5.299999999999966072, 10.50000000000000000, 2.000000000000000000 ) ) ;
#1296 = DIRECTION ( 'NONE',  ( -0.7071067811865482389, -0.7071067811865469066, -0.000000000000000000 ) ) ;
#1297 = AXIS2_PLACEMENT_3D ( 'NONE', #2335, #3177, #313 ) ;
#1298 = VERTEX_POINT ( 'NONE', #1073 ) ;
#1299 = ORIENTED_EDGE ( 'NONE', *, *, #2874, .F. ) ;
#1300 = LINE ( 'NONE', #2954, #1524 ) ;
#1301 = EDGE_CURVE ( 'NONE', #3131, #649, #2960, .T. ) ;
#1302 = VECTOR ( 'NONE', #1426, 1000.000000000000000 ) ;
#1303 = DIRECTION ( 'NONE',  ( 1.000000000000000000, 0.000000000000000000, -0.000000000000000000 ) ) ;
#1304 = CARTESIAN_POINT ( 'NONE',  ( -10.21089732223600066, 0.000000000000000000, 5.500000000000000000 ) ) ;
#1305 = VECTOR ( 'NONE', #2838, 1000.000000000000000 ) ;
#1306 = PLANE ( 'NONE',  #3225 ) ;
#1307 = EDGE_CURVE ( 'NONE', #571, #2538, #1576, .T. ) ;
#1308 = ORIENTED_EDGE ( 'NONE', *, *, #683, .T. ) ;
#1309 = CARTESIAN_POINT ( 'NONE',  ( 0.7347565497961594527, -0.7347565497961593417, 5.500000000000000000 ) ) ;
#1310 = VECTOR ( 'NONE', #1386, 1000.000000000000000 ) ;
#1311 = CARTESIAN_POINT ( 'NONE',  ( 5.499999999999998224, -6.560660171779812089, 2.000000000000000000 ) ) ;
#1312 = ORIENTED_EDGE ( 'NONE', *, *, #2952, .F. ) ;
#1313 = DIRECTION ( 'NONE',  ( 0.5964727848720996484, 0.5964727848720949854, 0.5370665078124395864 ) ) ;
#1314 = ADVANCED_FACE ( 'NONE', ( #2642 ), #3149, .T. ) ;
#1315 = CARTESIAN_POINT ( 'NONE',  ( -9.999999999999998224, 4.799999999999928768, 2.000000000000000000 ) ) ;
#1316 = CARTESIAN_POINT ( 'NONE',  ( 10.32883589508170985, -5.153207827962101639, 1.671164104918294591 ) ) ;
#1317 = CARTESIAN_POINT ( 'NONE',  ( 8.199999999999416644, -5.500000000000366818, 2.000000000000000000 ) ) ;
#1318 = ORIENTED_EDGE ( 'NONE', *, *, #2338, .F. ) ;
#1319 = ORIENTED_EDGE ( 'NONE', *, *, #1015, .T. ) ;
#1320 = DIRECTION ( 'NONE',  ( -0.000000000000000000, -0.6691306063588592368, -0.7431448254773933559 ) ) ;
#1321 = ORIENTED_EDGE ( 'NONE', *, *, #915, .F. ) ;
#1322 = CARTESIAN_POINT ( 'NONE',  ( 8.499999999999989342, 10.50000000000000000, 1.499999999999999112 ) ) ;
#1323 = LINE ( 'NONE', #1874, #2512 ) ;
#1324 = ORIENTED_EDGE ( 'NONE', *, *, #2743, .T. ) ;
#1325 = CARTESIAN_POINT ( 'NONE',  ( -8.195522027847024660, -5.495522027847044910, 2.085444798734805261 ) ) ;
#1326 = AXIS2_PLACEMENT_3D ( 'NONE', #2920, #3173, #824 ) ;
#1327 = PRODUCT_CONTEXT ( 'NONE', #1452, 'mechanical' ) ;
#1328 = CARTESIAN_POINT ( 'NONE',  ( 10.50000000000000355, -5.317482050571238794, 1.764125160873001752 ) ) ;
#1329 = EDGE_LOOP ( 'NONE', ( #109, #725, #779, #2939 ) ) ;
#1330 = VECTOR ( 'NONE', #2191, 1000.000000000000000 ) ;
#1331 = CARTESIAN_POINT ( 'NONE',  ( -2.804426463906127598, 2.804426463906128930, 5.500000000000000000 ) ) ;
#1332 = EDGE_CURVE ( 'NONE', #3097, #2428, #2120, .T. ) ;
#1333 = CARTESIAN_POINT ( 'NONE',  ( 5.499999999999998224, -8.200000000000096989, 2.000000000000000000 ) ) ;
#1334 = DIRECTION ( 'NONE',  ( 0.8734801431569483299, -0.3618073217592022717, 0.3257727757685565106 ) ) ;
#1335 = FACE_OUTER_BOUND ( 'NONE', #2300, .T. ) ;
#1336 = ADVANCED_FACE ( 'NONE', ( #1335 ), #2380, .T. ) ;
#1337 = EDGE_LOOP ( 'NONE', ( #381, #2690, #1380, #1364 ) ) ;
#1338 = LINE ( 'NONE', #1616, #483 ) ;
#1339 = VECTOR ( 'NONE', #870, 1000.000000000000000 ) ;
#1340 = CARTESIAN_POINT ( 'NONE',  ( 6.056965403210980980, 3.356965403210141918, 7.169287797743141510 ) ) ;
#1341 = EDGE_LOOP ( 'NONE', ( #1875, #19 ) ) ;
#1342 = DIRECTION ( 'NONE',  ( 4.906538933386741233E-15, 0.7071067811865500152, -0.7071067811865451302 ) ) ;
#1343 = ORIENTED_EDGE ( 'NONE', *, *, #2530, .T. ) ;
#1344 = PLANE ( 'NONE',  #1577 ) ;
#1345 = DIRECTION ( 'NONE',  ( -0.000000000000000000, -1.000000000000000000, -0.000000000000000000 ) ) ;
#1346 = ADVANCED_FACE ( 'NONE', ( #802 ), #3130, .F. ) ;
#1347 = CARTESIAN_POINT ( 'NONE',  ( -5.499999999999994671, -8.199999999999995737, 2.000000000000000000 ) ) ;
#1348 = VERTEX_POINT ( 'NONE', #1352 ) ;
#1349 = DIRECTION ( 'NONE',  ( 0.000000000000000000, 1.000000000000000000, 0.000000000000000000 ) ) ;
#1350 = LINE ( 'NONE', #1626, #756 ) ;
#1351 = DIRECTION ( 'NONE',  ( 0.7071067811865474617, -0.7071067811865475727, 0.000000000000000000 ) ) ;
#1352 = CARTESIAN_POINT ( 'NONE',  ( -5.499999999999994671, 8.200000000000009948, 2.000000000000000000 ) ) ;
#1353 = EDGE_LOOP ( 'NONE', ( #440, #1066, #2314, #3272 ) ) ;
#1354 = DIRECTION ( 'NONE',  ( -0.000000000000000000, -0.000000000000000000, -1.000000000000000000 ) ) ;
#1355 = CARTESIAN_POINT ( 'NONE',  ( -8.499999999999996447, 10.00000000000000178, 2.000000000000000000 ) ) ;
#1356 = ORIENTED_EDGE ( 'NONE', *, *, #1376, .T. ) ;
#1357 = EDGE_CURVE ( 'NONE', #2523, #2479, #512, .T. ) ;
#1358 = PLANE ( 'NONE',  #2728 ) ;
#1359 = VERTEX_POINT ( 'NONE', #3111 ) ;
#1360 = LINE ( 'NONE', #2614, #2454 ) ;
#1361 = VECTOR ( 'NONE', #707, 1000.000000000000114 ) ;
#1362 = EDGE_CURVE ( 'NONE', #3301, #3033, #1613, .T. ) ;
#1363 = CARTESIAN_POINT ( 'NONE',  ( -3.999999999999993339, -2.939339828220209228, 2.000000000000000000 ) ) ;
#1364 = ORIENTED_EDGE ( 'NONE', *, *, #1061, .T. ) ;
#1365 = CARTESIAN_POINT ( 'NONE',  ( -8.499999999999996447, 8.500000000000000000, 2.000000000000000000 ) ) ;
#1366 = VECTOR ( 'NONE', #1713, 1000.000000000000000 ) ;
#1367 = FACE_OUTER_BOUND ( 'NONE', #537, .T. ) ;
#1368 = DIRECTION ( 'NONE',  ( -1.000000000000000000, 0.000000000000000000, 0.000000000000000000 ) ) ;
#1369 = CARTESIAN_POINT ( 'NONE',  ( 2.819589578171955324, -4.289102677763986016, 5.500000000000000000 ) ) ;
#1370 = EDGE_LOOP ( 'NONE', ( #2456, #333, #3161, #3064 ) ) ;
#1371 = DIRECTION ( 'NONE',  ( -0.7071067811865474617, -0.7071067811865474617, -0.000000000000000000 ) ) ;
#1372 = ORIENTED_EDGE ( 'NONE', *, *, #2265, .T. ) ;
#1373 = DIRECTION ( 'NONE',  ( 0.05232366301070895398, 0.02167317085207510000, -0.9983949659099640161 ) ) ;
#1374 = ADVANCED_FACE ( 'NONE', ( #1848 ), #48, .F. ) ;
#1375 = ORIENTED_EDGE ( 'NONE', *, *, #2146, .F. ) ;
#1376 = EDGE_CURVE ( 'NONE', #2793, #3040, #839, .T. ) ;
#1377 = FACE_OUTER_BOUND ( 'NONE', #1521, .T. ) ;
#1378 = PRODUCT_RELATED_PRODUCT_CATEGORY ( 'part', '', ( #1842 ) ) ;
#1379 = CARTESIAN_POINT ( 'NONE',  ( -0.7347565497960018011, 0.7347565497960019121, 5.500000000000000000 ) ) ;
#1380 = ORIENTED_EDGE ( 'NONE', *, *, #1632, .T. ) ;
#1381 = CARTESIAN_POINT ( 'NONE',  ( -10.00000000000000355, -8.500000000000003553, 2.000000000000000000 ) ) ;
#1382 = AXIS2_PLACEMENT_3D ( 'NONE', #1477, #3041, #2765 ) ;
#1383 = DIRECTION ( 'NONE',  ( 0.7071067811865474617, 0.7071067811865474617, -0.000000000000000000 ) ) ;
#1384 = CONICAL_SURFACE ( 'NONE', #2755, 2.299999999999999822, 0.05235987755983000091 ) ;
#1385 = LINE ( 'NONE', #1919, #1339 ) ;
#1386 = DIRECTION ( 'NONE',  ( -0.000000000000000000, 0.07391306246704722194, -0.9972646886342373396 ) ) ;
#1387 = ORIENTED_EDGE ( 'NONE', *, *, #1985, .T. ) ;
#1388 = ORIENTED_EDGE ( 'NONE', *, *, #1690, .F. ) ;
#1389 = VECTOR ( 'NONE', #544, 1000.000000000000000 ) ;
#1390 = CARTESIAN_POINT ( 'NONE',  ( 6.561430212868270218, -5.498140956359780951, 2.035472665814466176 ) ) ;
#1391 = ORIENTED_EDGE ( 'NONE', *, *, #1055, .F. ) ;
#1392 = VECTOR ( 'NONE', #2188, 1000.000000000000000 ) ;
#1393 = CARTESIAN_POINT ( 'NONE',  ( 10.50000000000000355, 5.224608656915161298, 3.017210243735407360 ) ) ;
#1394 = EDGE_CURVE ( 'NONE', #2715, #3040, #3184, .T. ) ;
#1395 = VERTEX_POINT ( 'NONE', #1888 ) ;
#1396 = DIRECTION ( 'NONE',  ( -0.8734801431569472197, -0.3618073217592013835, -0.3257727757685607295 ) ) ;
#1397 = CARTESIAN_POINT ( 'NONE',  ( 10.49999999999990763, 5.300000000000022027, 2.000000000000000000 ) ) ;
#1398 = ORIENTED_EDGE ( 'NONE', *, *, #987, .F. ) ;
#1399 = DIRECTION ( 'NONE',  ( 0.5964727848720831060, -0.5964727848720969838, -0.5370665078124557956 ) ) ;
#1400 = LINE ( 'NONE', #2449, #2463 ) ;
#1401 = DIRECTION ( 'NONE',  ( 0.7071067811865169306, -0.7071067811865782149, -0.000000000000000000 ) ) ;
#1402 = DIRECTION ( 'NONE',  ( -1.000000000000000000, 0.000000000000000000, 0.000000000000000000 ) ) ;
#1403 = ORIENTED_EDGE ( 'NONE', *, *, #2297, .F. ) ;
#1404 = LINE ( 'NONE', #618, #455 ) ;
#1405 = LINE ( 'NONE', #1390, #2343 ) ;
#1406 = ORIENTED_EDGE ( 'NONE', *, *, #1190, .T. ) ;
#1407 = EDGE_CURVE ( 'NONE', #521, #1130, #250, .T. ) ;
#1408 = PLANE ( 'NONE',  #2402 ) ;
#1409 = VECTOR ( 'NONE', #1841, 1000.000000000000000 ) ;
#1410 = ORIENTED_EDGE ( 'NONE', *, *, #3123, .F. ) ;
#1411 = DIRECTION ( 'NONE',  ( -0.000000000000000000, -0.6691306063588592368, -0.7431448254773933559 ) ) ;
#1412 = DIRECTION ( 'NONE',  ( -1.000000000000000000, 0.000000000000000000, 0.000000000000000000 ) ) ;
#1413 = ORIENTED_EDGE ( 'NONE', *, *, #2276, .F. ) ;
#1414 = CARTESIAN_POINT ( 'NONE',  ( 2.557167499683565381, 7.910897322236014162, 5.500000000000000000 ) ) ;
#1415 = PRESENTATION_LAYER_ASSIGNMENT (  '', '', ( #2508 ) ) ;
#1416 = VECTOR ( 'NONE', #2594, 1000.000000000000000 ) ;
#1417 = DIRECTION ( 'NONE',  ( 0.000000000000000000, -0.05233595624294395260, -0.9986295347545739443 ) ) ;
#1418 = DIRECTION ( 'NONE',  ( 0.05233595624294395260, 0.000000000000000000, -0.9986295347545739443 ) ) ;
#1419 = DIRECTION ( 'NONE',  ( 0.000000000000000000, -0.7071067811865460184, 0.7071067811865490160 ) ) ;
#1420 = VECTOR ( 'NONE', #581, 1000.000000000000114 ) ;
#1421 = ORIENTED_EDGE ( 'NONE', *, *, #2742, .F. ) ;
#1422 = DIRECTION ( 'NONE',  ( -0.7071067811865460184, 0.000000000000000000, 0.7071067811865490160 ) ) ;
#1423 = VECTOR ( 'NONE', #547, 1000.000000000000114 ) ;
#1424 = ADVANCED_FACE ( 'NONE', ( #2345 ), #2241, .T. ) ;
#1425 = EDGE_CURVE ( 'NONE', #3102, #3085, #2189, .T. ) ;
#1426 = DIRECTION ( 'NONE',  ( 0.1253535423003575011, 0.05192313731231752022, -0.9907524803120094647 ) ) ;
#1427 = ORIENTED_EDGE ( 'NONE', *, *, #1407, .F. ) ;
#1428 = ORIENTED_EDGE ( 'NONE', *, *, #1803, .T. ) ;
#1429 = VECTOR ( 'NONE', #62, 1000.000000000000114 ) ;
#1430 = LINE ( 'NONE', #1166, #1716 ) ;
#1431 = FACE_OUTER_BOUND ( 'NONE', #2812, .T. ) ;
#1432 = ORIENTED_EDGE ( 'NONE', *, *, #2694, .F. ) ;
#1433 = CARTESIAN_POINT ( 'NONE',  ( 8.499999999999989342, -10.50000000000000355, 1.499999999999999112 ) ) ;
#1434 = DIRECTION ( 'NONE',  ( -0.7071067811865500152, -4.906538933386741233E-15, 0.7071067811865451302 ) ) ;
#1435 = CARTESIAN_POINT ( 'NONE',  ( -6.632937506159000129, -5.320273483465304487, 5.400137046524545958 ) ) ;
#1436 = DIRECTION ( 'NONE',  ( -0.7061377159181568830, -0.7061377159180957097, 0.05233595624294395954 ) ) ;
#1437 = ORIENTED_EDGE ( 'NONE', *, *, #2167, .F. ) ;
#1438 = CARTESIAN_POINT ( 'NONE',  ( 2.804426463906127154, 2.804426463906127154, 5.500000000000000000 ) ) ;
#1439 = AXIS2_PLACEMENT_3D ( 'NONE', #1837, #20, #1064 ) ;
#1440 = EDGE_CURVE ( 'NONE', #487, #3242, #2720, .T. ) ;
#1441 = CIRCLE ( 'NONE', #837, 1.500000000000006439 ) ;
#1442 = CARTESIAN_POINT ( 'NONE',  ( -6.560660171779836070, 5.499999999999976907, 2.000000000000000000 ) ) ;
#1443 = VECTOR ( 'NONE', #404, 999.9999999999998863 ) ;
#1444 = ORIENTED_EDGE ( 'NONE', *, *, #412, .F. ) ;
#1445 = ORIENTED_EDGE ( 'NONE', *, *, #103, .T. ) ;
#1446 = FACE_OUTER_BOUND ( 'NONE', #3027, .T. ) ;
#1447 = EDGE_LOOP ( 'NONE', ( #1537, #2729, #1996, #532, #911, #1541, #1809, #124 ) ) ;
#1448 = VECTOR ( 'NONE', #1951, 1000.000000000000000 ) ;
#1449 = PLANE ( 'NONE',  #2315 ) ;
#1450 = EDGE_CURVE ( 'NONE', #639, #2059, #1142, .T. ) ;
#1451 = DIRECTION ( 'NONE',  ( 1.000000000000000000, 0.000000000000000000, 0.000000000000000000 ) ) ;
#1452 = APPLICATION_CONTEXT ( 'automotive_design' ) ;
#1453 = DIRECTION ( 'NONE',  ( 0.7071067811865475727, 0.7071067811865474617, 0.000000000000000000 ) ) ;
#1454 = DIRECTION ( 'NONE',  ( 1.000000000000000000, -0.000000000000000000, -0.000000000000000000 ) ) ;
#1455 = VERTEX_POINT ( 'NONE', #1369 ) ;
#1456 = PLANE ( 'NONE',  #1821 ) ;
#1457 = CARTESIAN_POINT ( 'NONE',  ( -5.493171073995921638, -8.193171073995923592, 2.130303670514080761 ) ) ;
#1458 = VERTEX_POINT ( 'NONE', #3205 ) ;
#1459 = ORIENTED_EDGE ( 'NONE', *, *, #94, .T. ) ;
#1460 = CARTESIAN_POINT ( 'NONE',  ( -8.499999999999996447, 8.500000000000000000, 0.000000000000000000 ) ) ;
#1461 = ADVANCED_FACE ( 'NONE', ( #319 ), #2704, .T. ) ;
#1462 = CARTESIAN_POINT ( 'NONE',  ( -7.910897322236005280, 0.000000000000000000, 5.500000000000000000 ) ) ;
#1463 = ORIENTED_EDGE ( 'NONE', *, *, #1194, .F. ) ;
#1464 = FACE_OUTER_BOUND ( 'NONE', #775, .T. ) ;
#1465 = CARTESIAN_POINT ( 'NONE',  ( -5.210897322235999773, 7.910897322236014162, 5.500000000000000000 ) ) ;
#1466 = CARTESIAN_POINT ( 'NONE',  ( -2.999999999999975131, 8.200000000000009948, 2.000000000000000000 ) ) ;
#1467 = CARTESIAN_POINT ( 'NONE',  ( 2.939339828220179474, -3.999999999999993339, 2.000000000000000000 ) ) ;
#1468 = VECTOR ( 'NONE', #361, 1000.000000000000227 ) ;
#1469 = VERTEX_POINT ( 'NONE', #648 ) ;
#1470 = DIRECTION ( 'NONE',  ( 0.7071067811865474617, -0.7071067811865474617, 0.000000000000000000 ) ) ;
#1471 = AXIS2_PLACEMENT_3D ( 'NONE', #3157, #241, #1857 ) ;
#1472 = DIRECTION ( 'NONE',  ( -0.000000000000000000, 0.6691306063588534636, -0.7431448254773985740 ) ) ;
#1473 = ORIENTED_EDGE ( 'NONE', *, *, #1301, .T. ) ;
#1474 = AXIS2_PLACEMENT_3D ( 'NONE', #1091, #2604, #2139 ) ;
#1475 = ORIENTED_EDGE ( 'NONE', *, *, #75, .F. ) ;
#1476 = ORIENTED_EDGE ( 'NONE', *, *, #1055, .T. ) ;
#1477 = CARTESIAN_POINT ( 'NONE',  ( 3.999999999999543920, 2.939339828219444062, 2.000000000000000000 ) ) ;
#1478 = EDGE_CURVE ( 'NONE', #1098, #1533, #616, .T. ) ;
#1479 = DIRECTION ( 'NONE',  ( -0.7071067811865474617, 0.7071067811865475727, -0.000000000000000000 ) ) ;
#1480 = EDGE_CURVE ( 'NONE', #96, #691, #2173, .T. ) ;
#1481 = VECTOR ( 'NONE', #1167, 1000.000000000000000 ) ;
#1482 = ORIENTED_EDGE ( 'NONE', *, *, #2490, .F. ) ;
#1483 = DIRECTION ( 'NONE',  ( 0.7071067811865462405, 0.000000000000000000, -0.7071067811865487940 ) ) ;
#1484 = CARTESIAN_POINT ( 'NONE',  ( -2.865529609172614567, 4.178193631866356839, 5.400137046524545958 ) ) ;
#1485 = CARTESIAN_POINT ( 'NONE',  ( -2.557167499683565826, 8.021806368133658438, 5.400137046524545070 ) ) ;
#1486 = ORIENTED_EDGE ( 'NONE', *, *, #3335, .F. ) ;
#1487 = DIRECTION ( 'NONE',  ( -0.7071067811865169306, 0.7071067811865782149, -5.499730404687608335E-19 ) ) ;
#1488 = CARTESIAN_POINT ( 'NONE',  ( 5.210897322236003326, 0.000000000000000000, 5.500000000000000000 ) ) ;
#1489 = EDGE_LOOP ( 'NONE', ( #2055, #3154, #1827, #977 ) ) ;
#1490 = EDGE_LOOP ( 'NONE', ( #1413, #2097, #470, #2647, #239, #36 ) ) ;
#1491 = EDGE_CURVE ( 'NONE', #2212, #1059, #2948, .T. ) ;
#1492 = VECTOR ( 'NONE', #3260, 1000.000000000000000 ) ;
#1493 = VECTOR ( 'NONE', #1939, 1000.000000000000114 ) ;
#1494 = CARTESIAN_POINT ( 'NONE',  ( -5.499999999999994671, -6.560660171779817418, 2.000000000000000000 ) ) ;
#1495 = ORIENTED_EDGE ( 'NONE', *, *, #2886, .T. ) ;
#1496 = LINE ( 'NONE', #1231, #1105 ) ;
#1497 = CARTESIAN_POINT ( 'NONE',  ( 8.499999999999989342, -10.50000000000000355, 0.5000000000000038858 ) ) ;
#1498 = ORIENTED_EDGE ( 'NONE', *, *, #260, .F. ) ;
#1499 = FACE_OUTER_BOUND ( 'NONE', #702, .T. ) ;
#1500 = CARTESIAN_POINT ( 'NONE',  ( 5.321806368133646714, -8.021806368133749032, 5.400137046524545958 ) ) ;
#1501 = LINE ( 'NONE', #3092, #767 ) ;
#1502 = EDGE_LOOP ( 'NONE', ( #3054, #293, #478, #2011 ) ) ;
#1503 = CARTESIAN_POINT ( 'NONE',  ( 3.528451819338560558, -8.816190777705960713, 3.183809222294049501 ) ) ;
#1504 = EDGE_CURVE ( 'NONE', #2726, #3168, #1662, .T. ) ;
#1505 = LINE ( 'NONE', #215, #1305 ) ;
#1506 = ORIENTED_EDGE ( 'NONE', *, *, #1060, .T. ) ;
#1507 = ADVANCED_FACE ( 'NONE', ( #85 ), #391, .T. ) ;
#1508 = ORIENTED_EDGE ( 'NONE', *, *, #1176, .T. ) ;
#1509 = CARTESIAN_POINT ( 'NONE',  ( 5.299999999999132072, -10.50000000000000355, 2.000000000000000000 ) ) ;
#1510 = ORIENTED_EDGE ( 'NONE', *, *, #58, .F. ) ;
#1511 = CARTESIAN_POINT ( 'NONE',  ( 8.500000000000003553, -8.500000000000003553, 0.5000000000000038858 ) ) ;
#1512 = CARTESIAN_POINT ( 'NONE',  ( -6.056965403210556431, -3.356965403210575793, 7.169287797743348456 ) ) ;
#1513 = ORIENTED_EDGE ( 'NONE', *, *, #366, .F. ) ;
#1514 = CARTESIAN_POINT ( 'NONE',  ( 2.299999999999999822, 6.938893903907228378E-15, 2.000000000000000000 ) ) ;
#1515 = LINE ( 'NONE', #1016, #3143 ) ;
#1516 = CARTESIAN_POINT ( 'NONE',  ( -2.788637955391828349, 4.258151054983878581, 5.500000000000000000 ) ) ;
#1517 = ORIENTED_EDGE ( 'NONE', *, *, #2446, .T. ) ;
#1518 = LINE ( 'NONE', #1810, #621 ) ;
#1519 = ADVANCED_FACE ( 'NONE', ( #2157 ), #634, .F. ) ;
#1520 = CARTESIAN_POINT ( 'NONE',  ( -8.499999999999987566, -9.999999999999996447, 0.000000000000000000 ) ) ;
#1521 = EDGE_LOOP ( 'NONE', ( #2260, #2833, #315, #2957 ) ) ;
#1522 = EDGE_CURVE ( 'NONE', #3304, #1689, #871, .T. ) ;
#1523 = EDGE_CURVE ( 'NONE', #1833, #649, #890, .T. ) ;
#1524 = VECTOR ( 'NONE', #2900, 1000.000000000000000 ) ;
#1525 = AXIS2_PLACEMENT_3D ( 'NONE', #1189, #686, #846 ) ;
#1526 = ORIENTED_EDGE ( 'NONE', *, *, #3378, .T. ) ;
#1527 = PLANE ( 'NONE',  #1754 ) ;
#1528 = VECTOR ( 'NONE', #3251, 1000.000000000000000 ) ;
#1529 = VERTEX_POINT ( 'NONE', #1156 ) ;
#1530 = CARTESIAN_POINT ( 'NONE',  ( -8.499999999999984013, 10.50000000000000000, 0.5000000000000038858 ) ) ;
#1531 = AXIS2_PLACEMENT_3D ( 'NONE', #2915, #234, #1813 ) ;
#1532 = CARTESIAN_POINT ( 'NONE',  ( -2.939339828220176365, 4.000000000000007105, 2.000000000000000000 ) ) ;
#1533 = VERTEX_POINT ( 'NONE', #2469 ) ;
#1534 = DIRECTION ( 'NONE',  ( -1.000000000000000000, 0.000000000000000000, 0.000000000000000000 ) ) ;
#1535 = LINE ( 'NONE', #2580, #1829 ) ;
#1536 = CARTESIAN_POINT ( 'NONE',  ( -10.49999999999999645, 5.299999999999926104, 2.000000000000000000 ) ) ;
#1537 = ORIENTED_EDGE ( 'NONE', *, *, #3313, .F. ) ;
#1538 = CARTESIAN_POINT ( 'NONE',  ( 8.012872061552934966, -2.560868210639612119, 5.400137046524542406 ) ) ;
#1539 = EDGE_CURVE ( 'NONE', #961, #1348, #3253, .T. ) ;
#1540 = CARTESIAN_POINT ( 'NONE',  ( 2.939339828220175477, 4.000000000000007105, 2.000000000000000000 ) ) ;
#1541 = ORIENTED_EDGE ( 'NONE', *, *, #2492, .T. ) ;
#1542 = ORIENTED_EDGE ( 'NONE', *, *, #448, .F. ) ;
#1543 = PLANE ( 'NONE',  #2244 ) ;
#1544 = ORIENTED_EDGE ( 'NONE', *, *, #3137, .F. ) ;
#1545 = PLANE ( 'NONE',  #940 ) ;
#1546 = VECTOR ( 'NONE', #155, 1000.000000000000000 ) ;
#1547 = AXIS2_PLACEMENT_3D ( 'NONE', #282, #2912, #2654 ) ;
#1548 = FACE_OUTER_BOUND ( 'NONE', #1850, .T. ) ;
#1549 = EDGE_LOOP ( 'NONE', ( #1165, #1044, #3226, #3112 ) ) ;
#1550 = DIRECTION ( 'NONE',  ( 0.05232366301070895398, -0.02167317085207511387, -0.9983949659099640161 ) ) ;
#1551 = VECTOR ( 'NONE', #2377, 1000.000000000000000 ) ;
#1552 = LINE ( 'NONE', #1274, #1777 ) ;
#1553 = LINE ( 'NONE', #2599, #2908 ) ;
#1554 = VERTEX_POINT ( 'NONE', #1904 ) ;
#1555 = LINE ( 'NONE', #2342, #1389 ) ;
#1556 = EDGE_CURVE ( 'NONE', #2868, #3344, #116, .T. ) ;
#1557 = ADVANCED_FACE ( 'NONE', ( #1952 ), #2434, .T. ) ;
#1558 = VECTOR ( 'NONE', #582, 1000.000000000000000 ) ;
#1559 = FACE_OUTER_BOUND ( 'NONE', #630, .T. ) ;
#1560 = CARTESIAN_POINT ( 'NONE',  ( -5.316572772509350564, 7.910897322236014162, 5.500000000000000000 ) ) ;
#1561 = ORIENTED_EDGE ( 'NONE', *, *, #1491, .F. ) ;
#1562 = ADVANCED_FACE ( 'NONE', ( #2221 ), #3265, .T. ) ;
#1563 = ORIENTED_EDGE ( 'NONE', *, *, #734, .F. ) ;
#1564 = LINE ( 'NONE', #718, #3223 ) ;
#1565 = FACE_OUTER_BOUND ( 'NONE', #2685, .T. ) ;
#1566 = CARTESIAN_POINT ( 'NONE',  ( -2.804426463906547262, -2.804426463906549039, 5.500000000000000000 ) ) ;
#1567 = CARTESIAN_POINT ( 'NONE',  ( -0.7347565497960411030, -0.7347565497960411030, 5.500000000000000000 ) ) ;
#1568 = ORIENTED_EDGE ( 'NONE', *, *, #2821, .F. ) ;
#1569 = DIRECTION ( 'NONE',  ( 0.7071067811865474617, -0.7071067811865475727, -0.000000000000000000 ) ) ;
#1570 = ADVANCED_FACE ( 'NONE', ( #163 ), #2499, .F. ) ;
#1571 = CARTESIAN_POINT ( 'NONE',  ( -4.000000000000007105, 2.939339828220147943, 2.000000000000000000 ) ) ;
#1572 = EDGE_LOOP ( 'NONE', ( #1510, #3325, #2491, #1598 ) ) ;
#1573 = CARTESIAN_POINT ( 'NONE',  ( 10.00000000000000533, -4.800000000000776090, 2.000000000000000000 ) ) ;
#1574 = DIRECTION ( 'NONE',  ( 0.2941979141786347229, -0.7102565944319643165, 0.6395179101157753010 ) ) ;
#1575 = CARTESIAN_POINT ( 'NONE',  ( 8.016572772509459099, 5.321806368132912191, 5.400137046524542406 ) ) ;
#1576 = LINE ( 'NONE', #2328, #1423 ) ;
#1577 = AXIS2_PLACEMENT_3D ( 'NONE', #3122, #2098, #2887 ) ;
#1578 = VERTEX_POINT ( 'NONE', #2237 ) ;
#1579 = ORIENTED_EDGE ( 'NONE', *, *, #2043, .F. ) ;
#1580 = CARTESIAN_POINT ( 'NONE',  ( 8.499999999999989342, 10.50000000000000000, 0.5000000000000038858 ) ) ;
#1581 = VECTOR ( 'NONE', #2845, 1000.000000000000114 ) ;
#1582 = LINE ( 'NONE', #2864, #1878 ) ;
#1583 = VECTOR ( 'NONE', #1020, 1000.000000000000000 ) ;
#1584 = FACE_OUTER_BOUND ( 'NONE', #2460, .T. ) ;
#1585 = VECTOR ( 'NONE', #1980, 1000.000000000000114 ) ;
#1586 = DIRECTION ( 'NONE',  ( -0.7102565944319627622, -0.2941979141786302265, -0.6395179101157789647 ) ) ;
#1587 = VERTEX_POINT ( 'NONE', #3280 ) ;
#1588 = ADVANCED_FACE ( 'NONE', ( #2772 ), #2015, .T. ) ;
#1589 = FACE_OUTER_BOUND ( 'NONE', #1975, .T. ) ;
#1590 = EDGE_CURVE ( 'NONE', #584, #3281, #2818, .T. ) ;
#1591 = EDGE_CURVE ( 'NONE', #548, #1840, #474, .T. ) ;
#1592 = DIRECTION ( 'NONE',  ( -0.7071067811865487940, 4.906538933386750699E-15, -0.7071067811865463515 ) ) ;
#1593 = ORIENTED_EDGE ( 'NONE', *, *, #2593, .F. ) ;
#1594 = LINE ( 'NONE', #2873, #1551 ) ;
#1595 = DIRECTION ( 'NONE',  ( 0.7102565944319725322, 0.2941979141786578711, -0.6395179101157555390 ) ) ;
#1596 = CARTESIAN_POINT ( 'NONE',  ( -2.569802517219714311, -8.021806368133644227, 5.400137046524545958 ) ) ;
#1597 = CARTESIAN_POINT ( 'NONE',  ( -4.289102677764002003, -2.819589578171997069, 5.500000000000000000 ) ) ;
#1598 = ORIENTED_EDGE ( 'NONE', *, *, #1835, .T. ) ;
#1599 = VECTOR ( 'NONE', #264, 1000.000000000000000 ) ;
#1600 =( NAMED_UNIT ( * ) PLANE_ANGLE_UNIT ( ) SI_UNIT ( $, .RADIAN. ) );
#1601 = VERTEX_POINT ( 'NONE', #1255 ) ;
#1602 = FACE_OUTER_BOUND ( 'NONE', #2288, .T. ) ;
#1603 = EDGE_CURVE ( 'NONE', #2565, #1578, #146, .T. ) ;
#1604 = VERTEX_POINT ( 'NONE', #3032 ) ;
#1605 = ORIENTED_EDGE ( 'NONE', *, *, #1966, .F. ) ;
#1606 = FACE_OUTER_BOUND ( 'NONE', #2307, .T. ) ;
#1607 = DIRECTION ( 'NONE',  ( -0.000000000000000000, -0.07391306246705046934, -0.9972646886342371175 ) ) ;
#1608 = ORIENTED_EDGE ( 'NONE', *, *, #1307, .T. ) ;
#1609 = VECTOR ( 'NONE', #1487, 1000.000000000000114 ) ;
#1610 = DIRECTION ( 'NONE',  ( -1.000000000000000000, 0.000000000000000000, 0.000000000000000000 ) ) ;
#1611 = LINE ( 'NONE', #2412, #51 ) ;
#1612 = PLANE ( 'NONE',  #81 ) ;
#1613 = LINE ( 'NONE', #1317, #210 ) ;
#1614 = ORIENTED_EDGE ( 'NONE', *, *, #562, .T. ) ;
#1615 = EDGE_CURVE ( 'NONE', #242, #2025, #1000, .T. ) ;
#1616 = CARTESIAN_POINT ( 'NONE',  ( -8.499999999999984013, -10.50000000000000355, 1.500000000000002665 ) ) ;
#1617 = VECTOR ( 'NONE', #1453, 1000.000000000000000 ) ;
#1618 = CARTESIAN_POINT ( 'NONE',  ( 2.867062493840982107, 4.179726516534724823, 5.400137046524545070 ) ) ;
#1619 = VERTEX_POINT ( 'NONE', #2532 ) ;
#1620 = CARTESIAN_POINT ( 'NONE',  ( -8.499999999999996447, -10.00000000000001066, 2.000000000000000000 ) ) ;
#1621 = EDGE_LOOP ( 'NONE', ( #2992, #3083, #1703, #2922 ) ) ;
#1622 = CARTESIAN_POINT ( 'NONE',  ( -8.499999999999984013, -10.00000000000001066, 2.000000000000000000 ) ) ;
#1623 = DIRECTION ( 'NONE',  ( -0.4731467892558146038, 0.4731467892558146593, -0.7431448254773946882 ) ) ;
#1624 = VERTEX_POINT ( 'NONE', #1185 ) ;
#1625 = DIRECTION ( 'NONE',  ( -1.000000000000000000, 0.000000000000000000, 0.000000000000000000 ) ) ;
#1626 = CARTESIAN_POINT ( 'NONE',  ( -6.636638217114927407, -5.210897322236026419, 5.500000000000000000 ) ) ;
#1627 = CARTESIAN_POINT ( 'NONE',  ( 10.50000000000000355, 8.499999999999987566, 0.5000000000000038858 ) ) ;
#1628 = DIRECTION ( 'NONE',  ( -0.7071067811865477948, 0.7071067811865473507, -0.000000000000000000 ) ) ;
#1629 = EDGE_CURVE ( 'NONE', #2126, #1395, #2514, .T. ) ;
#1630 = ORIENTED_EDGE ( 'NONE', *, *, #2336, .T. ) ;
#1631 = EDGE_CURVE ( 'NONE', #2329, #1587, #459, .T. ) ;
#1632 = EDGE_CURVE ( 'NONE', #790, #453, #1220, .T. ) ;
#1633 = DIRECTION ( 'NONE',  ( -1.000000000000000000, 0.000000000000000000, 0.000000000000000000 ) ) ;
#1634 = EDGE_CURVE ( 'NONE', #2793, #1211, #179, .T. ) ;
#1635 = DIRECTION ( 'NONE',  ( 0.000000000000000000, 0.000000000000000000, 1.000000000000000000 ) ) ;
#1636 = ORIENTED_EDGE ( 'NONE', *, *, #260, .T. ) ;
#1637 = FACE_OUTER_BOUND ( 'NONE', #1729, .T. ) ;
#1638 = ORIENTED_EDGE ( 'NONE', *, *, #2309, .T. ) ;
#1639 = DIRECTION ( 'NONE',  ( 0.05233595624294395954, 0.000000000000000000, 0.9986295347545739443 ) ) ;
#1640 = LINE ( 'NONE', #2943, #609 ) ;
#1641 = ORIENTED_EDGE ( 'NONE', *, *, #562, .F. ) ;
#1642 = CARTESIAN_POINT ( 'NONE',  ( -2.939339828220170592, -3.999999999999993339, 2.000000000000000000 ) ) ;
#1643 = VECTOR ( 'NONE', #2677, 1000.000000000000000 ) ;
#1644 = LINE ( 'NONE', #2688, #2731 ) ;
#1645 = DIRECTION ( 'NONE',  ( 0.7431448254773879158, 9.100899318238015967E-17, -0.6691306063588651210 ) ) ;
#1646 = CARTESIAN_POINT ( 'NONE',  ( 5.321806368133647602, 6.636638217114949612, 5.400137046524545958 ) ) ;
#1647 = EDGE_LOOP ( 'NONE', ( #1958, #2227, #1751, #1410 ) ) ;
#1648 = EDGE_CURVE ( 'NONE', #487, #3085, #680, .T. ) ;
#1649 = EDGE_CURVE ( 'NONE', #1102, #736, #1501, .T. ) ;
#1650 = VECTOR ( 'NONE', #1880, 1000.000000000000000 ) ;
#1651 = DIRECTION ( 'NONE',  ( 0.2941979141786525420, 0.7102565944319687574, 0.6395179101157619783 ) ) ;
#1652 = ORIENTED_EDGE ( 'NONE', *, *, #2559, .T. ) ;
#1653 = LINE ( 'NONE', #2145, #3167 ) ;
#1654 = ORIENTED_EDGE ( 'NONE', *, *, #1771, .T. ) ;
#1655 = DIRECTION ( 'NONE',  ( -0.05232366301070896092, 0.02167317085207508959, -0.9983949659099640161 ) ) ;
#1656 = PLANE ( 'NONE',  #882 ) ;
#1657 = ORIENTED_EDGE ( 'NONE', *, *, #2193, .T. ) ;
#1658 = DIRECTION ( 'NONE',  ( 1.000000000000000000, 0.000000000000000000, 0.000000000000000000 ) ) ;
#1659 = AXIS2_PLACEMENT_3D ( 'NONE', #1511, #468, #978 ) ;
#1660 = VECTOR ( 'NONE', #134, 1000.000000000000000 ) ;
#1661 = LINE ( 'NONE', #3252, #1062 ) ;
#1662 = LINE ( 'NONE', #1681, #1801 ) ;
#1663 = ORIENTED_EDGE ( 'NONE', *, *, #448, .T. ) ;
#1664 = DIRECTION ( 'NONE',  ( 0.7071067811865475727, 0.7071067811865475727, 0.000000000000000000 ) ) ;
#1665 = VECTOR ( 'NONE', #224, 1000.000000000000114 ) ;
#1666 = EDGE_CURVE ( 'NONE', #3060, #521, #3311, .T. ) ;
#1667 = DIRECTION ( 'NONE',  ( -0.1253535423003576676, -0.05192313731231752022, -0.9907524803120094647 ) ) ;
#1668 = EDGE_CURVE ( 'NONE', #1256, #521, #1759, .T. ) ;
#1669 = ORIENTED_EDGE ( 'NONE', *, *, #3374, .T. ) ;
#1670 = AXIS2_PLACEMENT_3D ( 'NONE', #2658, #302, #1351 ) ;
#1671 = PLANE ( 'NONE',  #1525 ) ;
#1672 = ORIENTED_EDGE ( 'NONE', *, *, #1634, .F. ) ;
#1673 = CARTESIAN_POINT ( 'NONE',  ( -8.200000000000002842, -5.500000000000022204, 2.000000000000000000 ) ) ;
#1674 = FACE_OUTER_BOUND ( 'NONE', #2809, .T. ) ;
#1675 = ADVANCED_FACE ( 'NONE', ( #1743 ), #2803, .T. ) ;
#1676 = ORIENTED_EDGE ( 'NONE', *, *, #1178, .F. ) ;
#1677 = EDGE_CURVE ( 'NONE', #961, #2726, #193, .T. ) ;
#1678 = DIRECTION ( 'NONE',  ( 0.7071067811865503483, 0.000000000000000000, -0.7071067811865447972 ) ) ;
#1679 = CARTESIAN_POINT ( 'NONE',  ( 0.000000000000000000, 6.938893903907228378E-15, 5.500000000000000000 ) ) ;
#1680 = DIRECTION ( 'NONE',  ( -0.000000000000000000, -0.000000000000000000, 1.000000000000000000 ) ) ;
#1681 = CARTESIAN_POINT ( 'NONE',  ( -4.860868210639484488, 10.31287206155342950, 5.400137046524545070 ) ) ;
#1682 = ORIENTED_EDGE ( 'NONE', *, *, #2193, .F. ) ;
#1683 = DIRECTION ( 'NONE',  ( -0.7071067811865474617, 0.7071067811865475727, 0.000000000000000000 ) ) ;
#1684 = DIRECTION ( 'NONE',  ( 0.000000000000000000, 0.000000000000000000, -1.000000000000000000 ) ) ;
#1685 = ORIENTED_EDGE ( 'NONE', *, *, #2921, .F. ) ;
#1686 = ORIENTED_EDGE ( 'NONE', *, *, #1394, .F. ) ;
#1687 = DIRECTION ( 'NONE',  ( 0.05233595624294395260, 0.000000000000000000, -0.9986295347545739443 ) ) ;
#1688 = FACE_OUTER_BOUND ( 'NONE', #382, .T. ) ;
#1689 = VERTEX_POINT ( 'NONE', #964 ) ;
#1690 = EDGE_CURVE ( 'NONE', #1778, #845, #3063, .T. ) ;
#1691 = DIRECTION ( 'NONE',  ( 0.000000000000000000, 0.7071067811865446862, 0.7071067811865503483 ) ) ;
#1692 = VECTOR ( 'NONE', #531, 1000.000000000000114 ) ;
#1693 = AXIS2_PLACEMENT_3D ( 'NONE', #2807, #3353, #745 ) ;
#1694 = ADVANCED_FACE ( 'NONE', ( #741 ), #558, .T. ) ;
#1695 = LINE ( 'NONE', #2966, #3170 ) ;
#1696 = DIRECTION ( 'NONE',  ( 1.000000000000000000, -0.000000000000000000, -0.000000000000000000 ) ) ;
#1697 = DIRECTION ( 'NONE',  ( 1.000000000000000000, 0.000000000000000000, -0.000000000000000000 ) ) ;
#1698 = VECTOR ( 'NONE', #1183, 1000.000000000000000 ) ;
#1699 = EDGE_LOOP ( 'NONE', ( #2038, #1421, #3331, #2669 ) ) ;
#1700 = DIRECTION ( 'NONE',  ( -1.000000000000000000, 2.168404344971008868E-14, 0.000000000000000000 ) ) ;
#1701 = VECTOR ( 'NONE', #528, 1000.000000000000000 ) ;
#1702 = DIRECTION ( 'NONE',  ( 1.000000000000000000, 0.000000000000000000, 0.000000000000000000 ) ) ;
#1703 = ORIENTED_EDGE ( 'NONE', *, *, #3313, .T. ) ;
#1704 = EDGE_LOOP ( 'NONE', ( #2520, #3192, #299, #1745 ) ) ;
#1705 = AXIS2_PLACEMENT_3D ( 'NONE', #1363, #850, #2684 ) ;
#1706 = DIRECTION ( 'NONE',  ( 0.9986295347545739443, 0.000000000000000000, 0.05233595624294395260 ) ) ;
#1707 = ADVANCED_FACE ( 'NONE', ( #1292 ), #1789, .T. ) ;
#1708 = CARTESIAN_POINT ( 'NONE',  ( 8.021806368133072240, -5.316572772509722711, 5.400137046524541518 ) ) ;
#1709 = EDGE_LOOP ( 'NONE', ( #2691, #198, #1579, #2643 ) ) ;
#1710 = CARTESIAN_POINT ( 'NONE',  ( -2.999999999999976463, -8.199999999999995737, 2.000000000000000000 ) ) ;
#1711 = CARTESIAN_POINT ( 'NONE',  ( 5.316572772509353229, 8.021806368133658438, 5.400137046524545070 ) ) ;
#1712 = DIRECTION ( 'NONE',  ( 0.05192313731231360668, -0.1253535423003612204, -0.9907524803120092427 ) ) ;
#1713 = DIRECTION ( 'NONE',  ( 0.7071067811865474617, -0.7071067811865475727, 0.000000000000000000 ) ) ;
#1714 = VERTEX_POINT ( 'NONE', #2340 ) ;
#1715 = DIRECTION ( 'NONE',  ( 0.2941979141786516538, 0.7102565944319763069, -0.6395179101157539847 ) ) ;
#1716 = VECTOR ( 'NONE', #898, 1000.000000000000227 ) ;
#1717 = CLOSED_SHELL ( 'NONE', ( #2987, #395, #1986, #217, #1851, #2546, #200, #1675, #2679, #1224, #2248, #2879, #606, #1943, #1461, #698, #2028, #2381, #2797, #1734, #1588, #626, #486, #1032, #3278, #1164, #844, #2503, #1916, #1720, #1336, #1900, #830, #1707, #344, #2718, #55, #3066, #2950, #542, #2953, #130, #930, #1562, #1921, #1879, #244, #1945, #9, #2384, #969, #384, #744, #2232, #3156, #1557, #2250, #13, #601, #352, #1374, #1217, #1955, #2824, #2708, #1424, #1885, #2692, #2000, #557, #457, #971, #2547, #681, #1507, #2639, #2888, #2842, #2519, #722, #1093, #799, #2002, #2995, #3088, #1014, #3233, #706, #1733, #1519, #580, #3120, #2843, #1346, #121, #858, #340, #173, #2084, #2775, #2758, #1884, #1147, #2796, #1077, #2574, #1941, #1570, #1159, #949, #1694, #653, #2839, #910, #3037, #2655, #61, #430, #1314 ) ) ;
#1718 = DIRECTION ( 'NONE',  ( 0.000000000000000000, 0.000000000000000000, 1.000000000000000000 ) ) ;
#1719 = AXIS2_PLACEMENT_3D ( 'NONE', #1786, #2045, #161 ) ;
#1720 = ADVANCED_FACE ( 'NONE', ( #3160 ), #3382, .T. ) ;
#1721 = ORIENTED_EDGE ( 'NONE', *, *, #762, .F. ) ;
#1722 = ORIENTED_EDGE ( 'NONE', *, *, #3341, .F. ) ;
#1723 = CARTESIAN_POINT ( 'NONE',  ( 6.680410421827586376, 5.210897322235267914, 5.500000000000000000 ) ) ;
#1724 = ORIENTED_EDGE ( 'NONE', *, *, #2163, .T. ) ;
#1725 = LINE ( 'NONE', #3363, #2153 ) ;
#1726 = CARTESIAN_POINT ( 'NONE',  ( 5.224608656915013860, 10.50000000000000000, 3.017210243735395814 ) ) ;
#1727 = LINE ( 'NONE', #162, #849 ) ;
#1728 = DIRECTION ( 'NONE',  ( -0.000000000000000000, -0.000000000000000000, -1.000000000000000000 ) ) ;
#1729 = EDGE_LOOP ( 'NONE', ( #942, #1428, #1356, #1614 ) ) ;
#1730 = LINE ( 'NONE', #2774, #1493 ) ;
#1731 = FACE_OUTER_BOUND ( 'NONE', #2721, .T. ) ;
#1732 = LINE ( 'NONE', #3004, #2458 ) ;
#1733 = ADVANCED_FACE ( 'NONE', ( #796 ), #2889, .F. ) ;
#1734 = ADVANCED_FACE ( 'NONE', ( #814 ), #492, .T. ) ;
#1735 = EDGE_CURVE ( 'NONE', #2044, #3286, #1826, .T. ) ;
#1736 = ORIENTED_EDGE ( 'NONE', *, *, #721, .F. ) ;
#1737 = ORIENTED_EDGE ( 'NONE', *, *, #875, .F. ) ;
#1738 = DIRECTION ( 'NONE',  ( 0.6048381964124415200, -0.5631033458258537516, 0.5631033458258560831 ) ) ;
#1739 = AXIS2_PLACEMENT_3D ( 'NONE', #810, #2060, #1824 ) ;
#1740 = ORIENTED_EDGE ( 'NONE', *, *, #683, .F. ) ;
#1741 = DIRECTION ( 'NONE',  ( 1.000000000000000000, -0.000000000000000000, -0.000000000000000000 ) ) ;
#1742 = CARTESIAN_POINT ( 'NONE',  ( 8.193171073995344500, -5.493171073996293785, 2.130303670514089642 ) ) ;
#1743 = FACE_OUTER_BOUND ( 'NONE', #2751, .T. ) ;
#1744 = VECTOR ( 'NONE', #289, 1000.000000000000000 ) ;
#1745 = ORIENTED_EDGE ( 'NONE', *, *, #1668, .T. ) ;
#1746 = CARTESIAN_POINT ( 'NONE',  ( 6.606809219881295547, -6.102204781945409273, 4.243115281876693956 ) ) ;
#1747 = VECTOR ( 'NONE', #3387, 999.9999999999998863 ) ;
#1748 = FACE_OUTER_BOUND ( 'NONE', #80, .T. ) ;
#1749 = ORIENTED_EDGE ( 'NONE', *, *, #944, .F. ) ;
#1750 = EDGE_CURVE ( 'NONE', #2022, #1085, #1808, .T. ) ;
#1751 = ORIENTED_EDGE ( 'NONE', *, *, #41, .T. ) ;
#1752 = EDGE_LOOP ( 'NONE', ( #2660, #3046, #2632, #2980 ) ) ;
#1753 = LINE ( 'NONE', #3273, #1050 ) ;
#1754 = AXIS2_PLACEMENT_3D ( 'NONE', #1816, #2590, #2054 ) ;
#1755 = ORIENTED_EDGE ( 'NONE', *, *, #2125, .T. ) ;
#1756 = CARTESIAN_POINT ( 'NONE',  ( -2.575547297337462460, -4.878272861947059447, 6.030491216618152350 ) ) ;
#1757 = EDGE_CURVE ( 'NONE', #1604, #3042, #540, .T. ) ;
#1758 = CARTESIAN_POINT ( 'NONE',  ( -10.49999999999999645, 5.337057896117892497, 1.499999999999999112 ) ) ;
#1759 = LINE ( 'NONE', #2563, #986 ) ;
#1760 = ORIENTED_EDGE ( 'NONE', *, *, #58, .T. ) ;
#1761 = CARTESIAN_POINT ( 'NONE',  ( -7.910897322236005280, -5.210897322236026419, 5.500000000000000000 ) ) ;
#1762 = LINE ( 'NONE', #2310, #2785 ) ;
#1763 = ORIENTED_EDGE ( 'NONE', *, *, #2111, .T. ) ;
#1764 = ORIENTED_EDGE ( 'NONE', *, *, #2230, .F. ) ;
#1765 = CIRCLE ( 'NONE', #3346, 2.010897322236002260 ) ;
#1766 = VECTOR ( 'NONE', #2583, 1000.000000000000000 ) ;
#1767 = CARTESIAN_POINT ( 'NONE',  ( -2.819589578171950439, 4.289102677764001115, 5.500000000000000000 ) ) ;
#1768 = ORIENTED_EDGE ( 'NONE', *, *, #445, .T. ) ;
#1769 = CARTESIAN_POINT ( 'NONE',  ( -5.321806368133644050, 8.021806368133658438, 5.400137046524545070 ) ) ;
#1770 = CARTESIAN_POINT ( 'NONE',  ( -8.021806368133665543, 2.569802517219689442, 5.400137046524545070 ) ) ;
#1771 = EDGE_CURVE ( 'NONE', #3176, #729, #2871, .T. ) ;
#1772 = ORIENTED_EDGE ( 'NONE', *, *, #1775, .F. ) ;
#1773 = LINE ( 'NONE', #2268, #1665 ) ;
#1774 = EDGE_CURVE ( 'NONE', #2048, #1256, #2375, .T. ) ;
#1775 = EDGE_CURVE ( 'NONE', #3125, #396, #1084, .T. ) ;
#1776 = CARTESIAN_POINT ( 'NONE',  ( -2.804426463906042777, 2.804426463906080969, 5.500000000000000000 ) ) ;
#1777 = VECTOR ( 'NONE', #178, 1000.000000000000114 ) ;
#1778 = VERTEX_POINT ( 'NONE', #2115 ) ;
#1779 = DIRECTION ( 'NONE',  ( 0.000000000000000000, 0.000000000000000000, 1.000000000000000000 ) ) ;
#1780 = DIRECTION ( 'NONE',  ( 1.000000000000000000, 0.000000000000000000, 0.000000000000000000 ) ) ;
#1781 = ORIENTED_EDGE ( 'NONE', *, *, #2269, .T. ) ;
#1782 = DIRECTION ( 'NONE',  ( -0.9986295347545739443, 0.000000000000000000, 0.05233595624294395260 ) ) ;
#1783 = FACE_OUTER_BOUND ( 'NONE', #2129, .T. ) ;
#1784 = DIRECTION ( 'NONE',  ( -1.000000000000000000, 0.000000000000000000, 0.000000000000000000 ) ) ;
#1785 = VERTEX_POINT ( 'NONE', #506 ) ;
#1786 = CARTESIAN_POINT ( 'NONE',  ( -0.2999999999999944378, -3.999999999999993339, 2.000000000000000000 ) ) ;
#1787 = EDGE_CURVE ( 'NONE', #1953, #990, #1861, .T. ) ;
#1788 = CARTESIAN_POINT ( 'NONE',  ( -5.317482050570391472, 10.50000000000000000, 1.764125160872949571 ) ) ;
#1789 = PLANE ( 'NONE',  #2634 ) ;
#1790 = ORIENTED_EDGE ( 'NONE', *, *, #946, .F. ) ;
#1791 = PLANE ( 'NONE',  #2977 ) ;
#1792 = FACE_OUTER_BOUND ( 'NONE', #2353, .T. ) ;
#1793 = VERTEX_POINT ( 'NONE', #2910 ) ;
#1794 = VECTOR ( 'NONE', #3035, 1000.000000000000114 ) ;
#1795 = ORIENTED_EDGE ( 'NONE', *, *, #499, .T. ) ;
#1796 = APPLICATION_CONTEXT ( 'automotive_design' ) ;
#1797 = DIRECTION ( 'NONE',  ( 0.2941979141786343899, -0.7102565944319729763, -0.6395179101157657531 ) ) ;
#1798 = AXIS2_PLACEMENT_3D ( 'NONE', #2754, #1124, #1417 ) ;
#1799 = DIRECTION ( 'NONE',  ( -0.7071067811865474617, -0.7071067811865475727, 0.000000000000000000 ) ) ;
#1800 = CARTESIAN_POINT ( 'NONE',  ( 4.869802517218869475, -10.32180636813365382, 5.400137046524545958 ) ) ;
#1801 = VECTOR ( 'NONE', #599, 1000.000000000000114 ) ;
#1802 = CARTESIAN_POINT ( 'NONE',  ( 0.000000000000000000, 6.938893903907228378E-15, 5.400137046524541518 ) ) ;
#1803 = EDGE_CURVE ( 'NONE', #3362, #2793, #1553, .T. ) ;
#1804 = ORIENTED_EDGE ( 'NONE', *, *, #1480, .T. ) ;
#1805 = LINE ( 'NONE', #1325, #3052 ) ;
#1806 = AXIS2_PLACEMENT_3D ( 'NONE', #1024, #3319, #498 ) ;
#1807 = LINE ( 'NONE', #2562, #2266 ) ;
#1808 = LINE ( 'NONE', #280, #2195 ) ;
#1809 = ORIENTED_EDGE ( 'NONE', *, *, #887, .T. ) ;
#1810 = CARTESIAN_POINT ( 'NONE',  ( 6.560660171779361782, 5.499999999999262812, 2.000000000000000000 ) ) ;
#1811 = EDGE_CURVE ( 'NONE', #2393, #479, #3144, .T. ) ;
#1812 = FACE_OUTER_BOUND ( 'NONE', #329, .T. ) ;
#1813 = DIRECTION ( 'NONE',  ( -1.000000000000000000, 0.000000000000000000, 0.000000000000000000 ) ) ;
#1814 = ORIENTED_EDGE ( 'NONE', *, *, #2364, .F. ) ;
#1815 = VERTEX_POINT ( 'NONE', #2101 ) ;
#1816 = CARTESIAN_POINT ( 'NONE',  ( 8.200000000000102318, 3.000000000000217604, 2.000000000000000000 ) ) ;
#1817 = EDGE_CURVE ( 'NONE', #990, #1469, #2635, .T. ) ;
#1818 = DIRECTION ( 'NONE',  ( 0.7071067811865446862, 0.000000000000000000, 0.7071067811865503483 ) ) ;
#1819 = DIRECTION ( 'NONE',  ( 0.4731467892558309241, 0.4731467892558310906, -0.7431448254773740381 ) ) ;
#1820 = VECTOR ( 'NONE', #2056, 1000.000000000000000 ) ;
#1821 = AXIS2_PLACEMENT_3D ( 'NONE', #2970, #1174, #148 ) ;
#1822 = DIRECTION ( 'NONE',  ( -1.000000000000000000, 0.000000000000000000, 0.000000000000000000 ) ) ;
#1823 = ORIENTED_EDGE ( 'NONE', *, *, #306, .T. ) ;
#1824 = DIRECTION ( 'NONE',  ( -1.000000000000000000, 0.000000000000000000, 0.000000000000000000 ) ) ;
#1825 = VECTOR ( 'NONE', #1691, 1000.000000000000114 ) ;
#1826 = LINE ( 'NONE', #778, #1924 ) ;
#1827 = ORIENTED_EDGE ( 'NONE', *, *, #899, .T. ) ;
#1828 = CARTESIAN_POINT ( 'NONE',  ( -2.010897322236002260, 6.938893903907228378E-15, 5.500000000000000000 ) ) ;
#1829 = VECTOR ( 'NONE', #3062, 1000.000000000000000 ) ;
#1830 = DIRECTION ( 'NONE',  ( -0.000000000000000000, 1.000000000000000000, -0.000000000000000000 ) ) ;
#1831 = CARTESIAN_POINT ( 'NONE',  ( 5.241848945016127637, 6.711362044608176092, 5.500000000000000000 ) ) ;
#1832 = CARTESIAN_POINT ( 'NONE',  ( -10.49999999999999645, 5.299999999999926104, 2.000000000000000000 ) ) ;
#1833 = VERTEX_POINT ( 'NONE', #298 ) ;
#1834 = ORIENTED_EDGE ( 'NONE', *, *, #2355, .T. ) ;
#1835 = EDGE_CURVE ( 'NONE', #990, #2554, #2392, .T. ) ;
#1836 = ORIENTED_EDGE ( 'NONE', *, *, #1049, .T. ) ;
#1837 = CARTESIAN_POINT ( 'NONE',  ( -8.200000000000002842, -3.000000000000023981, 2.000000000000000000 ) ) ;
#1838 = EDGE_CURVE ( 'NONE', #3391, #1915, #3231, .T. ) ;
#1839 = DIRECTION ( 'NONE',  ( -1.000000000000000000, 0.000000000000000000, 0.000000000000000000 ) ) ;
#1840 = VERTEX_POINT ( 'NONE', #2733 ) ;
#1841 = DIRECTION ( 'NONE',  ( -0.2941979141786301155, -0.7102565944319628732, -0.6395179101157790758 ) ) ;
#1842 = PRODUCT ( 'Tampa_Perfil_2020_V', 'Tampa_Perfil_2020_V', '', ( #1327 ) ) ;
#1843 = DIRECTION ( 'NONE',  ( -0.7071067811865483499, 0.7071067811865466846, 0.000000000000000000 ) ) ;
#1844 = EDGE_LOOP ( 'NONE', ( #1299, #1260, #2063, #2170 ) ) ;
#1845 = CARTESIAN_POINT ( 'NONE',  ( 3.999999999999543032, -2.939339828220615125, 2.000000000000000000 ) ) ;
#1846 = DIRECTION ( 'NONE',  ( 0.7061377159181260188, 0.7061377159181265739, 0.05233595624294394566 ) ) ;
#1847 = DIRECTION ( 'NONE',  ( -1.000000000000000000, 0.000000000000000000, 0.000000000000000000 ) ) ;
#1848 = FACE_OUTER_BOUND ( 'NONE', #2747, .T. ) ;
#1849 = VECTOR ( 'NONE', #5, 1000.000000000000000 ) ;
#1850 = EDGE_LOOP ( 'NONE', ( #1321, #2636, #1542, #1052 ) ) ;
#1851 = ADVANCED_FACE ( 'NONE', ( #2427 ), #884, .F. ) ;
#1852 = DIRECTION ( 'NONE',  ( -1.000000000000000000, 0.000000000000000000, 0.000000000000000000 ) ) ;
#1853 = PLANE ( 'NONE',  #3292 ) ;
#1854 = AXIS2_PLACEMENT_3D ( 'NONE', #2776, #2259, #2457 ) ;
#1855 = LINE ( 'NONE', #2902, #893 ) ;
#1856 = VECTOR ( 'NONE', #144, 1000.000000000000114 ) ;
#1857 = DIRECTION ( 'NONE',  ( 0.000000000000000000, 1.000000000000000000, 0.000000000000000000 ) ) ;
#1858 = ORIENTED_EDGE ( 'NONE', *, *, #3153, .T. ) ;
#1859 = AXIS2_PLACEMENT_3D ( 'NONE', #1279, #3388, #2087 ) ;
#1860 = PLANE ( 'NONE',  #533 ) ;
#1861 = LINE ( 'NONE', #1068, #114 ) ;
#1862 = ORIENTED_EDGE ( 'NONE', *, *, #1123, .F. ) ;
#1863 = EDGE_CURVE ( 'NONE', #3242, #3312, #3213, .T. ) ;
#1864 = DIRECTION ( 'NONE',  ( -0.000000000000000000, -1.000000000000000000, -0.000000000000000000 ) ) ;
#1865 = CARTESIAN_POINT ( 'NONE',  ( 6.102204781945024692, 6.606809219880418027, 4.243115281876788103 ) ) ;
#1866 = DIRECTION ( 'NONE',  ( -1.000000000000000000, 0.000000000000000000, 0.000000000000000000 ) ) ;
#1867 = CARTESIAN_POINT ( 'NONE',  ( -0.7347565497960151237, -0.7347565497960150127, 5.500000000000000000 ) ) ;
#1868 = EDGE_CURVE ( 'NONE', #1005, #3312, #1640, .T. ) ;
#1869 = ORIENTED_EDGE ( 'NONE', *, *, #2768, .F. ) ;
#1870 = AXIS2_PLACEMENT_3D ( 'NONE', #1948, #2409, #3197 ) ;
#1871 = PLANE ( 'NONE',  #2122 ) ;
#1872 = CARTESIAN_POINT ( 'NONE',  ( -10.49999999999999645, -5.299999999999987388, 2.000000000000000000 ) ) ;
#1873 = ORIENTED_EDGE ( 'NONE', *, *, #2810, .T. ) ;
#1874 = CARTESIAN_POINT ( 'NONE',  ( 10.00000000000000533, -8.500000000000003553, 2.000000000000000000 ) ) ;
#1875 = ORIENTED_EDGE ( 'NONE', *, *, #2781, .F. ) ;
#1876 = DIRECTION ( 'NONE',  ( 0.7071067811865476838, -0.7071067811865474617, 0.000000000000000000 ) ) ;
#1877 = VECTOR ( 'NONE', #992, 1000.000000000000000 ) ;
#1878 = VECTOR ( 'NONE', #1799, 1000.000000000000000 ) ;
#1879 = ADVANCED_FACE ( 'NONE', ( #1931 ), #3179, .T. ) ;
#1880 = DIRECTION ( 'NONE',  ( -9.164576854216368540E-15, 1.000000000000000000, -0.000000000000000000 ) ) ;
#1881 = ORIENTED_EDGE ( 'NONE', *, *, #2474, .F. ) ;
#1882 = VECTOR ( 'NONE', #678, 1000.000000000000000 ) ;
#1883 = CARTESIAN_POINT ( 'NONE',  ( -4.289102677764002003, 2.863361782885027740, 5.500000000000000000 ) ) ;
#1884 = ADVANCED_FACE ( 'NONE', ( #1674 ), #350, .F. ) ;
#1885 = ADVANCED_FACE ( 'NONE', ( #2668 ), #3248, .F. ) ;
#1886 = DIRECTION ( 'NONE',  ( 0.000000000000000000, 0.000000000000000000, -1.000000000000000000 ) ) ;
#1887 = DIRECTION ( 'NONE',  ( 0.000000000000000000, -1.000000000000000000, 0.000000000000000000 ) ) ;
#1888 = CARTESIAN_POINT ( 'NONE',  ( -6.680410421828062439, 5.210897322235981122, 5.500000000000000000 ) ) ;
#1889 = ORIENTED_EDGE ( 'NONE', *, *, #2133, .F. ) ;
#1890 = VECTOR ( 'NONE', #1219, 1000.000000000000000 ) ;
#1891 = DIRECTION ( 'NONE',  ( -0.000000000000000000, -0.000000000000000000, -1.000000000000000000 ) ) ;
#1892 = EDGE_LOOP ( 'NONE', ( #797, #2773, #386, #2650 ) ) ;
#1893 = DIRECTION ( 'NONE',  ( 1.000000000000000000, 0.000000000000000000, 0.000000000000000000 ) ) ;
#1894 = ORIENTED_EDGE ( 'NONE', *, *, #876, .T. ) ;
#1895 = DIRECTION ( 'NONE',  ( 0.05233595624294395260, 0.000000000000000000, 0.9986295347545739443 ) ) ;
#1896 = DIRECTION ( 'NONE',  ( 1.000000000000000000, 0.000000000000000000, 0.000000000000000000 ) ) ;
#1897 = DIRECTION ( 'NONE',  ( 1.000000000000000000, 0.000000000000000000, 0.000000000000000000 ) ) ;
#1898 = VERTEX_POINT ( 'NONE', #611 ) ;
#1899 = DIRECTION ( 'NONE',  ( -0.05232366301070896092, -0.02167317085207511040, -0.9983949659099640161 ) ) ;
#1900 = ADVANCED_FACE ( 'NONE', ( #2184 ), #1656, .T. ) ;
#1901 = EDGE_CURVE ( 'NONE', #3085, #3232, #3235, .T. ) ;
#1902 = LINE ( 'NONE', #2360, #972 ) ;
#1903 = LINE ( 'NONE', #615, #1558 ) ;
#1904 = CARTESIAN_POINT ( 'NONE',  ( -2.121806368133650089, 6.668136353148015889E-15, 5.400137046524541518 ) ) ;
#1905 = ORIENTED_EDGE ( 'NONE', *, *, #1901, .F. ) ;
#1906 = LINE ( 'NONE', #2385, #701 ) ;
#1907 = LINE ( 'NONE', #1112, #979 ) ;
#1908 = ORIENTED_EDGE ( 'NONE', *, *, #721, .T. ) ;
#1909 = DIRECTION ( 'NONE',  ( 0.000000000000000000, 1.000000000000000000, 0.000000000000000000 ) ) ;
#1910 = MECHANICAL_DESIGN_GEOMETRIC_PRESENTATION_REPRESENTATION (  '', ( #2508 ), #2564 ) ;
#1911 = VERTEX_POINT ( 'NONE', #79 ) ;
#1912 = FACE_OUTER_BOUND ( 'NONE', #1329, .T. ) ;
#1913 = AXIS2_PLACEMENT_3D ( 'NONE', #1802, #774, #1822 ) ;
#1914 = CARTESIAN_POINT ( 'NONE',  ( 2.863361782885055273, 4.289102677764001115, 5.500000000000000000 ) ) ;
#1915 = VERTEX_POINT ( 'NONE', #832 ) ;
#1916 = ADVANCED_FACE ( 'NONE', ( #1119 ), #111, .T. ) ;
#1917 = CARTESIAN_POINT ( 'NONE',  ( 5.096359988859052059, -2.396359988859929846, 8.034220797799521918 ) ) ;
#1918 = VECTOR ( 'NONE', #2786, 1000.000000000000114 ) ;
#1919 = CARTESIAN_POINT ( 'NONE',  ( -8.016572772509372058, 5.210897322235981122, 5.500000000000000000 ) ) ;
#1920 = DIRECTION ( 'NONE',  ( -0.000000000000000000, -1.000000000000000000, -0.000000000000000000 ) ) ;
#1921 = ADVANCED_FACE ( 'NONE', ( #2169 ), #865, .T. ) ;
#1922 = ORIENTED_EDGE ( 'NONE', *, *, #747, .T. ) ;
#1923 = CARTESIAN_POINT ( 'NONE',  ( -5.317482050570414565, -10.50000000000000355, 1.764125160872951126 ) ) ;
#1924 = VECTOR ( 'NONE', #2323, 1000.000000000000000 ) ;
#1925 = CARTESIAN_POINT ( 'NONE',  ( -10.49999999999999645, -8.499999999999989342, 2.000000000000000000 ) ) ;
#1926 = EDGE_LOOP ( 'NONE', ( #605, #3038, #953, #3290 ) ) ;
#1927 = EDGE_CURVE ( 'NONE', #2025, #2595, #2994, .T. ) ;
#1928 = PLANE ( 'NONE',  #3007 ) ;
#1929 = ORIENTED_EDGE ( 'NONE', *, *, #1218, .T. ) ;
#1930 = PLANE ( 'NONE',  #3305 ) ;
#1931 = FACE_OUTER_BOUND ( 'NONE', #1009, .T. ) ;
#1932 = ORIENTED_EDGE ( 'NONE', *, *, #2131, .T. ) ;
#1933 = DIRECTION ( 'NONE',  ( 0.5631033458258557500, 0.6048381964124358579, 0.5631033458258600799 ) ) ;
#1934 = CARTESIAN_POINT ( 'NONE',  ( -5.096359988859251899, 2.396359988859215306, 8.034220797799664027 ) ) ;
#1935 = AXIS2_PLACEMENT_3D ( 'NONE', #922, #1145, #118 ) ;
#1936 = CARTESIAN_POINT ( 'NONE',  ( 8.199999999999494804, -3.000000000000108802, 2.000000000000000000 ) ) ;
#1937 = DIRECTION ( 'NONE',  ( -0.7071067811865460184, 0.000000000000000000, 0.7071067811865490160 ) ) ;
#1938 = VERTEX_POINT ( 'NONE', #642 ) ;
#1939 = DIRECTION ( 'NONE',  ( 0.05192313731231639612, 0.1253535423003563631, -0.9907524803120096868 ) ) ;
#1940 = DIRECTION ( 'NONE',  ( -1.000000000000000000, -0.000000000000000000, -0.000000000000000000 ) ) ;
#1941 = ADVANCED_FACE ( 'NONE', ( #1688 ), #332, .F. ) ;
#1942 = ORIENTED_EDGE ( 'NONE', *, *, #1031, .T. ) ;
#1943 = ADVANCED_FACE ( 'NONE', ( #1431 ), #2478, .T. ) ;
#1944 = VECTOR ( 'NONE', #2672, 1000.000000000000000 ) ;
#1945 = ADVANCED_FACE ( 'NONE', ( #202 ), #1527, .T. ) ;
#1946 = ORIENTED_EDGE ( 'NONE', *, *, #3341, .T. ) ;
#1947 = PLANE ( 'NONE',  #2750 ) ;
#1948 = CARTESIAN_POINT ( 'NONE',  ( 5.299999999999966960, 10.50000000000000000, 2.000000000000000000 ) ) ;
#1949 = ORIENTED_EDGE ( 'NONE', *, *, #3076, .T. ) ;
#1950 = CARTESIAN_POINT ( 'NONE',  ( -3.356965403210576238, 6.056965403210590182, 7.169287797743351121 ) ) ;
#1951 = DIRECTION ( 'NONE',  ( 1.000000000000000000, 0.000000000000000000, 0.000000000000000000 ) ) ;
#1952 = FACE_OUTER_BOUND ( 'NONE', #2740, .T. ) ;
#1953 = VERTEX_POINT ( 'NONE', #2279 ) ;
#1954 = LINE ( 'NONE', #425, #2698 ) ;
#1955 = ADVANCED_FACE ( 'NONE', ( #3373 ), #1150, .T. ) ;
#1956 = DIRECTION ( 'NONE',  ( 0.7071067811865474617, -0.7071067811865474617, -0.000000000000000000 ) ) ;
#1957 = ORIENTED_EDGE ( 'NONE', *, *, #399, .T. ) ;
#1958 = ORIENTED_EDGE ( 'NONE', *, *, #579, .F. ) ;
#1959 = CARTESIAN_POINT ( 'NONE',  ( 10.31287206155333891, 4.860868210639543108, 5.400137046524544182 ) ) ;
#1960 = CARTESIAN_POINT ( 'NONE',  ( -9.999999999999989342, -8.499999999999989342, 0.000000000000000000 ) ) ;
#1961 = ORIENTED_EDGE ( 'NONE', *, *, #3169, .F. ) ;
#1962 = DIRECTION ( 'NONE',  ( 0.000000000000000000, 0.000000000000000000, -1.000000000000000000 ) ) ;
#1963 = AXIS2_PLACEMENT_3D ( 'NONE', #2091, #1354, #1852 ) ;
#1964 = VECTOR ( 'NONE', #477, 1000.000000000000114 ) ;
#1965 = FACE_OUTER_BOUND ( 'NONE', #530, .T. ) ;
#1966 = EDGE_CURVE ( 'NONE', #1785, #396, #2030, .T. ) ;
#1967 = CARTESIAN_POINT ( 'NONE',  ( 5.210897322236003326, 6.680410421828051781, 5.500000000000000000 ) ) ;
#1968 = CARTESIAN_POINT ( 'NONE',  ( 2.999999999999975131, 8.200000000000009948, 2.000000000000000000 ) ) ;
#1969 = VECTOR ( 'NONE', #1170, 1000.000000000000000 ) ;
#1970 = ORIENTED_EDGE ( 'NONE', *, *, #94, .F. ) ;
#1971 = LINE ( 'NONE', #1158, #1330 ) ;
#1972 = VECTOR ( 'NONE', #583, 1000.000000000000000 ) ;
#1973 = EDGE_CURVE ( 'NONE', #649, #345, #238, .T. ) ;
#1974 = CARTESIAN_POINT ( 'NONE',  ( 4.289102677763536597, -2.819589578172391864, 5.500000000000000000 ) ) ;
#1975 = EDGE_LOOP ( 'NONE', ( #2570, #1230, #2090, #1790 ) ) ;
#1976 = EDGE_LOOP ( 'NONE', ( #1092, #2766, #274, #1241 ) ) ;
#1977 = DIRECTION ( 'NONE',  ( -0.05192313731231754798, -0.1253535423003563354, -0.9907524803120096868 ) ) ;
#1978 = EDGE_LOOP ( 'NONE', ( #1740, #921, #1669, #2606 ) ) ;
#1979 = PLANE ( 'NONE',  #232 ) ;
#1980 = DIRECTION ( 'NONE',  ( 0.000000000000000000, -0.7071067811865500152, -0.7071067811865451302 ) ) ;
#1981 = CARTESIAN_POINT ( 'NONE',  ( -0.2999999999999944378, -4.178193631866343516, 5.400137046524545958 ) ) ;
#1982 = DIRECTION ( 'NONE',  ( -1.000000000000000000, -0.000000000000000000, -0.000000000000000000 ) ) ;
#1983 = ORIENTED_EDGE ( 'NONE', *, *, #535, .T. ) ;
#1984 = DIRECTION ( 'NONE',  ( -0.000000000000000000, -0.000000000000000000, 1.000000000000000000 ) ) ;
#1985 = EDGE_CURVE ( 'NONE', #1601, #2897, #3098, .T. ) ;
#1986 = ADVANCED_FACE ( 'NONE', ( #187, #2072 ), #1543, .F. ) ;
#1987 = AXIS2_PLACEMENT_3D ( 'NONE', #2148, #3196, #2495 ) ;
#1988 = VECTOR ( 'NONE', #2706, 1000.000000000000000 ) ;
#1989 = DIRECTION ( 'NONE',  ( -0.6691306063588562392, 0.000000000000000000, -0.7431448254773960205 ) ) ;
#1990 = LINE ( 'NONE', #687, #1137 ) ;
#1991 = VECTOR ( 'NONE', #1399, 1000.000000000000227 ) ;
#1992 = ORIENTED_EDGE ( 'NONE', *, *, #3169, .T. ) ;
#1993 = ORIENTED_EDGE ( 'NONE', *, *, #998, .F. ) ;
#1994 = DIRECTION ( 'NONE',  ( -0.6691306063588720043, 0.000000000000000000, -0.7431448254773818096 ) ) ;
#1995 = CARTESIAN_POINT ( 'NONE',  ( 10.49999999999990763, 5.300000000000022027, 2.000000000000000000 ) ) ;
#1996 = ORIENTED_EDGE ( 'NONE', *, *, #3294, .T. ) ;
#1997 = CARTESIAN_POINT ( 'NONE',  ( 5.299999999999966960, 10.50000000000000000, 2.000000000000000000 ) ) ;
#1998 = LINE ( 'NONE', #633, #2104 ) ;
#1999 = DIRECTION ( 'NONE',  ( -0.05226442768871403938, 0.05226442768871403244, -0.9972646886342373396 ) ) ;
#2000 = ADVANCED_FACE ( 'NONE', ( #2826 ), #596, .T. ) ;
#2001 = ORIENTED_EDGE ( 'NONE', *, *, #1750, .T. ) ;
#2002 = ADVANCED_FACE ( 'NONE', ( #480 ), #771, .F. ) ;
#2003 = DIRECTION ( 'NONE',  ( 1.000000000000000000, 0.000000000000000000, 0.000000000000000000 ) ) ;
#2004 = CARTESIAN_POINT ( 'NONE',  ( -8.499999999999984013, 10.50000000000000000, 0.5000000000000038858 ) ) ;
#2005 = VERTEX_POINT ( 'NONE', #2573 ) ;
#2006 = ORIENTED_EDGE ( 'NONE', *, *, #2430, .F. ) ;
#2007 = VERTEX_POINT ( 'NONE', #253 ) ;
#2008 = VECTOR ( 'NONE', #2748, 1000.000000000000000 ) ;
#2009 = DIRECTION ( 'NONE',  ( 0.8734801431569483299, 0.3618073217592021606, -0.3257727757685563441 ) ) ;
#2010 = VECTOR ( 'NONE', #1013, 1000.000000000000000 ) ;
#2011 = ORIENTED_EDGE ( 'NONE', *, *, #3151, .F. ) ;
#2012 = PLANE ( 'NONE',  #841 ) ;
#2013 = EDGE_CURVE ( 'NONE', #2251, #553, #1564, .T. ) ;
#2014 = CARTESIAN_POINT ( 'NONE',  ( 0.000000000000000000, 6.938893903907228378E-15, 5.500000000000000000 ) ) ;
#2015 = PLANE ( 'NONE',  #603 ) ;
#2016 = VECTOR ( 'NONE', #273, 999.9999999999998863 ) ;
#2017 = ORIENTED_EDGE ( 'NONE', *, *, #2490, .T. ) ;
#2018 = VECTOR ( 'NONE', #1090, 1000.000000000000000 ) ;
#2019 = DIRECTION ( 'NONE',  ( -0.000000000000000000, 1.000000000000000000, -0.000000000000000000 ) ) ;
#2020 = VECTOR ( 'NONE', #1345, 1000.000000000000000 ) ;
#2021 = CARTESIAN_POINT ( 'NONE',  ( -10.43100725859186007, 5.133436787987104566, 3.316459929269727880 ) ) ;
#2022 = VERTEX_POINT ( 'NONE', #466 ) ;
#2023 = EDGE_LOOP ( 'NONE', ( #3316, #2346, #1135, #1153 ) ) ;
#2024 = DIRECTION ( 'NONE',  ( -3.122502256757930915E-14, -1.000000000000000000, -1.964055071711820276E-31 ) ) ;
#2025 = VERTEX_POINT ( 'NONE', #1767 ) ;
#2026 = LINE ( 'NONE', #2247, #2424 ) ;
#2027 = EDGE_CURVE ( 'NONE', #2595, #584, #3084, .T. ) ;
#2028 = ADVANCED_FACE ( 'NONE', ( #3261 ), #1263, .T. ) ;
#2029 = DIRECTION ( 'NONE',  ( 1.000000000000000000, 0.000000000000000000, 0.000000000000000000 ) ) ;
#2030 = CIRCLE ( 'NONE', #714, 1.499999999999992673 ) ;
#2031 = ORIENTED_EDGE ( 'NONE', *, *, #2667, .F. ) ;
#2032 = LINE ( 'NONE', #1514, #782 ) ;
#2033 =( NAMED_UNIT ( * ) SI_UNIT ( $, .STERADIAN. ) SOLID_ANGLE_UNIT ( ) );
#2034 = DIRECTION ( 'NONE',  ( -0.7071067811865474617, 0.7071067811865475727, 0.000000000000000000 ) ) ;
#2035 = VERTEX_POINT ( 'NONE', #1960 ) ;
#2036 = CARTESIAN_POINT ( 'NONE',  ( -5.210897322235999773, 6.680410421828050005, 5.500000000000000000 ) ) ;
#2037 = LINE ( 'NONE', #3081, #1143 ) ;
#2038 = ORIENTED_EDGE ( 'NONE', *, *, #2462, .T. ) ;
#2039 = ORIENTED_EDGE ( 'NONE', *, *, #2593, .T. ) ;
#2040 = DIRECTION ( 'NONE',  ( -0.000000000000000000, -0.000000000000000000, -1.000000000000000000 ) ) ;
#2041 = ORIENTED_EDGE ( 'NONE', *, *, #1504, .T. ) ;
#2042 = CARTESIAN_POINT ( 'NONE',  ( -8.499999999999996447, -8.500000000000003553, 1.500000000000002665 ) ) ;
#2043 = EDGE_CURVE ( 'NONE', #1898, #2572, #749, .T. ) ;
#2044 = VERTEX_POINT ( 'NONE', #447 ) ;
#2045 = DIRECTION ( 'NONE',  ( 0.000000000000000000, 0.9986295347545739443, 0.05233595624294395260 ) ) ;
#2046 = CARTESIAN_POINT ( 'NONE',  ( -8.193171073995943132, 5.493171073995904763, 2.130303670514081205 ) ) ;
#2047 = VECTOR ( 'NONE', #1107, 1000.000000000000000 ) ;
#2048 = VERTEX_POINT ( 'NONE', #1494 ) ;
#2049 = CARTESIAN_POINT ( 'NONE',  ( 3.999999999999543920, 2.939339828219444062, 2.000000000000000000 ) ) ;
#2050 = DIRECTION ( 'NONE',  ( -1.000000000000000000, -0.000000000000000000, -0.000000000000000000 ) ) ;
#2051 = ORIENTED_EDGE ( 'NONE', *, *, #792, .T. ) ;
#2052 = ORIENTED_EDGE ( 'NONE', *, *, #25, .T. ) ;
#2053 = EDGE_CURVE ( 'NONE', #2035, #1458, #2540, .T. ) ;
#2054 = DIRECTION ( 'NONE',  ( -0.7071067811865475727, -0.7071067811865475727, 0.000000000000000000 ) ) ;
#2055 = ORIENTED_EDGE ( 'NONE', *, *, #339, .F. ) ;
#2056 = DIRECTION ( 'NONE',  ( -1.000000000000000000, -0.000000000000000000, -0.000000000000000000 ) ) ;
#2057 = MANIFOLD_SOLID_BREP ( 'Chanfro2', #1717 ) ;
#2058 = LINE ( 'NONE', #554, #2955 ) ;
#2059 = VERTEX_POINT ( 'NONE', #3172 ) ;
#2060 = DIRECTION ( 'NONE',  ( -0.000000000000000000, -0.000000000000000000, 1.000000000000000000 ) ) ;
#2061 = LINE ( 'NONE', #3310, #1281 ) ;
#2062 = CARTESIAN_POINT ( 'NONE',  ( -4.000000000000007105, 2.939339828220147943, 2.000000000000000000 ) ) ;
#2063 = ORIENTED_EDGE ( 'NONE', *, *, #2608, .F. ) ;
#2064 = LINE ( 'NONE', #954, #398 ) ;
#2065 = EDGE_CURVE ( 'NONE', #479, #3391, #2936, .T. ) ;
#2066 = VECTOR ( 'NONE', #70, 1000.000000000000000 ) ;
#2067 = CARTESIAN_POINT ( 'NONE',  ( 8.021806368133072240, -5.321806368134016196, 5.400137046524542406 ) ) ;
#2068 = DIRECTION ( 'NONE',  ( -1.000000000000000000, 0.000000000000000000, 0.000000000000000000 ) ) ;
#2069 = ORIENTED_EDGE ( 'NONE', *, *, #3137, .T. ) ;
#2070 = AXIS2_PLACEMENT_3D ( 'NONE', #2814, #1197, #172 ) ;
#2071 = ORIENTED_EDGE ( 'NONE', *, *, #2488, .T. ) ;
#2072 = FACE_BOUND ( 'NONE', #1341, .T. ) ;
#2073 = FACE_OUTER_BOUND ( 'NONE', #989, .T. ) ;
#2074 = PLANE ( 'NONE',  #504 ) ;
#2075 = VECTOR ( 'NONE', #1419, 1000.000000000000114 ) ;
#2076 = CARTESIAN_POINT ( 'NONE',  ( 3.999999999999542144, 2.939339828219445394, 2.000000000000000000 ) ) ;
#2077 = ORIENTED_EDGE ( 'NONE', *, *, #2277, .F. ) ;
#2078 = CARTESIAN_POINT ( 'NONE',  ( 4.289102677763536597, 0.000000000000000000, 5.500000000000000000 ) ) ;
#2079 = VECTOR ( 'NONE', #1592, 1000.000000000000000 ) ;
#2080 = CARTESIAN_POINT ( 'NONE',  ( 6.560660171779295169, -5.500000000000367706, 2.000000000000000000 ) ) ;
#2081 = CARTESIAN_POINT ( 'NONE',  ( 10.21089732223595981, 9.357855326014358751E-14, 5.500000000000000000 ) ) ;
#2082 = ORIENTED_EDGE ( 'NONE', *, *, #2781, .T. ) ;
#2083 = CARTESIAN_POINT ( 'NONE',  ( 0.000000000000000000, -4.289102677763986016, 5.500000000000000000 ) ) ;
#2084 = ADVANCED_FACE ( 'NONE', ( #3392 ), #1871, .F. ) ;
#2085 = PLANE ( 'NONE',  #816 ) ;
#2086 = PLANE ( 'NONE',  #2625 ) ;
#2087 = DIRECTION ( 'NONE',  ( -1.000000000000000000, 0.000000000000000000, 0.000000000000000000 ) ) ;
#2088 = EDGE_CURVE ( 'NONE', #3281, #2025, #1906, .T. ) ;
#2089 = ORIENTED_EDGE ( 'NONE', *, *, #2400, .F. ) ;
#2090 = ORIENTED_EDGE ( 'NONE', *, *, #1201, .F. ) ;
#2091 = CARTESIAN_POINT ( 'NONE',  ( -8.499999999999996447, -8.500000000000003553, 0.000000000000000000 ) ) ;
#2092 = ORIENTED_EDGE ( 'NONE', *, *, #2971, .T. ) ;
#2093 = PLANE ( 'NONE',  #619 ) ;
#2094 = CONICAL_SURFACE ( 'NONE', #1659, 2.000000000000000000, 0.7853981633974517207 ) ;
#2095 = AXIS2_PLACEMENT_3D ( 'NONE', #1002, #1779, #2820 ) ;
#2096 = CARTESIAN_POINT ( 'NONE',  ( -8.499999999999996447, 10.00000000000000178, 2.000000000000000000 ) ) ;
#2097 = ORIENTED_EDGE ( 'NONE', *, *, #1450, .T. ) ;
#2098 = DIRECTION ( 'NONE',  ( -0.7061377159181256857, 0.7061377159181270180, 0.05233595624294395954 ) ) ;
#2099 = AXIS2_PLACEMENT_3D ( 'NONE', #3291, #1483, #3309 ) ;
#2100 = EDGE_CURVE ( 'NONE', #584, #1578, #3207, .T. ) ;
#2101 = CARTESIAN_POINT ( 'NONE',  ( -6.680410421828031353, -5.210897322236026419, 5.500000000000000000 ) ) ;
#2102 = EDGE_LOOP ( 'NONE', ( #3238, #956, #50, #2152, #236, #975, #408, #2113, #803, #2928 ) ) ;
#2103 = PLANE ( 'NONE',  #1547 ) ;
#2104 = VECTOR ( 'NONE', #2513, 1000.000000000000000 ) ;
#2105 = DIRECTION ( 'NONE',  ( 1.000000000000000000, 0.000000000000000000, 0.000000000000000000 ) ) ;
#2106 = CARTESIAN_POINT ( 'NONE',  ( 8.499999999999989342, -10.50000000000000355, 0.5000000000000038858 ) ) ;
#2107 = DIRECTION ( 'NONE',  ( 0.02167317085207508959, 0.05232366301070896092, -0.9983949659099640161 ) ) ;
#2108 = ORIENTED_EDGE ( 'NONE', *, *, #143, .T. ) ;
#2109 = VERTEX_POINT ( 'NONE', #1580 ) ;
#2110 = LINE ( 'NONE', #806, #452 ) ;
#2111 = EDGE_CURVE ( 'NONE', #2550, #3097, #823, .T. ) ;
#2112 = CARTESIAN_POINT ( 'NONE',  ( 4.799999999999132960, -10.00000000000000533, 2.000000000000000000 ) ) ;
#2113 = ORIENTED_EDGE ( 'NONE', *, *, #1629, .T. ) ;
#2114 = CARTESIAN_POINT ( 'NONE',  ( 6.560660171779295169, -5.500000000000366818, 2.000000000000000000 ) ) ;
#2115 = CARTESIAN_POINT ( 'NONE',  ( 10.00000000000000533, 4.800000000000119726, 2.000000000000000000 ) ) ;
#2116 = EDGE_LOOP ( 'NONE', ( #1517, #3195, #939, #321 ) ) ;
#2117 = DIRECTION ( 'NONE',  ( 1.000000000000000000, 0.000000000000000000, 0.000000000000000000 ) ) ;
#2118 = CARTESIAN_POINT ( 'NONE',  ( -8.021806368133651333, -5.321806368133672471, 5.400137046524545070 ) ) ;
#2119 = LINE ( 'NONE', #3165, #135 ) ;
#2120 = LINE ( 'NONE', #1832, #1701 ) ;
#2121 = ORIENTED_EDGE ( 'NONE', *, *, #1838, .T. ) ;
#2122 = AXIS2_PLACEMENT_3D ( 'NONE', #325, #1320, #1633 ) ;
#2123 = VECTOR ( 'NONE', #183, 1000.000000000000000 ) ;
#2124 = DIRECTION ( 'NONE',  ( -0.5964727848720934311, -0.5964727848720934311, 0.5370665078124483571 ) ) ;
#2125 = EDGE_CURVE ( 'NONE', #2465, #2048, #53, .T. ) ;
#2126 = VERTEX_POINT ( 'NONE', #2918 ) ;
#2127 = CIRCLE ( 'NONE', #1247, 2.000000000000000000 ) ;
#2128 = LINE ( 'NONE', #2389, #1416 ) ;
#2129 = EDGE_LOOP ( 'NONE', ( #2404, #847, #2121, #194, #1271, #4, #3107, #1638, #186, #787 ) ) ;
#2130 = AXIS2_PLACEMENT_3D ( 'NONE', #337, #1172, #2984 ) ;
#2131 = EDGE_CURVE ( 'NONE', #2035, #691, #569, .T. ) ;
#2132 = CARTESIAN_POINT ( 'NONE',  ( -10.49999999999999645, -8.499999999999989342, 1.500000000000002665 ) ) ;
#2133 = EDGE_CURVE ( 'NONE', #2868, #1195, #3152, .T. ) ;
#2134 = DIRECTION ( 'NONE',  ( 0.9986295347545739443, 0.000000000000000000, 0.05233595624294395260 ) ) ;
#2135 = ORIENTED_EDGE ( 'NONE', *, *, #3243, .T. ) ;
#2136 = DIRECTION ( 'NONE',  ( -0.4731467892558175459, 0.4731467892558178789, -0.7431448254773908024 ) ) ;
#2137 = LINE ( 'NONE', #1865, #3327 ) ;
#2138 = CARTESIAN_POINT ( 'NONE',  ( 8.199999999999416644, -5.500000000000365930, 2.000000000000000000 ) ) ;
#2139 = DIRECTION ( 'NONE',  ( -1.000000000000000000, 0.000000000000000000, 0.000000000000000000 ) ) ;
#2140 = ORIENTED_EDGE ( 'NONE', *, *, #2163, .F. ) ;
#2141 = AXIS2_PLACEMENT_3D ( 'NONE', #2081, #3124, #2652 ) ;
#2142 = SURFACE_STYLE_USAGE ( .BOTH. , #789 ) ;
#2143 = DIRECTION ( 'NONE',  ( -1.000000000000000000, 0.000000000000000000, 0.000000000000000000 ) ) ;
#2144 = EDGE_LOOP ( 'NONE', ( #154, #138, #310, #1227 ) ) ;
#2145 = CARTESIAN_POINT ( 'NONE',  ( 5.499999999999998224, 6.560660171779828964, 2.000000000000000000 ) ) ;
#2146 = EDGE_CURVE ( 'NONE', #3211, #1689, #859, .T. ) ;
#2147 = ORIENTED_EDGE ( 'NONE', *, *, #2276, .T. ) ;
#2148 = CARTESIAN_POINT ( 'NONE',  ( 2.804426463906120492, -2.804426463906125822, 5.500000000000000000 ) ) ;
#2149 = VECTOR ( 'NONE', #2009, 1000.000000000000227 ) ;
#2150 = APPLICATION_PROTOCOL_DEFINITION ( 'draft international standard', 'automotive_design', 1998, #1796 ) ;
#2151 = CARTESIAN_POINT ( 'NONE',  ( -2.804426463906134259, -2.804426463906140476, 5.500000000000000000 ) ) ;
#2152 = ORIENTED_EDGE ( 'NONE', *, *, #998, .T. ) ;
#2153 = VECTOR ( 'NONE', #1741, 1000.000000000000000 ) ;
#2154 = DIRECTION ( 'NONE',  ( -0.000000000000000000, -0.000000000000000000, -1.000000000000000000 ) ) ;
#2155 = CARTESIAN_POINT ( 'NONE',  ( -8.021806368133665543, 5.321806368133626286, 5.400137046524545958 ) ) ;
#2156 = DIRECTION ( 'NONE',  ( 0.000000000000000000, 0.9986295347545739443, 0.05233595624294395260 ) ) ;
#2157 = FACE_OUTER_BOUND ( 'NONE', #2815, .T. ) ;
#2158 = ORIENTED_EDGE ( 'NONE', *, *, #2874, .T. ) ;
#2159 = DIRECTION ( 'NONE',  ( 0.7102565944319768620, -0.2941979141786281726, -0.6395179101157643098 ) ) ;
#2160 = DIRECTION ( 'NONE',  ( 0.000000000000000000, 1.000000000000000000, 0.000000000000000000 ) ) ;
#2161 = EDGE_CURVE ( 'NONE', #362, #2035, #2951, .T. ) ;
#2162 = ORIENTED_EDGE ( 'NONE', *, *, #2742, .T. ) ;
#2163 = EDGE_CURVE ( 'NONE', #396, #1938, #1300, .T. ) ;
#2164 = DIRECTION ( 'NONE',  ( -0.000000000000000000, -0.07391306246704730520, 0.9972646886342373396 ) ) ;
#2165 = EDGE_LOOP ( 'NONE', ( #1080, #3134, #2382, #1636 ) ) ;
#2166 = DIRECTION ( 'NONE',  ( 0.6048381964124416310, 0.5631033458258536406, -0.5631033458258560831 ) ) ;
#2167 = EDGE_CURVE ( 'NONE', #3168, #639, #549, .T. ) ;
#2168 = DIRECTION ( 'NONE',  ( -0.000000000000000000, -0.000000000000000000, -1.000000000000000000 ) ) ;
#2169 = FACE_OUTER_BOUND ( 'NONE', #1490, .T. ) ;
#2170 = ORIENTED_EDGE ( 'NONE', *, *, #1425, .F. ) ;
#2171 = LINE ( 'NONE', #3215, #3352 ) ;
#2172 = DIRECTION ( 'NONE',  ( -0.000000000000000000, -0.6691306063588720043, -0.7431448254773818096 ) ) ;
#2173 = LINE ( 'NONE', #3017, #656 ) ;
#2174 = ORIENTED_EDGE ( 'NONE', *, *, #1425, .T. ) ;
#2175 = DIRECTION ( 'NONE',  ( -1.000000000000000000, 0.000000000000000000, 0.000000000000000000 ) ) ;
#2176 = EDGE_CURVE ( 'NONE', #147, #928, #1338, .T. ) ;
#2177 = VECTOR ( 'NONE', #2926, 1000.000000000000000 ) ;
#2178 = FACE_OUTER_BOUND ( 'NONE', #444, .T. ) ;
#2179 = VERTEX_POINT ( 'NONE', #1442 ) ;
#2180 = DIRECTION ( 'NONE',  ( 0.000000000000000000, -0.7071067811865460184, 0.7071067811865490160 ) ) ;
#2181 = ORIENTED_EDGE ( 'NONE', *, *, #669, .F. ) ;
#2182 = CARTESIAN_POINT ( 'NONE',  ( -5.248888802559569022, 10.47882904883105937, 2.403965813063789536 ) ) ;
#2183 = VECTOR ( 'NONE', #807, 1000.000000000000000 ) ;
#2184 = FACE_OUTER_BOUND ( 'NONE', #1549, .T. ) ;
#2185 = EDGE_LOOP ( 'NONE', ( #2585, #1319, #1526, #1908 ) ) ;
#2186 = CARTESIAN_POINT ( 'NONE',  ( -8.499999999999984013, 9.999999999999992895, 0.000000000000000000 ) ) ;
#2187 = LINE ( 'NONE', #869, #379 ) ;
#2188 = DIRECTION ( 'NONE',  ( 1.000000000000000000, -0.000000000000000000, -0.000000000000000000 ) ) ;
#2189 = LINE ( 'NONE', #2673, #3113 ) ;
#2190 = ORIENTED_EDGE ( 'NONE', *, *, #957, .T. ) ;
#2191 = DIRECTION ( 'NONE',  ( -0.7071067811865483499, 0.7071067811865467956, 0.000000000000000000 ) ) ;
#2192 = EDGE_CURVE ( 'NONE', #2251, #2059, #2243, .T. ) ;
#2193 = EDGE_CURVE ( 'NONE', #3033, #2406, #3269, .T. ) ;
#2194 = EDGE_CURVE ( 'NONE', #1018, #1005, #1146, .T. ) ;
#2195 = VECTOR ( 'NONE', #3365, 1000.000000000000000 ) ;
#2196 = PLANE ( 'NONE',  #1082 ) ;
#2197 = ORIENTED_EDGE ( 'NONE', *, *, #3153, .F. ) ;
#2198 = ORIENTED_EDGE ( 'NONE', *, *, #1603, .F. ) ;
#2199 = FACE_OUTER_BOUND ( 'NONE', #403, .T. ) ;
#2200 = CARTESIAN_POINT ( 'NONE',  ( -8.200000000000017053, 5.499999999999976907, 2.000000000000000000 ) ) ;
#2201 = ORIENTED_EDGE ( 'NONE', *, *, #1284, .F. ) ;
#2202 = CARTESIAN_POINT ( 'NONE',  ( -0.7347565497960245606, 0.7347565497960245606, 5.500000000000000000 ) ) ;
#2203 = EDGE_CURVE ( 'NONE', #487, #3131, #2989, .T. ) ;
#2204 = VECTOR ( 'NONE', #1019, 1000.000000000000114 ) ;
#2205 = LINE ( 'NONE', #647, #2763 ) ;
#2206 = CARTESIAN_POINT ( 'NONE',  ( 10.50000000000000355, -8.500000000000003553, 1.499999999999999112 ) ) ;
#2207 = ORIENTED_EDGE ( 'NONE', *, *, #2736, .T. ) ;
#2208 = CARTESIAN_POINT ( 'NONE',  ( -10.49999999999999645, 8.499999999999987566, 0.5000000000000038858 ) ) ;
#2209 = LINE ( 'NONE', #3284, #46 ) ;
#2210 = ORIENTED_EDGE ( 'NONE', *, *, #1332, .T. ) ;
#2211 = AXIS2_PLACEMENT_3D ( 'NONE', #31, #2156, #546 ) ;
#2212 = VERTEX_POINT ( 'NONE', #342 ) ;
#2213 = CARTESIAN_POINT ( 'NONE',  ( -5.321806368133644050, 8.016572772509364952, 5.400137046524545958 ) ) ;
#2214 = EDGE_CURVE ( 'NONE', #2415, #2911, #2209, .T. ) ;
#2215 = DIRECTION ( 'NONE',  ( 0.7071067811865477948, 0.7071067811865473507, 0.000000000000000000 ) ) ;
#2216 = ORIENTED_EDGE ( 'NONE', *, *, #1556, .T. ) ;
#2217 = CARTESIAN_POINT ( 'NONE',  ( -8.499999999999984013, -10.50000000000000355, 1.500000000000002665 ) ) ;
#2218 = EDGE_CURVE ( 'NONE', #1359, #1256, #3256, .T. ) ;
#2219 = CARTESIAN_POINT ( 'NONE',  ( -8.499999999999984013, 10.50000000000000000, 1.499999999999999112 ) ) ;
#2220 = FACE_OUTER_BOUND ( 'NONE', #2762, .T. ) ;
#2221 = FACE_OUTER_BOUND ( 'NONE', #89, .T. ) ;
#2222 = EDGE_LOOP ( 'NONE', ( #2486, #1476, #2560, #3055, #2840, #3318, #3198, #2092, #358, #766 ) ) ;
#2223 = PLANE ( 'NONE',  #2648 ) ;
#2224 = DIRECTION ( 'NONE',  ( 0.05233595624294395260, 0.000000000000000000, -0.9986295347545739443 ) ) ;
#2225 = ORIENTED_EDGE ( 'NONE', *, *, #2935, .F. ) ;
#2226 = EDGE_CURVE ( 'NONE', #2059, #736, #638, .T. ) ;
#2227 = ORIENTED_EDGE ( 'NONE', *, *, #747, .F. ) ;
#2228 = CARTESIAN_POINT ( 'NONE',  ( -7.910897322236005280, -5.316572772509378098, 5.500000000000000000 ) ) ;
#2229 = EDGE_CURVE ( 'NONE', #1624, #2393, #3020, .T. ) ;
#2230 = EDGE_CURVE ( 'NONE', #1604, #3301, #1405, .T. ) ;
#2231 = ORIENTED_EDGE ( 'NONE', *, *, #1176, .F. ) ;
#2232 = ADVANCED_FACE ( 'NONE', ( #894 ), #2196, .T. ) ;
#2233 = FACE_OUTER_BOUND ( 'NONE', #2578, .T. ) ;
#2234 = AXIS2_PLACEMENT_3D ( 'NONE', #2004, #699, #1893 ) ;
#2235 = CARTESIAN_POINT ( 'NONE',  ( 2.299999999999999822, 6.938893903907228378E-15, 2.000000000000000000 ) ) ;
#2236 = LINE ( 'NONE', #2719, #2600 ) ;
#2237 = CARTESIAN_POINT ( 'NONE',  ( 2.939339828220175477, 4.000000000000007105, 2.000000000000000000 ) ) ;
#2238 = CONICAL_SURFACE ( 'NONE', #107, 2.000000000000000000, 0.7853981633974517207 ) ;
#2239 = VERTEX_POINT ( 'NONE', #938 ) ;
#2240 = DIRECTION ( 'NONE',  ( 0.5964727848720996484, -0.5964727848720949854, -0.5370665078124395864 ) ) ;
#2241 = CONICAL_SURFACE ( 'NONE', #1859, 1.500000000000001332, 0.7853981633974460586 ) ;
#2242 = CARTESIAN_POINT ( 'NONE',  ( -2.804426463906546818, -2.804426463906548594, 5.500000000000000000 ) ) ;
#2243 = LINE ( 'NONE', #411, #1468 ) ;
#2244 = AXIS2_PLACEMENT_3D ( 'NONE', #1008, #1245, #3115 ) ;
#2245 = ORIENTED_EDGE ( 'NONE', *, *, #2043, .T. ) ;
#2246 = ORIENTED_EDGE ( 'NONE', *, *, #1332, .F. ) ;
#2247 = CARTESIAN_POINT ( 'NONE',  ( -3.528451819339335938, 8.816190777705902093, 3.183809222294105457 ) ) ;
#2248 = ADVANCED_FACE ( 'NONE', ( #2178 ), #3224, .F. ) ;
#2249 = DIRECTION ( 'NONE',  ( 0.6691306063588534636, 0.000000000000000000, -0.7431448254773985740 ) ) ;
#2250 = ADVANCED_FACE ( 'NONE', ( #2972 ), #924, .T. ) ;
#2251 = VERTEX_POINT ( 'NONE', #2745 ) ;
#2252 = CARTESIAN_POINT ( 'NONE',  ( -10.49999999999999645, -8.499999999999989342, 1.500000000000002665 ) ) ;
#2253 = CARTESIAN_POINT ( 'NONE',  ( -4.258151054983879469, -2.788637955391874090, 5.500000000000000000 ) ) ;
#2254 = CARTESIAN_POINT ( 'NONE',  ( -2.937638798688114505, -4.004106648566280846, 2.078359522621791911 ) ) ;
#2255 = EDGE_LOOP ( 'NONE', ( #1929, #1795 ) ) ;
#2256 = FACE_OUTER_BOUND ( 'NONE', #2222, .T. ) ;
#2257 = VECTOR ( 'NONE', #2646, 1000.000000000000000 ) ;
#2258 = VECTOR ( 'NONE', #1422, 1000.000000000000114 ) ;
#2259 = DIRECTION ( 'NONE',  ( 0.000000000000000000, 0.000000000000000000, 1.000000000000000000 ) ) ;
#2260 = ORIENTED_EDGE ( 'NONE', *, *, #519, .T. ) ;
#2261 = AXIS2_PLACEMENT_3D ( 'NONE', #2735, #1962, #3015 ) ;
#2262 = ORIENTED_EDGE ( 'NONE', *, *, #1190, .F. ) ;
#2263 = ORIENTED_EDGE ( 'NONE', *, *, #535, .F. ) ;
#2264 = CARTESIAN_POINT ( 'NONE',  ( -10.47882904883105581, -5.248888802559592115, 2.403965813063783319 ) ) ;
#2265 = EDGE_CURVE ( 'NONE', #1714, #2572, #868, .T. ) ;
#2266 = VECTOR ( 'NONE', #226, 1000.000000000000000 ) ;
#2267 = VERTEX_POINT ( 'NONE', #1974 ) ;
#2268 = CARTESIAN_POINT ( 'NONE',  ( -6.900678497676735468, 3.389530786249835170, 8.480534417143966053 ) ) ;
#2269 = EDGE_CURVE ( 'NONE', #219, #1348, #2761, .T. ) ;
#2270 = LINE ( 'NONE', #1742, #2930 ) ;
#2271 = DIRECTION ( 'NONE',  ( 0.000000000000000000, -0.05233595624294395260, 0.9986295347545739443 ) ) ;
#2272 = ORIENTED_EDGE ( 'NONE', *, *, #622, .F. ) ;
#2273 = DIRECTION ( 'NONE',  ( -0.7071067811865474617, -0.7071067811865475727, -0.000000000000000000 ) ) ;
#2274 = DIRECTION ( 'NONE',  ( -0.000000000000000000, -0.000000000000000000, 1.000000000000000000 ) ) ;
#2275 = VERTEX_POINT ( 'NONE', #378 ) ;
#2276 = EDGE_CURVE ( 'NONE', #639, #529, #394, .T. ) ;
#2277 = EDGE_CURVE ( 'NONE', #2878, #219, #1990, .T. ) ;
#2278 = ORIENTED_EDGE ( 'NONE', *, *, #2161, .T. ) ;
#2279 = CARTESIAN_POINT ( 'NONE',  ( 10.32180636813365027, -4.869802517220525928, 5.400137046524542406 ) ) ;
#2280 = ORIENTED_EDGE ( 'NONE', *, *, #1246, .F. ) ;
#2281 = PLANE ( 'NONE',  #225 ) ;
#2282 = VECTOR ( 'NONE', #1396, 999.9999999999998863 ) ;
#2283 = EDGE_LOOP ( 'NONE', ( #507, #191, #1012, #2934 ) ) ;
#2284 = DIRECTION ( 'NONE',  ( 0.000000000000000000, -1.000000000000000000, 0.000000000000000000 ) ) ;
#2285 =( LENGTH_UNIT ( ) NAMED_UNIT ( * ) SI_UNIT ( .MILLI., .METRE. ) );
#2286 = DIRECTION ( 'NONE',  ( 0.7071067811865523467, 0.7071067811865426878, -0.000000000000000000 ) ) ;
#2287 = VECTOR ( 'NONE', #2644, 1000.000000000000000 ) ;
#2288 = EDGE_LOOP ( 'NONE', ( #2207, #3002, #1023, #970 ) ) ;
#2289 = CONICAL_SURFACE ( 'NONE', #3058, 2.010897322236002260, 0.8377580409572688014 ) ;
#2290 = CARTESIAN_POINT ( 'NONE',  ( 8.499999999999992895, -9.999999999999996447, 0.000000000000000000 ) ) ;
#2291 = VECTOR ( 'NONE', #800, 1000.000000000000000 ) ;
#2292 = DIRECTION ( 'NONE',  ( 0.000000000000000000, 0.000000000000000000, -1.000000000000000000 ) ) ;
#2293 = EDGE_CURVE ( 'NONE', #2653, #2349, #1732, .T. ) ;
#2294 = ORIENTED_EDGE ( 'NONE', *, *, #3104, .T. ) ;
#2295 = VECTOR ( 'NONE', #357, 999.9999999999998863 ) ;
#2296 = EDGE_CURVE ( 'NONE', #216, #362, #1902, .T. ) ;
#2297 = EDGE_CURVE ( 'NONE', #2415, #1455, #1611, .T. ) ;
#2298 = VERTEX_POINT ( 'NONE', #1038 ) ;
#2299 = DIRECTION ( 'NONE',  ( 0.000000000000000000, 0.000000000000000000, -1.000000000000000000 ) ) ;
#2300 = EDGE_LOOP ( 'NONE', ( #1276, #1041, #2017, #1508 ) ) ;
#2301 = FACE_OUTER_BOUND ( 'NONE', #2959, .T. ) ;
#2302 = AXIS2_PLACEMENT_3D ( 'NONE', #2616, #759, #1275 ) ;
#2303 = ORIENTED_EDGE ( 'NONE', *, *, #196, .F. ) ;
#2304 = DIRECTION ( 'NONE',  ( 0.05233595624294395260, 0.000000000000000000, -0.9986295347545739443 ) ) ;
#2305 = CARTESIAN_POINT ( 'NONE',  ( -2.999999999999976463, -8.021806368133644227, 5.400137046524545958 ) ) ;
#2306 = CARTESIAN_POINT ( 'NONE',  ( 2.939339828220175477, 4.000000000000007105, 2.000000000000000000 ) ) ;
#2307 = EDGE_LOOP ( 'NONE', ( #168, #861, #1318, #2317 ) ) ;
#2308 = DIRECTION ( 'NONE',  ( -0.000000000000000000, -0.000000000000000000, -1.000000000000000000 ) ) ;
#2309 = EDGE_CURVE ( 'NONE', #2267, #2330, #2619, .T. ) ;
#2310 = CARTESIAN_POINT ( 'NONE',  ( -8.499999999999984013, 10.50000000000000000, 1.499999999999999112 ) ) ;
#2311 = ORIENTED_EDGE ( 'NONE', *, *, #1522, .F. ) ;
#2312 = CIRCLE ( 'NONE', #15, 2.000000000000000000 ) ;
#2313 = VECTOR ( 'NONE', #441, 1000.000000000000000 ) ;
#2314 = ORIENTED_EDGE ( 'NONE', *, *, #2855, .T. ) ;
#2315 = AXIS2_PLACEMENT_3D ( 'NONE', #2686, #354, #3250 ) ;
#2316 = DIRECTION ( 'NONE',  ( 0.000000000000000000, -0.05233595624294395260, -0.9986295347545739443 ) ) ;
#2317 = ORIENTED_EDGE ( 'NONE', *, *, #1268, .F. ) ;
#2318 = LINE ( 'NONE', #35, #777 ) ;
#2319 = ORIENTED_EDGE ( 'NONE', *, *, #1440, .F. ) ;
#2320 = CARTESIAN_POINT ( 'NONE',  ( 5.499999999999998224, -6.560660171779812089, 2.000000000000000000 ) ) ;
#2321 = EDGE_CURVE ( 'NONE', #3232, #1938, #3147, .T. ) ;
#2322 = CARTESIAN_POINT ( 'NONE',  ( 4.602044394422919460, -10.21089732223601132, 5.500000000000000000 ) ) ;
#2323 = DIRECTION ( 'NONE',  ( 1.000000000000000000, 0.000000000000000000, 0.000000000000000000 ) ) ;
#2324 = VECTOR ( 'NONE', #1887, 1000.000000000000000 ) ;
#2325 = VERTEX_POINT ( 'NONE', #3163 ) ;
#2326 = CARTESIAN_POINT ( 'NONE',  ( -2.482443672190338457, 8.091296600002591433, 5.500000000000000000 ) ) ;
#2327 = LINE ( 'NONE', #3368, #1583 ) ;
#2328 = CARTESIAN_POINT ( 'NONE',  ( 6.562361201311418313, 5.495893351432974860, 2.078359522621791911 ) ) ;
#2329 = VERTEX_POINT ( 'NONE', #2155 ) ;
#2330 = VERTEX_POINT ( 'NONE', #45 ) ;
#2331 = CARTESIAN_POINT ( 'NONE',  ( -10.49999999999999645, -8.499999999999989342, 1.500000000000002665 ) ) ;
#2332 = CARTESIAN_POINT ( 'NONE',  ( 5.499999999999998224, 8.200000000000006395, 2.000000000000000000 ) ) ;
#2333 = CARTESIAN_POINT ( 'NONE',  ( 0.000000000000000000, 0.000000000000000000, 5.500000000000000000 ) ) ;
#2334 = ORIENTED_EDGE ( 'NONE', *, *, #1362, .T. ) ;
#2335 = CARTESIAN_POINT ( 'NONE',  ( 2.804426463906051659, -2.804426463906051659, 5.500000000000000000 ) ) ;
#2336 = EDGE_CURVE ( 'NONE', #3344, #1898, #30, .T. ) ;
#2337 = VECTOR ( 'NONE', #776, 1000.000000000000000 ) ;
#2338 = EDGE_CURVE ( 'NONE', #571, #1059, #2137, .T. ) ;
#2339 = CYLINDRICAL_SURFACE ( 'NONE', #3274, 2.000000000000000000 ) ;
#2340 = CARTESIAN_POINT ( 'NONE',  ( -8.499999999999984013, 10.00000000000000178, 2.000000000000000000 ) ) ;
#2341 = ORIENTED_EDGE ( 'NONE', *, *, #292, .F. ) ;
#2342 = CARTESIAN_POINT ( 'NONE',  ( 0.000000000000000000, -4.289102677763986016, 5.500000000000000000 ) ) ;
#2343 = VECTOR ( 'NONE', #908, 1000.000000000000114 ) ;
#2344 = LINE ( 'NONE', #2021, #1747 ) ;
#2345 = FACE_OUTER_BOUND ( 'NONE', #1976, .T. ) ;
#2346 = ORIENTED_EDGE ( 'NONE', *, *, #1522, .T. ) ;
#2347 = VECTOR ( 'NONE', #1342, 1000.000000000000114 ) ;
#2348 = ORIENTED_EDGE ( 'NONE', *, *, #2907, .T. ) ;
#2349 = VERTEX_POINT ( 'NONE', #2118 ) ;
#2350 = CARTESIAN_POINT ( 'NONE',  ( -8.499999999999996447, 10.00000000000000178, 2.000000000000000000 ) ) ;
#2351 = AXIS2_PLACEMENT_3D ( 'NONE', #1968, #1237, #2271 ) ;
#2352 = CARTESIAN_POINT ( 'NONE',  ( 3.238763464660985747, 3.254654325330573084, 4.554270324637809786 ) ) ;
#2353 = EDGE_LOOP ( 'NONE', ( #2859, #980, #1248, #3259 ) ) ;
#2354 = CARTESIAN_POINT ( 'NONE',  ( -4.000000000000007105, 2.939339828220148387, 2.000000000000000000 ) ) ;
#2355 = EDGE_CURVE ( 'NONE', #742, #242, #2432, .T. ) ;
#2356 = AXIS2_PLACEMENT_3D ( 'NONE', #127, #2699, #1152 ) ;
#2357 = CARTESIAN_POINT ( 'NONE',  ( 10.50000000000000355, 8.499999999999987566, 0.5000000000000038858 ) ) ;
#2358 = ORIENTED_EDGE ( 'NONE', *, *, #2027, .T. ) ;
#2359 = CARTESIAN_POINT ( 'NONE',  ( 10.32180636813356145, 4.869802517219764759, 5.400137046524543294 ) ) ;
#2360 = CARTESIAN_POINT ( 'NONE',  ( -8.499999999999984013, -9.999999999999996447, 0.000000000000000000 ) ) ;
#2361 = CARTESIAN_POINT ( 'NONE',  ( 4.178193631865893209, -2.865529609173054215, 5.400137046524542406 ) ) ;
#2362 = CARTESIAN_POINT ( 'NONE',  ( -6.560660171779836070, 5.499999999999976907, 2.000000000000000000 ) ) ;
#2363 = ORIENTED_EDGE ( 'NONE', *, *, #258, .F. ) ;
#2364 = EDGE_CURVE ( 'NONE', #657, #137, #1106, .T. ) ;
#2365 = ORIENTED_EDGE ( 'NONE', *, *, #2524, .T. ) ;
#2366 = CARTESIAN_POINT ( 'NONE',  ( 4.857167499683557210, 10.32180636813365027, 5.400137046524545070 ) ) ;
#2367 = ORIENTED_EDGE ( 'NONE', *, *, #1031, .F. ) ;
#2368 = DIRECTION ( 'NONE',  ( -0.000000000000000000, 1.000000000000000000, -0.000000000000000000 ) ) ;
#2369 = VECTOR ( 'NONE', #417, 1000.000000000000000 ) ;
#2370 = VERTEX_POINT ( 'NONE', #1333 ) ;
#2371 = VECTOR ( 'NONE', #2240, 1000.000000000000114 ) ;
#2372 = CARTESIAN_POINT ( 'NONE',  ( 4.878272861946663319, -2.575547297337899000, 6.030491216618214523 ) ) ;
#2373 = ORIENTED_EDGE ( 'NONE', *, *, #3076, .F. ) ;
#2374 = LINE ( 'NONE', #522, #1849 ) ;
#2375 = LINE ( 'NONE', #1347, #1599 ) ;
#2376 = ORIENTED_EDGE ( 'NONE', *, *, #3320, .F. ) ;
#2377 = DIRECTION ( 'NONE',  ( 0.7071067811865483499, -0.7071067811865467956, 3.464679189806688022E-18 ) ) ;
#2378 = CARTESIAN_POINT ( 'NONE',  ( 2.804426463906120048, -2.804426463906125377, 5.500000000000000000 ) ) ;
#2379 = LINE ( 'NONE', #1316, #2018 ) ;
#2380 = PLANE ( 'NONE',  #1088 ) ;
#2381 = ADVANCED_FACE ( 'NONE', ( #1367 ), #2085, .T. ) ;
#2382 = ORIENTED_EDGE ( 'NONE', *, *, #2364, .T. ) ;
#2383 = VECTOR ( 'NONE', #2166, 1000.000000000000000 ) ;
#2384 = ADVANCED_FACE ( 'NONE', ( #836 ), #2892, .T. ) ;
#2385 = CARTESIAN_POINT ( 'NONE',  ( -3.254654325331391984, 3.238763464661268188, 4.554270324637678335 ) ) ;
#2386 = EDGE_CURVE ( 'NONE', #1898, #1911, #2127, .T. ) ;
#2387 = LINE ( 'NONE', #1340, #2917 ) ;
#2388 = ORIENTED_EDGE ( 'NONE', *, *, #646, .F. ) ;
#2389 = CARTESIAN_POINT ( 'NONE',  ( 8.499999999999989342, 9.999999999999991118, 0.000000000000000000 ) ) ;
#2390 = ORIENTED_EDGE ( 'NONE', *, *, #2559, .F. ) ;
#2391 = PLANE ( 'NONE',  #371 ) ;
#2392 = LINE ( 'NONE', #1397, #1650 ) ;
#2393 = VERTEX_POINT ( 'NONE', #597 ) ;
#2394 = LINE ( 'NONE', #1087, #1273 ) ;
#2395 = DIRECTION ( 'NONE',  ( 0.7102565944319726432, 0.2941979141786462137, 0.6395179101157605350 ) ) ;
#2396 = LINE ( 'NONE', #838, #2324 ) ;
#2397 = DIRECTION ( 'NONE',  ( 1.000000000000000000, -0.000000000000000000, -0.000000000000000000 ) ) ;
#2398 = ORIENTED_EDGE ( 'NONE', *, *, #1251, .T. ) ;
#2399 = FILL_AREA_STYLE_COLOUR ( '', #2893 ) ;
#2400 = EDGE_CURVE ( 'NONE', #312, #1815, #1350, .T. ) ;
#2401 = VECTOR ( 'NONE', #2455, 1000.000000000000000 ) ;
#2402 = AXIS2_PLACEMENT_3D ( 'NONE', #2242, #1206, #2518 ) ;
#2403 = DIRECTION ( 'NONE',  ( -0.000000000000000000, -0.7071067811865491270, -0.7071067811865460184 ) ) ;
#2404 = ORIENTED_EDGE ( 'NONE', *, *, #1811, .T. ) ;
#2405 = CARTESIAN_POINT ( 'NONE',  ( -2.569802517219712978, 8.021806368133658438, 5.400137046524545958 ) ) ;
#2406 = VERTEX_POINT ( 'NONE', #317 ) ;
#2407 = DIRECTION ( 'NONE',  ( -0.000000000000000000, -1.000000000000000000, 0.000000000000000000 ) ) ;
#2408 = DIRECTION ( 'NONE',  ( 0.000000000000000000, 0.000000000000000000, 1.000000000000000000 ) ) ;
#2409 = DIRECTION ( 'NONE',  ( 0.7061377159181261298, -0.7061377159181265739, 0.05233595624294394566 ) ) ;
#2410 = ORIENTED_EDGE ( 'NONE', *, *, #76, .F. ) ;
#2411 = CARTESIAN_POINT ( 'NONE',  ( 9.999999999999998224, 8.499999999999989342, 0.000000000000000000 ) ) ;
#2412 = CARTESIAN_POINT ( 'NONE',  ( 2.575547297337470898, -4.878272861947062111, 6.030491216618154127 ) ) ;
#2413 = DIRECTION ( 'NONE',  ( -0.000000000000000000, -0.000000000000000000, -1.000000000000000000 ) ) ;
#2414 = DIRECTION ( 'NONE',  ( 0.000000000000000000, -1.000000000000000000, 0.000000000000000000 ) ) ;
#2415 = VERTEX_POINT ( 'NONE', #283 ) ;
#2416 = EDGE_CURVE ( 'NONE', #2275, #3266, #1644, .T. ) ;
#2417 = CARTESIAN_POINT ( 'NONE',  ( 2.937638798688119390, 4.004106648566295057, 2.078359522621791911 ) ) ;
#2418 = CARTESIAN_POINT ( 'NONE',  ( 0.000000000000000000, 6.938893903907228378E-15, 5.500000000000000000 ) ) ;
#2419 = EDGE_CURVE ( 'NONE', #2465, #790, #335, .T. ) ;
#2420 = VERTEX_POINT ( 'NONE', #2875 ) ;
#2421 = PLANE ( 'NONE',  #2566 ) ;
#2422 = VERTEX_POINT ( 'NONE', #526 ) ;
#2423 = CARTESIAN_POINT ( 'NONE',  ( -10.49999999999999645, 8.499999999999987566, 2.000000000000000000 ) ) ;
#2424 = VECTOR ( 'NONE', #1738, 1000.000000000000114 ) ;
#2425 = AXIS2_PLACEMENT_3D ( 'NONE', #1365, #44, #1610 ) ;
#2426 = APPLICATION_PROTOCOL_DEFINITION ( 'draft international standard', 'automotive_design', 1998, #1452 ) ;
#2427 = FACE_OUTER_BOUND ( 'NONE', #873, .T. ) ;
#2428 = VERTEX_POINT ( 'NONE', #1315 ) ;
#2429 = CIRCLE ( 'NONE', #402, 2.010897322236002260 ) ;
#2430 = EDGE_CURVE ( 'NONE', #2126, #1793, #10, .T. ) ;
#2431 = DIRECTION ( 'NONE',  ( 0.000000000000000000, -1.000000000000000000, 0.000000000000000000 ) ) ;
#2432 = LINE ( 'NONE', #3203, #2568 ) ;
#2433 = PLANE ( 'NONE',  #2543 ) ;
#2434 = PLANE ( 'NONE',  #3390 ) ;
#2435 = ORIENTED_EDGE ( 'NONE', *, *, #670, .F. ) ;
#2436 = FACE_OUTER_BOUND ( 'NONE', #608, .T. ) ;
#2437 = DIRECTION ( 'NONE',  ( -1.000000000000000000, 0.000000000000000000, 0.000000000000000000 ) ) ;
#2438 = ORIENTED_EDGE ( 'NONE', *, *, #2997, .T. ) ;
#2439 = FACE_OUTER_BOUND ( 'NONE', #815, .T. ) ;
#2440 = ORIENTED_EDGE ( 'NONE', *, *, #1015, .F. ) ;
#2441 = DIRECTION ( 'NONE',  ( -1.000000000000000000, 0.000000000000000000, 0.000000000000000000 ) ) ;
#2442 = FACE_OUTER_BOUND ( 'NONE', #2808, .T. ) ;
#2443 = EDGE_CURVE ( 'NONE', #2555, #2044, #2640, .T. ) ;
#2444 = DIRECTION ( 'NONE',  ( 0.000000000000000000, 0.9986295347545739443, 0.05233595624294395260 ) ) ;
#2445 = ORIENTED_EDGE ( 'NONE', *, *, #974, .T. ) ;
#2446 = EDGE_CURVE ( 'NONE', #2726, #2523, #1695, .T. ) ;
#2447 = CARTESIAN_POINT ( 'NONE',  ( 5.499999999999998224, -8.200000000000096989, 2.000000000000000000 ) ) ;
#2448 = EDGE_CURVE ( 'NONE', #529, #1298, #2482, .T. ) ;
#2449 = CARTESIAN_POINT ( 'NONE',  ( -3.453906532793162398, -7.408179835779856504, 7.082001612608402219 ) ) ;
#2450 = CARTESIAN_POINT ( 'NONE',  ( -4.000000000000007994, -2.939339828220209228, 2.000000000000000000 ) ) ;
#2451 = CARTESIAN_POINT ( 'NONE',  ( 0.000000000000000000, 4.289102677764001115, 5.500000000000000000 ) ) ;
#2452 = ORIENTED_EDGE ( 'NONE', *, *, #2218, .F. ) ;
#2453 = DIRECTION ( 'NONE',  ( 0.7071067811865475727, 0.7071067811865474617, -0.000000000000000000 ) ) ;
#2454 = VECTOR ( 'NONE', #2407, 1000.000000000000000 ) ;
#2455 = DIRECTION ( 'NONE',  ( 3.122502256757930915E-14, 1.000000000000000000, -0.000000000000000000 ) ) ;
#2456 = ORIENTED_EDGE ( 'NONE', *, *, #2997, .F. ) ;
#2457 = DIRECTION ( 'NONE',  ( -1.000000000000000000, 0.000000000000000000, 0.000000000000000000 ) ) ;
#2458 = VECTOR ( 'NONE', #654, 1000.000000000000000 ) ;
#2459 = CIRCLE ( 'NONE', #1854, 2.299999999999999822 ) ;
#2460 = EDGE_LOOP ( 'NONE', ( #1445, #2272, #431, #3018 ) ) ;
#2461 = CARTESIAN_POINT ( 'NONE',  ( -8.499999999999984013, -10.50000000000000355, 1.500000000000002665 ) ) ;
#2462 = EDGE_CURVE ( 'NONE', #548, #2329, #888, .T. ) ;
#2463 = VECTOR ( 'NONE', #420, 999.9999999999998863 ) ;
#2464 = DIRECTION ( 'NONE',  ( 0.000000000000000000, 0.7071067811865491270, -0.7071067811865460184 ) ) ;
#2465 = VERTEX_POINT ( 'NONE', #2737 ) ;
#2466 = LINE ( 'NONE', #2447, #3193 ) ;
#2467 = CARTESIAN_POINT ( 'NONE',  ( 4.178193631865893209, 2.863361782884323414, 5.400137046524542406 ) ) ;
#2468 = LINE ( 'NONE', #374, #3039 ) ;
#2469 = CARTESIAN_POINT ( 'NONE',  ( 8.499999999999989342, 10.00000000000000178, 2.000000000000000000 ) ) ;
#2470 = EDGE_LOOP ( 'NONE', ( #682, #885, #550, #2201 ) ) ;
#2471 = CARTESIAN_POINT ( 'NONE',  ( -10.00000000000000355, -8.499999999999989342, 2.000000000000000000 ) ) ;
#2472 = VECTOR ( 'NONE', #1051, 1000.000000000000114 ) ;
#2473 = CARTESIAN_POINT ( 'NONE',  ( 8.199999999999494804, -3.000000000000108802, 2.000000000000000000 ) ) ;
#2474 = EDGE_CURVE ( 'NONE', #3042, #2005, #2982, .T. ) ;
#2475 = ORIENTED_EDGE ( 'NONE', *, *, #1863, .T. ) ;
#2476 = ORIENTED_EDGE ( 'NONE', *, *, #765, .T. ) ;
#2477 = DIRECTION ( 'NONE',  ( 0.000000000000000000, 1.000000000000000000, 0.000000000000000000 ) ) ;
#2478 = PLANE ( 'NONE',  #2965 ) ;
#2479 = VERTEX_POINT ( 'NONE', #1465 ) ;
#2480 = DIRECTION ( 'NONE',  ( -1.000000000000000000, 0.000000000000000000, 0.000000000000000000 ) ) ;
#2481 = VECTOR ( 'NONE', #730, 999.9999999999998863 ) ;
#2482 = LINE ( 'NONE', #1726, #3010 ) ;
#2483 = AXIS2_PLACEMENT_3D ( 'NONE', #1331, #2136, #3146 ) ;
#2484 = CARTESIAN_POINT ( 'NONE',  ( -4.869802517219704363, 10.32180636813365027, 5.400137046524545958 ) ) ;
#2485 = DIRECTION ( 'NONE',  ( 0.7071067811865169306, -0.7071067811865782149, 0.000000000000000000 ) ) ;
#2486 = ORIENTED_EDGE ( 'NONE', *, *, #2013, .T. ) ;
#2487 = LINE ( 'NONE', #3282, #1660 ) ;
#2488 = EDGE_CURVE ( 'NONE', #2059, #3304, #373, .T. ) ;
#2489 = DIRECTION ( 'NONE',  ( -0.05226442768871403938, -0.05226442768871403938, -0.9972646886342373396 ) ) ;
#2490 = EDGE_CURVE ( 'NONE', #1793, #729, #1140, .T. ) ;
#2491 = ORIENTED_EDGE ( 'NONE', *, *, #1787, .T. ) ;
#2492 = EDGE_CURVE ( 'NONE', #1298, #1098, #632, .T. ) ;
#2493 = VECTOR ( 'NONE', #1645, 1000.000000000000114 ) ;
#2494 = ORIENTED_EDGE ( 'NONE', *, *, #3186, .F. ) ;
#2495 = DIRECTION ( 'NONE',  ( 0.7071067811865482389, 0.7071067811865469066, 0.000000000000000000 ) ) ;
#2496 = ORIENTED_EDGE ( 'NONE', *, *, #1362, .F. ) ;
#2497 = CARTESIAN_POINT ( 'NONE',  ( -7.910897322236019491, 5.210897322235981122, 5.500000000000000000 ) ) ;
#2498 = DIRECTION ( 'NONE',  ( 0.000000000000000000, 0.000000000000000000, 1.000000000000000000 ) ) ;
#2499 = PLANE ( 'NONE',  #490 ) ;
#2500 = ORIENTED_EDGE ( 'NONE', *, *, #2027, .F. ) ;
#2501 = CARTESIAN_POINT ( 'NONE',  ( -3.999999999999993339, -2.939339828220209228, 2.000000000000000000 ) ) ;
#2502 = CARTESIAN_POINT ( 'NONE',  ( -5.499999999999994671, 8.200000000000009948, 2.000000000000000000 ) ) ;
#2503 = ADVANCED_FACE ( 'NONE', ( #389 ), #2717, .T. ) ;
#2504 = EDGE_CURVE ( 'NONE', #1458, #96, #2187, .T. ) ;
#2505 = EDGE_LOOP ( 'NONE', ( #688, #500, #364, #1905 ) ) ;
#2506 = ORIENTED_EDGE ( 'NONE', *, *, #499, .F. ) ;
#2507 = CARTESIAN_POINT ( 'NONE',  ( -8.200000000000002842, -5.500000000000022204, 2.000000000000000000 ) ) ;
#2508 = STYLED_ITEM ( 'NONE', ( #18 ), #2057 ) ;
#2509 = CARTESIAN_POINT ( 'NONE',  ( 0.7347565497960196756, -0.7347565497960196756, 5.500000000000000000 ) ) ;
#2510 = VERTEX_POINT ( 'NONE', #2235 ) ;
#2511 = CARTESIAN_POINT ( 'NONE',  ( -5.499999999999994671, -6.560660171779817418, 2.000000000000000000 ) ) ;
#2512 = VECTOR ( 'NONE', #3119, 1000.000000000000000 ) ;
#2513 = DIRECTION ( 'NONE',  ( -0.000000000000000000, 1.000000000000000000, -0.000000000000000000 ) ) ;
#2514 = LINE ( 'NONE', #695, #1918 ) ;
#2515 = ORIENTED_EDGE ( 'NONE', *, *, #3299, .F. ) ;
#2516 = DIRECTION ( 'NONE',  ( 0.000000000000000000, 0.000000000000000000, 1.000000000000000000 ) ) ;
#2517 = VECTOR ( 'NONE', #1982, 1000.000000000000000 ) ;
#2518 = DIRECTION ( 'NONE',  ( 0.7071067811865477948, -0.7071067811865472397, 0.000000000000000000 ) ) ;
#2519 = ADVANCED_FACE ( 'NONE', ( #1965 ), #925, .T. ) ;
#2520 = ORIENTED_EDGE ( 'NONE', *, *, #1666, .F. ) ;
#2521 = EDGE_CURVE ( 'NONE', #2109, #1785, #3277, .T. ) ;
#2522 = AXIS2_PLACEMENT_3D ( 'NONE', #2979, #576, #629 ) ;
#2523 = VERTEX_POINT ( 'NONE', #2769 ) ;
#2524 = EDGE_CURVE ( 'NONE', #2465, #1529, #1400, .T. ) ;
#2525 = ORIENTED_EDGE ( 'NONE', *, *, #2146, .T. ) ;
#2526 = DIRECTION ( 'NONE',  ( -0.000000000000000000, -0.000000000000000000, -1.000000000000000000 ) ) ;
#2527 = CARTESIAN_POINT ( 'NONE',  ( -6.560660171779807648, -5.500000000000022204, 2.000000000000000000 ) ) ;
#2528 = ORIENTED_EDGE ( 'NONE', *, *, #258, .T. ) ;
#2529 = DIRECTION ( 'NONE',  ( 0.2941979141786479346, -0.7102565944319674252, 0.6395179101157658641 ) ) ;
#2530 = EDGE_CURVE ( 'NONE', #1587, #3097, #1100, .T. ) ;
#2531 = LINE ( 'NONE', #1788, #1890 ) ;
#2532 = CARTESIAN_POINT ( 'NONE',  ( 2.010897322236002260, 7.191949021219010806E-15, 5.500000000000000000 ) ) ;
#2533 = ORIENTED_EDGE ( 'NONE', *, *, #339, .T. ) ;
#2534 = LINE ( 'NONE', #181, #727 ) ;
#2535 = AXIS2_PLACEMENT_3D ( 'NONE', #349, #1133, #2477 ) ;
#2536 = AXIS2_PLACEMENT_3D ( 'NONE', #3034, #684, #2175 ) ;
#2537 = DIRECTION ( 'NONE',  ( -0.6691306063588592368, 0.000000000000000000, -0.7431448254773933559 ) ) ;
#2538 = VERTEX_POINT ( 'NONE', #2909 ) ;
#2539 = ORIENTED_EDGE ( 'NONE', *, *, #594, .F. ) ;
#2540 = LINE ( 'NONE', #1229, #2727 ) ;
#2541 = ORIENTED_EDGE ( 'NONE', *, *, #292, .T. ) ;
#2542 = DIRECTION ( 'NONE',  ( -0.000000000000000000, 1.000000000000000000, 0.000000000000000000 ) ) ;
#2543 = AXIS2_PLACEMENT_3D ( 'NONE', #2689, #801, #1847 ) ;
#2544 = ORIENTED_EDGE ( 'NONE', *, *, #624, .T. ) ;
#2545 = LINE ( 'NONE', #437, #3293 ) ;
#2546 = ADVANCED_FACE ( 'NONE', ( #831 ), #2339, .T. ) ;
#2547 = ADVANCED_FACE ( 'NONE', ( #2442 ), #2238, .T. ) ;
#2548 = CARTESIAN_POINT ( 'NONE',  ( 0.5456591986715971787, -7.183378753404547012, 6.155060661677722145 ) ) ;
#2549 = DIRECTION ( 'NONE',  ( -0.000000000000000000, -0.000000000000000000, -1.000000000000000000 ) ) ;
#2550 = VERTEX_POINT ( 'NONE', #1770 ) ;
#2551 = LINE ( 'NONE', #697, #229 ) ;
#2552 = EDGE_CURVE ( 'NONE', #3303, #2911, #1232, .T. ) ;
#2553 = LINE ( 'NONE', #1520, #1964 ) ;
#2554 = VERTEX_POINT ( 'NONE', #1995 ) ;
#2555 = VERTEX_POINT ( 'NONE', #3307 ) ;
#2556 = VERTEX_POINT ( 'NONE', #2527 ) ;
#2557 = LINE ( 'NONE', #3056, #3026 ) ;
#2558 = LINE ( 'NONE', #2509, #1361 ) ;
#2559 = EDGE_CURVE ( 'NONE', #719, #1533, #923, .T. ) ;
#2560 = ORIENTED_EDGE ( 'NONE', *, *, #190, .T. ) ;
#2561 = CARTESIAN_POINT ( 'NONE',  ( 8.021806368133752585, 5.321806368132912191, 5.400137046524541518 ) ) ;
#2562 = CARTESIAN_POINT ( 'NONE',  ( 5.210897322236004214, 0.000000000000000000, 5.500000000000000000 ) ) ;
#2563 = CARTESIAN_POINT ( 'NONE',  ( -2.999999999999976463, -8.199999999999995737, 2.000000000000000000 ) ) ;
#2564 =( GEOMETRIC_REPRESENTATION_CONTEXT ( 3 ) GLOBAL_UNCERTAINTY_ASSIGNED_CONTEXT ( ( #856 ) ) GLOBAL_UNIT_ASSIGNED_CONTEXT ( ( #2881, #1600, #2661 ) ) REPRESENTATION_CONTEXT ( 'NONE', 'WORKASPACE' ) );
#2565 = VERTEX_POINT ( 'NONE', #1532 ) ;
#2566 = AXIS2_PLACEMENT_3D ( 'NONE', #3048, #363, #2974 ) ;
#2567 = CARTESIAN_POINT ( 'NONE',  ( 8.816190777705964265, 3.528451819339552653, 3.183809222294045949 ) ) ;
#2568 = VECTOR ( 'NONE', #2395, 1000.000000000000114 ) ;
#2569 = CARTESIAN_POINT ( 'NONE',  ( 2.939339828220179474, -3.999999999999993339, 2.000000000000000000 ) ) ;
#2570 = ORIENTED_EDGE ( 'NONE', *, *, #561, .T. ) ;
#2571 = VECTOR ( 'NONE', #1402, 1000.000000000000000 ) ;
#2572 = VERTEX_POINT ( 'NONE', #469 ) ;
#2573 = CARTESIAN_POINT ( 'NONE',  ( 4.178193631865893209, 2.865529609171882264, 5.400137046524542406 ) ) ;
#2574 = ADVANCED_FACE ( 'NONE', ( #3025 ), #1270, .F. ) ;
#2575 = ORIENTED_EDGE ( 'NONE', *, *, #1440, .T. ) ;
#2576 = PLANE ( 'NONE',  #2697 ) ;
#2577 = EDGE_CURVE ( 'NONE', #2349, #312, #1214, .T. ) ;
#2578 = EDGE_LOOP ( 'NONE', ( #2605, #1858, #169, #541 ) ) ;
#2579 = CARTESIAN_POINT ( 'NONE',  ( -2.010897322236002260, 6.938893903907228378E-15, 5.500000000000000000 ) ) ;
#2580 = CARTESIAN_POINT ( 'NONE',  ( -5.173998074543034065, -10.62600192545696132, 5.400137046524545070 ) ) ;
#2581 = CARTESIAN_POINT ( 'NONE',  ( 4.179726516534260305, -2.867062493841421755, 5.400137046524541518 ) ) ;
#2582 = EDGE_LOOP ( 'NONE', ( #1932, #77, #2872, #2617 ) ) ;
#2583 = DIRECTION ( 'NONE',  ( 0.1253535423003575289, -0.05192313731231752716, -0.9907524803120094647 ) ) ;
#2584 = DIRECTION ( 'NONE',  ( 0.000000000000000000, -0.9986295347545739443, 0.05233595624294395260 ) ) ;
#2585 = ORIENTED_EDGE ( 'NONE', *, *, #792, .F. ) ;
#2586 = VECTOR ( 'NONE', #628, 1000.000000000000000 ) ;
#2587 = VECTOR ( 'NONE', #713, 1000.000000000000000 ) ;
#2588 = ORIENTED_EDGE ( 'NONE', *, *, #415, .F. ) ;
#2589 = VECTOR ( 'NONE', #2529, 1000.000000000000000 ) ;
#2590 = DIRECTION ( 'NONE',  ( -0.7061377159181263519, 0.7061377159181263519, 0.05233595624294395260 ) ) ;
#2591 = ORIENTED_EDGE ( 'NONE', *, *, #624, .F. ) ;
#2592 = DIRECTION ( 'NONE',  ( 0.6691306063588534636, 0.000000000000000000, -0.7431448254773985740 ) ) ;
#2593 = EDGE_CURVE ( 'NONE', #27, #1529, #2558, .T. ) ;
#2594 = DIRECTION ( 'NONE',  ( 1.000000000000000000, 0.000000000000000000, 0.000000000000000000 ) ) ;
#2595 = VERTEX_POINT ( 'NONE', #2798 ) ;
#2596 = CARTESIAN_POINT ( 'NONE',  ( 5.493171073995925191, 8.193171073995937803, 2.130303670514081205 ) ) ;
#2597 = CARTESIAN_POINT ( 'NONE',  ( -8.200000000000017053, 2.999999999999950706, 2.000000000000000000 ) ) ;
#2598 = CARTESIAN_POINT ( 'NONE',  ( 5.498140956359412357, 6.561430212868803125, 2.035472665814467508 ) ) ;
#2599 = CARTESIAN_POINT ( 'NONE',  ( 5.499999999999998224, -8.021806368133747256, 5.400137046524545958 ) ) ;
#2600 = VECTOR ( 'NONE', #1712, 999.9999999999998863 ) ;
#2601 = ORIENTED_EDGE ( 'NONE', *, *, #1162, .T. ) ;
#2602 = DIRECTION ( 'NONE',  ( -0.9986295347545739443, 0.000000000000000000, 0.05233595624294395260 ) ) ;
#2603 = PLANE ( 'NONE',  #1693 ) ;
#2604 = DIRECTION ( 'NONE',  ( -0.000000000000000000, -0.7071067811865491270, -0.7071067811865460184 ) ) ;
#2605 = ORIENTED_EDGE ( 'NONE', *, *, #3201, .F. ) ;
#2606 = ORIENTED_EDGE ( 'NONE', *, *, #75, .T. ) ;
#2607 = DIRECTION ( 'NONE',  ( 0.000000000000000000, 1.000000000000000000, 0.000000000000000000 ) ) ;
#2608 = EDGE_CURVE ( 'NONE', #3085, #216, #451, .T. ) ;
#2609 = CARTESIAN_POINT ( 'NONE',  ( 8.200000000000102318, 5.499999999999262812, 2.000000000000000000 ) ) ;
#2610 = LINE ( 'NONE', #773, #1820 ) ;
#2611 = EDGE_CURVE ( 'NONE', #2969, #3266, #2058, .T. ) ;
#2612 = DIRECTION ( 'NONE',  ( 1.000000000000000000, 0.000000000000000000, -0.000000000000000000 ) ) ;
#2613 = ORIENTED_EDGE ( 'NONE', *, *, #2938, .F. ) ;
#2614 = CARTESIAN_POINT ( 'NONE',  ( 4.289102677763536597, -2.863361782885495366, 5.500000000000000000 ) ) ;
#2615 = SHAPE_DEFINITION_REPRESENTATION ( #3185, #2723 ) ;
#2616 = CARTESIAN_POINT ( 'NONE',  ( 0.000000000000000000, -10.21089732223601132, 5.500000000000000000 ) ) ;
#2617 = ORIENTED_EDGE ( 'NONE', *, *, #2053, .F. ) ;
#2618 = FACE_OUTER_BOUND ( 'NONE', #3070, .T. ) ;
#2619 = LINE ( 'NONE', #65, #209 ) ;
#2620 = VECTOR ( 'NONE', #2709, 1000.000000000000114 ) ;
#2621 = DIRECTION ( 'NONE',  ( -1.000000000000000000, 0.000000000000000000, 0.000000000000000000 ) ) ;
#2622 = DIRECTION ( 'NONE',  ( 0.000000000000000000, -1.000000000000000000, 0.000000000000000000 ) ) ;
#2623 = VECTOR ( 'NONE', #2050, 1000.000000000000000 ) ;
#2624 = ORIENTED_EDGE ( 'NONE', *, *, #1632, .F. ) ;
#2625 = AXIS2_PLACEMENT_3D ( 'NONE', #1540, #2584, #3129 ) ;
#2626 = VERTEX_POINT ( 'NONE', #2076 ) ;
#2627 = DIRECTION ( 'NONE',  ( 0.000000000000000000, 1.000000000000000000, 0.000000000000000000 ) ) ;
#2628 = EDGE_CURVE ( 'NONE', #2005, #1063, #1046, .T. ) ;
#2629 = ORIENTED_EDGE ( 'NONE', *, *, #472, .F. ) ;
#2630 = DIRECTION ( 'NONE',  ( -0.000000000000000000, -0.6691306063588534636, -0.7431448254773985740 ) ) ;
#2631 = CARTESIAN_POINT ( 'NONE',  ( 8.500000000000003553, 8.500000000000000000, 0.5000000000000038858 ) ) ;
#2632 = ORIENTED_EDGE ( 'NONE', *, *, #2194, .T. ) ;
#2633 = LINE ( 'NONE', #2132, #2177 ) ;
#2634 = AXIS2_PLACEMENT_3D ( 'NONE', #1536, #26, #1843 ) ;
#2635 = LINE ( 'NONE', #1328, #664 ) ;
#2636 = ORIENTED_EDGE ( 'NONE', *, *, #663, .F. ) ;
#2637 = FACE_OUTER_BOUND ( 'NONE', #1926, .T. ) ;
#2638 = EDGE_CURVE ( 'NONE', #573, #1785, #2128, .T. ) ;
#2639 = ADVANCED_FACE ( 'NONE', ( #38 ), #703, .T. ) ;
#2640 = LINE ( 'NONE', #2378, #1698 ) ;
#2641 = FACE_OUTER_BOUND ( 'NONE', #826, .T. ) ;
#2642 = FACE_OUTER_BOUND ( 'NONE', #716, .T. ) ;
#2643 = ORIENTED_EDGE ( 'NONE', *, *, #2336, .F. ) ;
#2644 = DIRECTION ( 'NONE',  ( -9.164576854216370118E-15, 1.000000000000000000, 0.000000000000000000 ) ) ;
#2645 = DIRECTION ( 'NONE',  ( -0.2941979141786407737, 0.7102565944319789715, 0.6395179101157563162 ) ) ;
#2646 = DIRECTION ( 'NONE',  ( -1.000000000000000000, 0.000000000000000000, 0.000000000000000000 ) ) ;
#2647 = ORIENTED_EDGE ( 'NONE', *, *, #637, .T. ) ;
#2648 = AXIS2_PLACEMENT_3D ( 'NONE', #874, #3267, #1664 ) ;
#2649 = DIRECTION ( 'NONE',  ( 0.7102565944319604307, -0.2941979141786409402, 0.6395179101157768553 ) ) ;
#2650 = ORIENTED_EDGE ( 'NONE', *, *, #2229, .F. ) ;
#2651 = DIRECTION ( 'NONE',  ( 0.6691306063588748909, 0.000000000000000000, -0.7431448254773792561 ) ) ;
#2652 = DIRECTION ( 'NONE',  ( -9.164576854216370118E-15, 1.000000000000000000, 0.000000000000000000 ) ) ;
#2653 = VERTEX_POINT ( 'NONE', #1079 ) ;
#2654 = DIRECTION ( 'NONE',  ( 0.05233595624294395260, 0.000000000000000000, 0.9986295347545739443 ) ) ;
#2655 = ADVANCED_FACE ( 'NONE', ( #277 ), #1288, .T. ) ;
#2656 = CIRCLE ( 'NONE', #24, 2.000000000000000000 ) ;
#2657 = DIRECTION ( 'NONE',  ( 0.7071067811865476838, -0.7071067811865474617, 0.000000000000000000 ) ) ;
#2658 = CARTESIAN_POINT ( 'NONE',  ( 0.7347565497960250047, 0.7347565497960248937, 5.500000000000000000 ) ) ;
#2659 = DIRECTION ( 'NONE',  ( 0.7071067811865474617, 0.7071067811865475727, 3.464679189806687252E-18 ) ) ;
#2660 = ORIENTED_EDGE ( 'NONE', *, *, #276, .F. ) ;
#2661 =( NAMED_UNIT ( * ) SI_UNIT ( $, .STERADIAN. ) SOLID_ANGLE_UNIT ( ) );
#2662 = CARTESIAN_POINT ( 'NONE',  ( 10.50000000000000355, -8.499999999999989342, 1.499999999999999112 ) ) ;
#2663 = ORIENTED_EDGE ( 'NONE', *, *, #3358, .F. ) ;
#2664 = PLANE ( 'NONE',  #1471 ) ;
#2665 = ORIENTED_EDGE ( 'NONE', *, *, #1162, .F. ) ;
#2666 = CARTESIAN_POINT ( 'NONE',  ( -2.865529609172609682, -4.178193631866344404, 5.400137046524545958 ) ) ;
#2667 = EDGE_CURVE ( 'NONE', #1778, #719, #1323, .T. ) ;
#2668 = FACE_OUTER_BOUND ( 'NONE', #1193, .T. ) ;
#2669 = ORIENTED_EDGE ( 'NONE', *, *, #1591, .F. ) ;
#2670 = DIRECTION ( 'NONE',  ( -0.6048381964124417420, 0.5631033458258536406, 0.5631033458258560831 ) ) ;
#2671 = CARTESIAN_POINT ( 'NONE',  ( -8.499999999999996447, 8.500000000000000000, 1.499999999999999112 ) ) ;
#2672 = DIRECTION ( 'NONE',  ( -0.000000000000000000, -1.000000000000000000, 0.000000000000000000 ) ) ;
#2673 = CARTESIAN_POINT ( 'NONE',  ( 8.499999999999989342, -10.50000000000000355, 0.5000000000000038858 ) ) ;
#2674 = ORIENTED_EDGE ( 'NONE', *, *, #594, .T. ) ;
#2675 = DIRECTION ( 'NONE',  ( -0.05232366301070896092, 0.02167317085207508959, -0.9983949659099640161 ) ) ;
#2676 = CIRCLE ( 'NONE', #1913, 2.121806368133650089 ) ;
#2677 = DIRECTION ( 'NONE',  ( -0.000000000000000000, 1.000000000000000000, -0.000000000000000000 ) ) ;
#2678 = EDGE_LOOP ( 'NONE', ( #43, #160, #602, #2975, #3356, #1132 ) ) ;
#2679 = ADVANCED_FACE ( 'NONE', ( #3140 ), #1306, .F. ) ;
#2680 = CARTESIAN_POINT ( 'NONE',  ( -9.999999999999998224, -8.500000000000003553, 2.000000000000000000 ) ) ;
#2681 = ORIENTED_EDGE ( 'NONE', *, *, #646, .T. ) ;
#2682 = AXIS2_PLACEMENT_3D ( 'NONE', #2451, #100, #1697 ) ;
#2683 = CARTESIAN_POINT ( 'NONE',  ( -10.00000000000000355, -4.800000000000000711, 2.000000000000000000 ) ) ;
#2684 = DIRECTION ( 'NONE',  ( 0.7071067811865475727, 0.7071067811865474617, 0.000000000000000000 ) ) ;
#2685 = EDGE_LOOP ( 'NONE', ( #1814, #627, #2544, #935 ) ) ;
#2686 = CARTESIAN_POINT ( 'NONE',  ( -2.939339828220175921, 4.000000000000007105, 2.000000000000000000 ) ) ;
#2687 = VECTOR ( 'NONE', #1035, 1000.000000000000114 ) ;
#2688 = CARTESIAN_POINT ( 'NONE',  ( -10.32180636813364671, 4.857167499683517242, 5.400137046524545070 ) ) ;
#2689 = CARTESIAN_POINT ( 'NONE',  ( 0.000000000000000000, -7.910897322236103868, 5.500000000000000000 ) ) ;
#2690 = ORIENTED_EDGE ( 'NONE', *, *, #2419, .T. ) ;
#2691 = ORIENTED_EDGE ( 'NONE', *, *, #1139, .F. ) ;
#2692 = ADVANCED_FACE ( 'NONE', ( #1548 ), #572, .F. ) ;
#2693 = FACE_OUTER_BOUND ( 'NONE', #567, .T. ) ;
#2694 = EDGE_CURVE ( 'NONE', #2878, #1714, #536, .T. ) ;
#2695 = ORIENTED_EDGE ( 'NONE', *, *, #1817, .F. ) ;
#2696 = FACE_OUTER_BOUND ( 'NONE', #2144, .T. ) ;
#2697 = AXIS2_PLACEMENT_3D ( 'NONE', #2865, #2630, #2847 ) ;
#2698 = VECTOR ( 'NONE', #1715, 1000.000000000000227 ) ;
#2699 = DIRECTION ( 'NONE',  ( 0.000000000000000000, 1.000000000000000000, 0.000000000000000000 ) ) ;
#2700 = ORIENTED_EDGE ( 'NONE', *, *, #1003, .F. ) ;
#2701 = AXIS2_PLACEMENT_3D ( 'NONE', #948, #726, #1534 ) ;
#2702 = CARTESIAN_POINT ( 'NONE',  ( 3.207832921351440270, -5.628631411030039722, 7.554961456612980797 ) ) ;
#2703 = CARTESIAN_POINT ( 'NONE',  ( 2.804426463906166678, 2.804426463905923317, 5.500000000000000000 ) ) ;
#2704 = PLANE ( 'NONE',  #2130 ) ;
#2705 = ORIENTED_EDGE ( 'NONE', *, *, #2906, .T. ) ;
#2706 = DIRECTION ( 'NONE',  ( 9.164576854216368540E-15, -1.000000000000000000, -0.000000000000000000 ) ) ;
#2707 = AXIS2_PLACEMENT_3D ( 'NONE', #2703, #356, #1401 ) ;
#2708 = ADVANCED_FACE ( 'NONE', ( #1028 ), #2664, .F. ) ;
#2709 = DIRECTION ( 'NONE',  ( 0.000000000000000000, 0.7071067811865460184, 0.7071067811865490160 ) ) ;
#2710 = ORIENTED_EDGE ( 'NONE', *, *, #119, .T. ) ;
#2711 = DIRECTION ( 'NONE',  ( 0.000000000000000000, -1.000000000000000000, 0.000000000000000000 ) ) ;
#2712 = ORIENTED_EDGE ( 'NONE', *, *, #413, .T. ) ;
#2713 = CARTESIAN_POINT ( 'NONE',  ( 0.000000000000000000, 7.910897322236014162, 5.500000000000000000 ) ) ;
#2714 = DIRECTION ( 'NONE',  ( 1.000000000000000000, 0.000000000000000000, 0.000000000000000000 ) ) ;
#2715 = VERTEX_POINT ( 'NONE', #2112 ) ;
#2716 = DIRECTION ( 'NONE',  ( -1.000000000000000000, 0.000000000000000000, 0.000000000000000000 ) ) ;
#2717 = PLANE ( 'NONE',  #1798 ) ;
#2718 = ADVANCED_FACE ( 'NONE', ( #311 ), #1358, .T. ) ;
#2719 = CARTESIAN_POINT ( 'NONE',  ( 8.199999999999494804, -3.000000000000108358, 2.000000000000000000 ) ) ;
#2720 = LINE ( 'NONE', #132, #158 ) ;
#2721 = EDGE_LOOP ( 'NONE', ( #2108, #1672, #3321, #2665 ) ) ;
#2722 = VECTOR ( 'NONE', #2993, 1000.000000000000000 ) ;
#2723 = ADVANCED_BREP_SHAPE_REPRESENTATION ( 'Tampa_Perfil_2020_V', ( #2057, #1118 ), #685 ) ;
#2724 = LINE ( 'NONE', #377, #2258 ) ;
#2725 = DIRECTION ( 'NONE',  ( -1.000000000000000000, 2.891205793294676177E-14, 0.000000000000000000 ) ) ;
#2726 = VERTEX_POINT ( 'NONE', #2405 ) ;
#2727 = VECTOR ( 'NONE', #2627, 1000.000000000000000 ) ;
#2728 = AXIS2_PLACEMENT_3D ( 'NONE', #2333, #2884, #2612 ) ;
#2729 = ORIENTED_EDGE ( 'NONE', *, *, #2935, .T. ) ;
#2730 = CARTESIAN_POINT ( 'NONE',  ( -8.200000000000002842, -5.500000000000022204, 2.000000000000000000 ) ) ;
#2731 = VECTOR ( 'NONE', #1830, 1000.000000000000000 ) ;
#2732 = VECTOR ( 'NONE', #2659, 1000.000000000000000 ) ;
#2733 = CARTESIAN_POINT ( 'NONE',  ( -7.910897322236019491, 2.302044394423732321, 5.500000000000000000 ) ) ;
#2734 = EDGE_LOOP ( 'NONE', ( #2077, #327, #1372, #14, #2246, #1186, #1862, #2231, #1113, #1475, #3187, #514, #1238, #2787, #840, #22, #1427, #667, #281, #3096, #3008, #3180, #2435, #1641, #1686, #748, #1473, #475, #1177, #1682, #2496, #3209, #3221, #643, #1498, #577, #1388, #493, #1652, #1228, #180, #524, #1022, #3022, #2198, #1563, #1109, #909 ) ) ;
#2735 = CARTESIAN_POINT ( 'NONE',  ( 0.000000000000000000, 0.000000000000000000, 5.500000000000000000 ) ) ;
#2736 = EDGE_CURVE ( 'NONE', #2267, #3042, #57, .T. ) ;
#2737 = CARTESIAN_POINT ( 'NONE',  ( -5.321806368133644050, -6.634470390827378772, 5.400137046524545958 ) ) ;
#2738 = CARTESIAN_POINT ( 'NONE',  ( -10.32180636813364671, 4.869802517219665283, 5.400137046524546847 ) ) ;
#2739 = DIRECTION ( 'NONE',  ( -0.05226442768871403938, 0.05226442768871403938, -0.9972646886342373396 ) ) ;
#2740 = EDGE_LOOP ( 'NONE', ( #2963, #3089, #2777, #3371, #2438, #2695 ) ) ;
#2741 = PLANE ( 'NONE',  #287 ) ;
#2742 = EDGE_CURVE ( 'NONE', #2550, #2329, #753, .T. ) ;
#2743 = EDGE_CURVE ( 'NONE', #1554, #2422, #2676, .T. ) ;
#2744 = AXIS2_PLACEMENT_3D ( 'NONE', #439, #2549, #407 ) ;
#2745 = CARTESIAN_POINT ( 'NONE',  ( 2.302044394423760298, 7.910897322236014162, 5.500000000000000000 ) ) ;
#2746 = VERTEX_POINT ( 'NONE', #21 ) ;
#2747 = EDGE_LOOP ( 'NONE', ( #1398, #2225, #2916, #1432 ) ) ;
#2748 = DIRECTION ( 'NONE',  ( -0.000000000000000000, -0.000000000000000000, -1.000000000000000000 ) ) ;
#2749 = DIRECTION ( 'NONE',  ( 1.000000000000000000, 0.000000000000000000, 0.000000000000000000 ) ) ;
#2750 = AXIS2_PLACEMENT_3D ( 'NONE', #641, #1706, #1687 ) ;
#2751 = EDGE_LOOP ( 'NONE', ( #2849, #3275, #1495, #2135 ) ) ;
#2752 = CARTESIAN_POINT ( 'NONE',  ( 6.900678497676739909, 3.389530786249530969, 8.480534417144047765 ) ) ;
#2753 = VECTOR ( 'NONE', #1349, 1000.000000000000000 ) ;
#2754 = CARTESIAN_POINT ( 'NONE',  ( -6.560660171779806760, -5.500000000000022204, 2.000000000000000000 ) ) ;
#2755 = AXIS2_PLACEMENT_3D ( 'NONE', #2929, #2154, #2117 ) ;
#2756 = DIRECTION ( 'NONE',  ( -1.000000000000000000, 0.000000000000000000, 0.000000000000000000 ) ) ;
#2757 = CARTESIAN_POINT ( 'NONE',  ( 8.499999999999989342, -10.50000000000000355, 2.000000000000000000 ) ) ;
#2758 = ADVANCED_FACE ( 'NONE', ( #2867 ), #520, .F. ) ;
#2759 = ORIENTED_EDGE ( 'NONE', *, *, #2799, .T. ) ;
#2760 = PLANE ( 'NONE',  #1935 ) ;
#2761 = LINE ( 'NONE', #2502, #2782 ) ;
#2762 = EDGE_LOOP ( 'NONE', ( #2190, #1168, #2629, #2800 ) ) ;
#2763 = VECTOR ( 'NONE', #2983, 1000.000000000000114 ) ;
#2764 = ORIENTED_EDGE ( 'NONE', *, *, #1539, .T. ) ;
#2765 = DIRECTION ( 'NONE',  ( -0.7071067811865474617, -0.7071067811865475727, 0.000000000000000000 ) ) ;
#2766 = ORIENTED_EDGE ( 'NONE', *, *, #1301, .F. ) ;
#2767 = CARTESIAN_POINT ( 'NONE',  ( 10.00000000000000533, -8.500000000000003553, 2.000000000000000000 ) ) ;
#2768 = EDGE_CURVE ( 'NONE', #1915, #2212, #937, .T. ) ;
#2769 = CARTESIAN_POINT ( 'NONE',  ( -2.302044394423760298, 7.910897322236014162, 5.500000000000000000 ) ) ;
#2770 = EDGE_CURVE ( 'NONE', #1911, #1714, #862, .T. ) ;
#2771 = LINE ( 'NONE', #1981, #1392 ) ;
#2772 = FACE_OUTER_BOUND ( 'NONE', #1353, .T. ) ;
#2773 = ORIENTED_EDGE ( 'NONE', *, *, #1985, .F. ) ;
#2774 = CARTESIAN_POINT ( 'NONE',  ( 10.47882904883096877, 5.248888802559630307, 2.403965813063751344 ) ) ;
#2775 = ADVANCED_FACE ( 'NONE', ( #2693 ), #1928, .F. ) ;
#2776 = CARTESIAN_POINT ( 'NONE',  ( 0.000000000000000000, 6.938893903907228378E-15, 2.000000000000000000 ) ) ;
#2777 = ORIENTED_EDGE ( 'NONE', *, *, #3258, .T. ) ;
#2778 = VERTEX_POINT ( 'NONE', #955 ) ;
#2779 = EDGE_LOOP ( 'NONE', ( #1722, #3383, #704, #2334 ) ) ;
#2780 = CARTESIAN_POINT ( 'NONE',  ( -3.389530786249835170, 6.900678497676773659, 8.480534417143980264 ) ) ;
#2781 = EDGE_CURVE ( 'NONE', #2510, #513, #2459, .T. ) ;
#2782 = VECTOR ( 'NONE', #1940, 1000.000000000000000 ) ;
#2783 = ORIENTED_EDGE ( 'NONE', *, *, #3051, .F. ) ;
#2784 = CARTESIAN_POINT ( 'NONE',  ( 2.865529609172614567, 4.178193631866357727, 5.400137046524545958 ) ) ;
#2785 = VECTOR ( 'NONE', #1780, 1000.000000000000000 ) ;
#2786 = DIRECTION ( 'NONE',  ( -0.7071067811865474617, 0.7071067811865474617, 0.000000000000000000 ) ) ;
#2787 = ORIENTED_EDGE ( 'NONE', *, *, #3123, .T. ) ;
#2788 = DIRECTION ( 'NONE',  ( 0.7071067811865474617, -0.7071067811865474617, 0.000000000000000000 ) ) ;
#2789 = VECTOR ( 'NONE', #1920, 1000.000000000000000 ) ;
#2790 = PLANE ( 'NONE',  #1188 ) ;
#2791 = ORIENTED_EDGE ( 'NONE', *, *, #2638, .T. ) ;
#2792 = AXIS2_PLACEMENT_3D ( 'NONE', #95, #314, #1412 ) ;
#2793 = VERTEX_POINT ( 'NONE', #426 ) ;
#2794 = ORIENTED_EDGE ( 'NONE', *, *, #3268, .F. ) ;
#2795 = DIRECTION ( 'NONE',  ( -1.000000000000000000, 0.000000000000000000, 0.000000000000000000 ) ) ;
#2796 = ADVANCED_FACE ( 'NONE', ( #443 ), #167, .F. ) ;
#2797 = ADVANCED_FACE ( 'NONE', ( #1637 ), #2421, .T. ) ;
#2798 = CARTESIAN_POINT ( 'NONE',  ( 2.819589578171952216, 4.289102677764001115, 5.500000000000000000 ) ) ;
#2799 = EDGE_CURVE ( 'NONE', #1840, #2550, #3194, .T. ) ;
#2800 = ORIENTED_EDGE ( 'NONE', *, *, #1811, .F. ) ;
#2801 = LINE ( 'NONE', #1216, #1213 ) ;
#2802 = LINE ( 'NONE', #2305, #3202 ) ;
#2803 = CYLINDRICAL_SURFACE ( 'NONE', #2744, 2.000000000000000000 ) ;
#2804 = ORIENTED_EDGE ( 'NONE', *, *, #809, .T. ) ;
#2805 = LINE ( 'NONE', #165, #2481 ) ;
#2806 = CIRCLE ( 'NONE', #1326, 2.000000000000000000 ) ;
#2807 = CARTESIAN_POINT ( 'NONE',  ( -5.499999999999994671, 6.560660171779826300, 2.000000000000000000 ) ) ;
#2808 = EDGE_LOOP ( 'NONE', ( #2158, #1736, #39, #416 ) ) ;
#2809 = EDGE_LOOP ( 'NONE', ( #2445, #2494, #376, #2794 ) ) ;
#2810 = EDGE_CURVE ( 'NONE', #1578, #708, #1653, .T. ) ;
#2811 = CARTESIAN_POINT ( 'NONE',  ( 10.00000000000000533, -8.500000000000003553, 2.000000000000000000 ) ) ;
#2812 = EDGE_LOOP ( 'NONE', ( #2452, #1148, #1755, #2925 ) ) ;
#2813 = DIRECTION ( 'NONE',  ( 0.3618073217591677437, -0.8734801431569608754, -0.3257727757685612291 ) ) ;
#2814 = CARTESIAN_POINT ( 'NONE',  ( 8.500000000000003553, 8.500000000000000000, 2.000000000000000000 ) ) ;
#2815 = EDGE_LOOP ( 'NONE', ( #252, #496, #2500, #1120 ) ) ;
#2816 = LINE ( 'NONE', #1997, #676 ) ;
#2817 = FACE_OUTER_BOUND ( 'NONE', #2255, .T. ) ;
#2818 = LINE ( 'NONE', #983, #2517 ) ;
#2819 = ORIENTED_EDGE ( 'NONE', *, *, #2821, .T. ) ;
#2820 = DIRECTION ( 'NONE',  ( 1.000000000000000000, 0.000000000000000000, -0.000000000000000000 ) ) ;
#2821 = EDGE_CURVE ( 'NONE', #1085, #2554, #625, .T. ) ;
#2822 = DIRECTION ( 'NONE',  ( -0.000000000000000000, -0.000000000000000000, -1.000000000000000000 ) ) ;
#2823 = EDGE_LOOP ( 'NONE', ( #3349, #2390, #906, #1463 ) ) ;
#2824 = ADVANCED_FACE ( 'NONE', ( #2439 ), #1671, .F. ) ;
#2825 = ORIENTED_EDGE ( 'NONE', *, *, #519, .F. ) ;
#2826 = FACE_OUTER_BOUND ( 'NONE', #1078, .T. ) ;
#2827 = LINE ( 'NONE', #750, #3350 ) ;
#2828 = CARTESIAN_POINT ( 'NONE',  ( 4.289102677763536597, 2.819589578171218136, 5.500000000000000000 ) ) ;
#2829 = ORIENTED_EDGE ( 'NONE', *, *, #974, .F. ) ;
#2830 = DIRECTION ( 'NONE',  ( 0.7071067811865491270, 0.000000000000000000, -0.7071067811865460184 ) ) ;
#2831 = CARTESIAN_POINT ( 'NONE',  ( -8.499999999999984013, 10.50000000000000000, 2.000000000000000000 ) ) ;
#2832 = DIRECTION ( 'NONE',  ( 0.05233595624294395260, 0.000000000000000000, -0.9986295347545739443 ) ) ;
#2833 = ORIENTED_EDGE ( 'NONE', *, *, #1357, .F. ) ;
#2834 = VECTOR ( 'NONE', #1586, 1000.000000000000114 ) ;
#2835 = CARTESIAN_POINT ( 'NONE',  ( -8.499999999999996447, -8.500000000000003553, 2.000000000000000000 ) ) ;
#2836 = EDGE_CURVE ( 'NONE', #2572, #2428, #1131, .T. ) ;
#2837 = AXIS2_PLACEMENT_3D ( 'NONE', #1679, #665, #614 ) ;
#2838 = DIRECTION ( 'NONE',  ( 1.000000000000000000, 0.000000000000000000, 0.000000000000000000 ) ) ;
#2839 = ADVANCED_FACE ( 'NONE', ( #1731 ), #1408, .T. ) ;
#2840 = ORIENTED_EDGE ( 'NONE', *, *, #3051, .T. ) ;
#2841 = AXIS2_PLACEMENT_3D ( 'NONE', #1867, #285, #270 ) ;
#2842 = ADVANCED_FACE ( 'NONE', ( #3300 ), #3283, .T. ) ;
#2843 = ADVANCED_FACE ( 'NONE', ( #1748 ), #2790, .F. ) ;
#2844 = ORIENTED_EDGE ( 'NONE', *, *, #1775, .T. ) ;
#2845 = DIRECTION ( 'NONE',  ( 0.7071067811865460184, 0.000000000000000000, 0.7071067811865490160 ) ) ;
#2846 = LINE ( 'NONE', #2331, #16 ) ;
#2847 = DIRECTION ( 'NONE',  ( -1.000000000000000000, 0.000000000000000000, 0.000000000000000000 ) ) ;
#2848 = DIRECTION ( 'NONE',  ( 1.000000000000000000, 0.000000000000000000, 0.000000000000000000 ) ) ;
#2849 = ORIENTED_EDGE ( 'NONE', *, *, #887, .F. ) ;
#2850 = CARTESIAN_POINT ( 'NONE',  ( 5.499999999999998224, 6.560660171779828964, 2.000000000000000000 ) ) ;
#2851 = DIRECTION ( 'NONE',  ( 0.8734801431569483299, -0.3618073217591995516, -0.3257727757685591752 ) ) ;
#2852 = DIRECTION ( 'NONE',  ( -0.7071067811865476838, 0.7071067811865474617, -0.000000000000000000 ) ) ;
#2853 = ORIENTED_EDGE ( 'NONE', *, *, #3320, .T. ) ;
#2854 = CARTESIAN_POINT ( 'NONE',  ( -7.183378753404184636, -0.5456591986717874709, 6.155060661677938860 ) ) ;
#2855 = EDGE_CURVE ( 'NONE', #1149, #3303, #328, .T. ) ;
#2856 = CARTESIAN_POINT ( 'NONE',  ( 5.299999999999132072, -10.32180636813365382, 5.400137046524545958 ) ) ;
#2857 = DIRECTION ( 'NONE',  ( 1.000000000000000000, 0.000000000000000000, 0.000000000000000000 ) ) ;
#2858 = EDGE_CURVE ( 'NONE', #1211, #1018, #74, .T. ) ;
#2859 = ORIENTED_EDGE ( 'NONE', *, *, #2100, .F. ) ;
#2860 = VECTOR ( 'NONE', #659, 1000.000000000000114 ) ;
#2861 = EDGE_LOOP ( 'NONE', ( #879, #1324, #2674, #2082 ) ) ;
#2862 = VECTOR ( 'NONE', #1933, 1000.000000000000114 ) ;
#2863 = CARTESIAN_POINT ( 'NONE',  ( 0.000000000000000000, -5.210897322236372808, 5.500000000000000000 ) ) ;
#2864 = CARTESIAN_POINT ( 'NONE',  ( 4.258151054983414063, 2.788637955391096046, 5.500000000000000000 ) ) ;
#2865 = CARTESIAN_POINT ( 'NONE',  ( 0.000000000000000000, 5.210897322235981122, 5.500000000000000000 ) ) ;
#2866 = VERTEX_POINT ( 'NONE', #197 ) ;
#2867 = FACE_OUTER_BOUND ( 'NONE', #348, .T. ) ;
#2868 = VERTEX_POINT ( 'NONE', #731 ) ;
#2869 = CARTESIAN_POINT ( 'NONE',  ( 2.999999999999976463, 8.200000000000008171, 2.000000000000000000 ) ) ;
#2870 = AXIS2_PLACEMENT_3D ( 'NONE', #2014, #491, #458 ) ;
#2871 = LINE ( 'NONE', #1571, #442 ) ;
#2872 = ORIENTED_EDGE ( 'NONE', *, *, #2504, .F. ) ;
#2873 = CARTESIAN_POINT ( 'NONE',  ( -8.012872061553444780, 2.560868210639469122, 5.400137046524546847 ) ) ;
#2874 = EDGE_CURVE ( 'NONE', #362, #3102, #2553, .T. ) ;
#2875 = CARTESIAN_POINT ( 'NONE',  ( -8.021806368133651333, -2.569802517219766713, 5.400137046524545958 ) ) ;
#2876 = DIRECTION ( 'NONE',  ( 0.7071067811865474617, 0.7071067811865474617, 0.000000000000000000 ) ) ;
#2877 = LINE ( 'NONE', #303, #1250 ) ;
#2878 = VERTEX_POINT ( 'NONE', #3315 ) ;
#2879 = ADVANCED_FACE ( 'NONE', ( #715 ), #1039, .T. ) ;
#2880 = VERTEX_POINT ( 'NONE', #511 ) ;
#2881 =( LENGTH_UNIT ( ) NAMED_UNIT ( * ) SI_UNIT ( .MILLI., .METRE. ) );
#2882 = PLANE ( 'NONE',  #3029 ) ;
#2883 = LINE ( 'NONE', #2350, #2257 ) ;
#2884 = DIRECTION ( 'NONE',  ( 0.000000000000000000, 0.000000000000000000, 1.000000000000000000 ) ) ;
#2885 = ORIENTED_EDGE ( 'NONE', *, *, #1690, .T. ) ;
#2886 = EDGE_CURVE ( 'NONE', #2022, #3125, #3110, .T. ) ;
#2887 = DIRECTION ( 'NONE',  ( -0.7071067811865482389, -0.7071067811865469066, 0.000000000000000000 ) ) ;
#2888 = ADVANCED_FACE ( 'NONE', ( #1559 ), #153, .T. ) ;
#2889 = PLANE ( 'NONE',  #2141 ) ;
#2890 = ORIENTED_EDGE ( 'NONE', *, *, #1966, .T. ) ;
#2891 = DIRECTION ( 'NONE',  ( 0.05233595624294395260, 0.000000000000000000, 0.9986295347545739443 ) ) ;
#2892 = PLANE ( 'NONE',  #1086 ) ;
#2893 = COLOUR_RGB ( '',0.7921568627450980005, 0.8196078431372548767, 0.9333333333333333481 ) ;
#2894 = FACE_OUTER_BOUND ( 'NONE', #1892, .T. ) ;
#2895 = LINE ( 'NONE', #1021, #1033 ) ;
#2896 = VECTOR ( 'NONE', #2649, 1000.000000000000114 ) ;
#2897 = VERTEX_POINT ( 'NONE', #2067 ) ;
#2898 = VECTOR ( 'NONE', #2913, 1000.000000000000114 ) ;
#2899 = VECTOR ( 'NONE', #604, 1000.000000000000000 ) ;
#2900 = DIRECTION ( 'NONE',  ( 0.000000000000000000, -1.000000000000000000, 0.000000000000000000 ) ) ;
#2901 = CARTESIAN_POINT ( 'NONE',  ( -4.602044394423750795, 10.21089732223600599, 5.500000000000000000 ) ) ;
#2902 = CARTESIAN_POINT ( 'NONE',  ( 8.021806368133752585, 2.557167499683808742, 5.400137046524541518 ) ) ;
#2903 = DIRECTION ( 'NONE',  ( 1.000000000000000000, 0.000000000000000000, 0.000000000000000000 ) ) ;
#2904 = EDGE_LOOP ( 'NONE', ( #59, #1264, #272, #2197 ) ) ;
#2905 = FACE_OUTER_BOUND ( 'NONE', #427, .T. ) ;
#2906 = EDGE_CURVE ( 'NONE', #529, #2298, #249, .T. ) ;
#2907 = EDGE_CURVE ( 'NONE', #1793, #463, #968, .T. ) ;
#2908 = VECTOR ( 'NONE', #6, 1000.000000000000000 ) ;
#2909 = CARTESIAN_POINT ( 'NONE',  ( 6.560660171779360894, 5.499999999999261036, 2.000000000000000000 ) ) ;
#2910 = CARTESIAN_POINT ( 'NONE',  ( -4.178193631866357727, 2.865529609172587033, 5.400137046524545958 ) ) ;
#2911 = VERTEX_POINT ( 'NONE', #2569 ) ;
#2912 = DIRECTION ( 'NONE',  ( -0.9986295347545739443, 0.000000000000000000, 0.05233595624294395260 ) ) ;
#2913 = DIRECTION ( 'NONE',  ( -0.7071067811865500152, 0.000000000000000000, -0.7071067811865451302 ) ) ;
#2914 = LINE ( 'NONE', #598, #1944 ) ;
#2915 = CARTESIAN_POINT ( 'NONE',  ( 8.500000000000003553, -8.500000000000003553, 2.000000000000000000 ) ) ;
#2916 = ORIENTED_EDGE ( 'NONE', *, *, #2770, .T. ) ;
#2917 = VECTOR ( 'NONE', #2124, 1000.000000000000114 ) ;
#2918 = CARTESIAN_POINT ( 'NONE',  ( -4.289102677764002003, 2.819589578171920685, 5.500000000000000000 ) ) ;
#2919 = VECTOR ( 'NONE', #476, 1000.000000000000114 ) ;
#2920 = CARTESIAN_POINT ( 'NONE',  ( 8.500000000000003553, 8.500000000000000000, 1.499999999999999112 ) ) ;
#2921 = EDGE_CURVE ( 'NONE', #3366, #1195, #2327, .T. ) ;
#2922 = ORIENTED_EDGE ( 'NONE', *, *, #120, .T. ) ;
#2923 = VECTOR ( 'NONE', #2945, 1000.000000000000114 ) ;
#2924 = CARTESIAN_POINT ( 'NONE',  ( -8.499999999999984013, 10.50000000000000000, 2.000000000000000000 ) ) ;
#2925 = ORIENTED_EDGE ( 'NONE', *, *, #1774, .T. ) ;
#2926 = DIRECTION ( 'NONE',  ( 0.000000000000000000, 1.000000000000000000, 0.000000000000000000 ) ) ;
#2927 = DIRECTION ( 'NONE',  ( 0.7071067811865475727, 0.7071067811865474617, -0.000000000000000000 ) ) ;
#2928 = ORIENTED_EDGE ( 'NONE', *, *, #1591, .T. ) ;
#2929 = CARTESIAN_POINT ( 'NONE',  ( 0.000000000000000000, 6.938893903907228378E-15, 2.000000000000000000 ) ) ;
#2930 = VECTOR ( 'NONE', #1254, 1000.000000000000227 ) ;
#2931 = DIRECTION ( 'NONE',  ( -1.000000000000000000, 0.000000000000000000, 0.000000000000000000 ) ) ;
#2932 = FACE_OUTER_BOUND ( 'NONE', #141, .T. ) ;
#2933 = CARTESIAN_POINT ( 'NONE',  ( -5.299999999999990052, -10.50000000000000355, 2.000000000000000000 ) ) ;
#2934 = ORIENTED_EDGE ( 'NONE', *, *, #3241, .T. ) ;
#2935 = EDGE_CURVE ( 'NONE', #1911, #2880, #1762, .T. ) ;
#2936 = LINE ( 'NONE', #585, #2287 ) ;
#2937 = LINE ( 'NONE', #54, #1643 ) ;
#2938 = EDGE_CURVE ( 'NONE', #617, #2007, #1505, .T. ) ;
#2939 = ORIENTED_EDGE ( 'NONE', *, *, #1075, .T. ) ;
#2940 = DIRECTION ( 'NONE',  ( 0.000000000000000000, 1.000000000000000000, 0.000000000000000000 ) ) ;
#2941 = ORIENTED_EDGE ( 'NONE', *, *, #1287, .F. ) ;
#2942 = LINE ( 'NONE', #365, #2722 ) ;
#2943 = CARTESIAN_POINT ( 'NONE',  ( 5.299999999999132072, -10.50000000000000355, 2.000000000000000000 ) ) ;
#2944 = ORIENTED_EDGE ( 'NONE', *, *, #1648, .F. ) ;
#2945 = DIRECTION ( 'NONE',  ( 0.3618073217591871726, -0.8734801431569579888, -0.3257727757685469627 ) ) ;
#2946 = DIRECTION ( 'NONE',  ( 0.000000000000000000, 0.9986295347545739443, 0.05233595624294395954 ) ) ;
#2947 = DIRECTION ( 'NONE',  ( 0.000000000000000000, 0.000000000000000000, -1.000000000000000000 ) ) ;
#2948 = LINE ( 'NONE', #3237, #2571 ) ;
#2949 = EDGE_LOOP ( 'NONE', ( #2528, #788, #2181, #1252 ) ) ;
#2950 = ADVANCED_FACE ( 'NONE', ( #1812 ), #2603, .T. ) ;
#2951 = CIRCLE ( 'NONE', #1963, 1.499999999999992673 ) ;
#2952 = EDGE_CURVE ( 'NONE', #3266, #2868, #2344, .T. ) ;
#2953 = ADVANCED_FACE ( 'NONE', ( #1792 ), #2086, .T. ) ;
#2954 = CARTESIAN_POINT ( 'NONE',  ( 9.999999999999998224, -8.500000000000003553, 0.000000000000000000 ) ) ;
#2955 = VECTOR ( 'NONE', #294, 1000.000000000000114 ) ;
#2956 = LINE ( 'NONE', #2662, #2899 ) ;
#2957 = ORIENTED_EDGE ( 'NONE', *, *, #1677, .F. ) ;
#2958 = CARTESIAN_POINT ( 'NONE',  ( 0.000000000000000000, -5.210897322236026419, 5.500000000000000000 ) ) ;
#2959 = EDGE_LOOP ( 'NONE', ( #449, #3050, #1608, #1208 ) ) ;
#2960 = CIRCLE ( 'NONE', #1531, 1.500000000000001332 ) ;
#2961 = CARTESIAN_POINT ( 'NONE',  ( 4.006666538469612071, 2.936578457571058287, 2.127205131781375602 ) ) ;
#2962 = DIRECTION ( 'NONE',  ( -0.4731467892558111621, -0.4731467892558122723, -0.7431448254773985740 ) ) ;
#2963 = ORIENTED_EDGE ( 'NONE', *, *, #1787, .F. ) ;
#2964 = LINE ( 'NONE', #1414, #510 ) ;
#2965 = AXIS2_PLACEMENT_3D ( 'NONE', #1283, #1782, #660 ) ;
#2966 = CARTESIAN_POINT ( 'NONE',  ( -0.5456591986717745923, 7.183378753404215722, 6.155060661677929090 ) ) ;
#2967 = DIRECTION ( 'NONE',  ( -1.000000000000000000, -0.000000000000000000, -0.000000000000000000 ) ) ;
#2968 = CARTESIAN_POINT ( 'NONE',  ( 2.560868210639492215, 8.012872061553437675, 5.400137046524545958 ) ) ;
#2969 = VERTEX_POINT ( 'NONE', #784 ) ;
#2970 = CARTESIAN_POINT ( 'NONE',  ( 0.000000000000000000, 7.910897322236014162, 5.500000000000000000 ) ) ;
#2971 = EDGE_CURVE ( 'NONE', #2595, #3211, #233, .T. ) ;
#2972 = FACE_OUTER_BOUND ( 'NONE', #1572, .T. ) ;
#2973 = ORIENTED_EDGE ( 'NONE', *, *, #1376, .F. ) ;
#2974 = DIRECTION ( 'NONE',  ( 0.000000000000000000, -0.05233595624294395260, -0.9986295347545739443 ) ) ;
#2975 = ORIENTED_EDGE ( 'NONE', *, *, #1407, .T. ) ;
#2976 = LINE ( 'NONE', #2182, #2586 ) ;
#2977 = AXIS2_PLACEMENT_3D ( 'NONE', #3109, #985, #2516 ) ;
#2978 = EDGE_CURVE ( 'NONE', #571, #657, #527, .T. ) ;
#2979 = CARTESIAN_POINT ( 'NONE',  ( -5.299999999999966072, 10.50000000000000000, 2.000000000000000000 ) ) ;
#2980 = ORIENTED_EDGE ( 'NONE', *, *, #1868, .T. ) ;
#2981 = FACE_OUTER_BOUND ( 'NONE', #612, .T. ) ;
#2982 = LINE ( 'NONE', #2467, #1528 ) ;
#2983 = DIRECTION ( 'NONE',  ( -0.05233595624294395260, -6.409306129323724811E-18, -0.9986295347545739443 ) ) ;
#2984 = DIRECTION ( 'NONE',  ( 0.000000000000000000, -0.05233595624294395260, -0.9986295347545739443 ) ) ;
#2985 = ORIENTED_EDGE ( 'NONE', *, *, #2971, .F. ) ;
#2986 = LINE ( 'NONE', #668, #1988 ) ;
#2987 = ADVANCED_FACE ( 'NONE', ( #1226 ), #2289, .T. ) ;
#2988 = AXIS2_PLACEMENT_3D ( 'NONE', #3044, #2498, #131 ) ;
#2989 = LINE ( 'NONE', #1160, #2620 ) ;
#2990 = ORIENTED_EDGE ( 'NONE', *, *, #2743, .F. ) ;
#2991 = EDGE_CURVE ( 'NONE', #3168, #17, #2037, .T. ) ;
#2992 = ORIENTED_EDGE ( 'NONE', *, *, #811, .F. ) ;
#2993 = DIRECTION ( 'NONE',  ( 0.7071067811865523467, 0.7071067811865426878, -0.000000000000000000 ) ) ;
#2994 = LINE ( 'NONE', #1914, #218 ) ;
#2995 = ADVANCED_FACE ( 'NONE', ( #2932 ), #318, .F. ) ;
#2996 = ORIENTED_EDGE ( 'NONE', *, *, #1394, .T. ) ;
#2997 = EDGE_CURVE ( 'NONE', #345, #1469, #2379, .T. ) ;
#2998 = PLANE ( 'NONE',  #73 ) ;
#2999 = DIRECTION ( 'NONE',  ( -0.5964727848721020909, 0.5964727848721020909, -0.5370665078124291503 ) ) ;
#3000 = LINE ( 'NONE', #1141, #902 ) ;
#3001 = CARTESIAN_POINT ( 'NONE',  ( 10.50000000000000355, -5.300000000000817835, 2.000000000000000000 ) ) ;
#3002 = ORIENTED_EDGE ( 'NONE', *, *, #1757, .F. ) ;
#3003 = DIRECTION ( 'NONE',  ( 0.8734801431569483299, -0.3618073217591995516, -0.3257727757685591752 ) ) ;
#3004 = CARTESIAN_POINT ( 'NONE',  ( -8.016572772509357847, -5.321806368133672471, 5.400137046524545958 ) ) ;
#3005 = ORIENTED_EDGE ( 'NONE', *, *, #3258, .F. ) ;
#3006 = AXIS2_PLACEMENT_3D ( 'NONE', #220, #2299, #3338 ) ;
#3007 = AXIS2_PLACEMENT_3D ( 'NONE', #149, #1989, #1097 ) ;
#3008 = ORIENTED_EDGE ( 'NONE', *, *, #3104, .F. ) ;
#3009 = DIRECTION ( 'NONE',  ( -0.000000000000000000, -0.000000000000000000, -1.000000000000000000 ) ) ;
#3010 = VECTOR ( 'NONE', #83, 1000.000000000000000 ) ;
#3011 = AXIS2_PLACEMENT_3D ( 'NONE', #1126, #3220, #1108 ) ;
#3012 = CARTESIAN_POINT ( 'NONE',  ( -10.49999999999999645, 8.499999999999987566, 1.499999999999999112 ) ) ;
#3013 = ORIENTED_EDGE ( 'NONE', *, *, #1450, .F. ) ;
#3014 = EDGE_CURVE ( 'NONE', #1938, #216, #973, .T. ) ;
#3015 = DIRECTION ( 'NONE',  ( -1.000000000000000000, 0.000000000000000000, -0.000000000000000000 ) ) ;
#3016 = CARTESIAN_POINT ( 'NONE',  ( -10.21089732223600066, -4.602044394423775664, 5.500000000000000000 ) ) ;
#3017 = CARTESIAN_POINT ( 'NONE',  ( -10.49999999999999645, -8.499999999999989342, 0.5000000000000038858 ) ) ;
#3018 = ORIENTED_EDGE ( 'NONE', *, *, #3091, .F. ) ;
#3019 = LINE ( 'NONE', #3255, #2371 ) ;
#3020 = LINE ( 'NONE', #3036, #429 ) ;
#3021 = ORIENTED_EDGE ( 'NONE', *, *, #1218, .F. ) ;
#3022 = ORIENTED_EDGE ( 'NONE', *, *, #2810, .F. ) ;
#3023 = PLANE ( 'NONE',  #1382 ) ;
#3024 = EDGE_CURVE ( 'NONE', #1833, #487, #410, .T. ) ;
#3025 = FACE_OUTER_BOUND ( 'NONE', #863, .T. ) ;
#3026 = VECTOR ( 'NONE', #204, 1000.000000000000000 ) ;
#3027 = EDGE_LOOP ( 'NONE', ( #2263, #2663, #1029, #635 ) ) ;
#3028 = FACE_OUTER_BOUND ( 'NONE', #108, .T. ) ;
#3029 = AXIS2_PLACEMENT_3D ( 'NONE', #2609, #3375, #254 ) ;
#3030 = VECTOR ( 'NONE', #387, 1000.000000000000114 ) ;
#3031 = DIRECTION ( 'NONE',  ( -0.7071067811865474617, 0.7071067811865475727, -0.000000000000000000 ) ) ;
#3032 = CARTESIAN_POINT ( 'NONE',  ( 6.634470390826856523, -5.321806368134016196, 5.400137046524542406 ) ) ;
#3033 = VERTEX_POINT ( 'NONE', #2138 ) ;
#3034 = CARTESIAN_POINT ( 'NONE',  ( 0.000000000000000000, 6.938893903907228378E-15, 5.400137046524541518 ) ) ;
#3035 = DIRECTION ( 'NONE',  ( -0.3618073217592020496, 0.8734801431569503283, -0.3257727757685510706 ) ) ;
#3036 = CARTESIAN_POINT ( 'NONE',  ( 7.910897322235512341, -2.557167499683683065, 5.500000000000000000 ) ) ;
#3037 = ADVANCED_FACE ( 'NONE', ( #269 ), #2433, .T. ) ;
#3038 = ORIENTED_EDGE ( 'NONE', *, *, #2416, .T. ) ;
#3039 = VECTOR ( 'NONE', #2756, 1000.000000000000000 ) ;
#3040 = VERTEX_POINT ( 'NONE', #47 ) ;
#3041 = DIRECTION ( 'NONE',  ( -0.7061377159181263519, 0.7061377159181262408, 0.05233595624294394566 ) ) ;
#3042 = VERTEX_POINT ( 'NONE', #2361 ) ;
#3043 = DIRECTION ( 'NONE',  ( -0.4731467892558218757, 0.4731467892558218757, -0.7431448254773855844 ) ) ;
#3044 = CARTESIAN_POINT ( 'NONE',  ( 0.000000000000000000, 6.938893903907228378E-15, 2.000000000000000000 ) ) ;
#3045 = DIRECTION ( 'NONE',  ( -1.000000000000000000, -0.000000000000000000, -0.000000000000000000 ) ) ;
#3046 = ORIENTED_EDGE ( 'NONE', *, *, #2858, .T. ) ;
#3047 = LINE ( 'NONE', #1746, #2313 ) ;
#3048 = CARTESIAN_POINT ( 'NONE',  ( 5.499999999999998224, -8.200000000000096989, 2.000000000000000000 ) ) ;
#3049 = EDGE_CURVE ( 'NONE', #2897, #1604, #336, .T. ) ;
#3050 = ORIENTED_EDGE ( 'NONE', *, *, #1268, .T. ) ;
#3051 = EDGE_CURVE ( 'NONE', #2479, #242, #1903, .T. ) ;
#3052 = VECTOR ( 'NONE', #556, 1000.000000000000000 ) ;
#3053 = EDGE_CURVE ( 'NONE', #1529, #2325, #2914, .T. ) ;
#3054 = ORIENTED_EDGE ( 'NONE', *, *, #2521, .T. ) ;
#3055 = ORIENTED_EDGE ( 'NONE', *, *, #1357, .T. ) ;
#3056 = CARTESIAN_POINT ( 'NONE',  ( -3.238763464661223779, -3.254654325331448383, 4.554270324637651690 ) ) ;
#3057 = VECTOR ( 'NONE', #88, 1000.000000000000000 ) ;
#3058 = AXIS2_PLACEMENT_3D ( 'NONE', #3067, #2292, #462 ) ;
#3059 = DIRECTION ( 'NONE',  ( 0.5964727848721020909, 0.5964727848721020909, 0.5370665078124291503 ) ) ;
#3060 = VERTEX_POINT ( 'NONE', #1596 ) ;
#3061 = CARTESIAN_POINT ( 'NONE',  ( -4.006666538470075700, -2.936578457571836775, 2.127205131781382708 ) ) ;
#3062 = DIRECTION ( 'NONE',  ( 0.7071067811865482389, 0.7071067811865469066, -0.000000000000000000 ) ) ;
#3063 = LINE ( 'NONE', #42, #2687 ) ;
#3064 = ORIENTED_EDGE ( 'NONE', *, *, #1261, .F. ) ;
#3065 = CARTESIAN_POINT ( 'NONE',  ( 3.999999999999543032, -2.939339828220615125, 2.000000000000000000 ) ) ;
#3066 = ADVANCED_FACE ( 'NONE', ( #2641 ), #1057, .T. ) ;
#3067 = CARTESIAN_POINT ( 'NONE',  ( 0.000000000000000000, 6.938893903907228378E-15, 5.500000000000000000 ) ) ;
#3068 = ORIENTED_EDGE ( 'NONE', *, *, #1803, .F. ) ;
#3069 = VECTOR ( 'NONE', #2607, 1000.000000000000000 ) ;
#3070 = EDGE_LOOP ( 'NONE', ( #2681, #2588, #1403, #1544 ) ) ;
#3071 = CARTESIAN_POINT ( 'NONE',  ( 8.500000000000003553, 8.500000000000000000, 0.000000000000000000 ) ) ;
#3072 = ORIENTED_EDGE ( 'NONE', *, *, #2504, .T. ) ;
#3073 = CARTESIAN_POINT ( 'NONE',  ( 2.813337902763223930, -4.126001925456948882, 5.400137046524545958 ) ) ;
#3074 = ORIENTED_EDGE ( 'NONE', *, *, #2938, .T. ) ;
#3075 = PLANE ( 'NONE',  #2701 ) ;
#3076 = EDGE_CURVE ( 'NONE', #1619, #2422, #565, .T. ) ;
#3077 = CARTESIAN_POINT ( 'NONE',  ( -7.910897322236019491, 2.557167499683541845, 5.500000000000000000 ) ) ;
#3078 = ORIENTED_EDGE ( 'NONE', *, *, #1251, .F. ) ;
#3079 = FACE_OUTER_BOUND ( 'NONE', #2185, .T. ) ;
#3080 = AXIS2_PLACEMENT_3D ( 'NONE', #360, #1984, #1700 ) ;
#3081 = CARTESIAN_POINT ( 'NONE',  ( 3.389530786249834726, 6.900678497676773659, 8.480534417143982040 ) ) ;
#3082 = ORIENTED_EDGE ( 'NONE', *, *, #561, .F. ) ;
#3083 = ORIENTED_EDGE ( 'NONE', *, *, #2386, .T. ) ;
#3084 = LINE ( 'NONE', #735, #3381 ) ;
#3085 = VERTEX_POINT ( 'NONE', #2106 ) ;
#3086 = DIRECTION ( 'NONE',  ( -0.000000000000000000, -0.000000000000000000, -1.000000000000000000 ) ) ;
#3087 = VECTOR ( 'NONE', #1155, 1000.000000000000000 ) ;
#3088 = ADVANCED_FACE ( 'NONE', ( #2894 ), #1612, .F. ) ;
#3089 = ORIENTED_EDGE ( 'NONE', *, *, #231, .T. ) ;
#3090 = DIRECTION ( 'NONE',  ( 0.7071067811865476838, 0.7071067811865473507, -0.000000000000000000 ) ) ;
#3091 = EDGE_CURVE ( 'NONE', #1395, #548, #1385, .T. ) ;
#3092 = CARTESIAN_POINT ( 'NONE',  ( 2.999999999999975131, 8.200000000000009948, 2.000000000000000000 ) ) ;
#3093 = ORIENTED_EDGE ( 'NONE', *, *, #2488, .F. ) ;
#3094 = LINE ( 'NONE', #2854, #2919 ) ;
#3095 = CARTESIAN_POINT ( 'NONE',  ( -8.499999999999996447, 8.500000000000000000, 0.5000000000000038858 ) ) ;
#3096 = ORIENTED_EDGE ( 'NONE', *, *, #1061, .F. ) ;
#3097 = VERTEX_POINT ( 'NONE', #84 ) ;
#3098 = LINE ( 'NONE', #1708, #330 ) ;
#3099 = LINE ( 'NONE', #2326, #994 ) ;
#3100 = DIRECTION ( 'NONE',  ( -0.3618073217591958324, -0.8734801431569462205, 0.3257727757685691672 ) ) ;
#3101 = DIRECTION ( 'NONE',  ( 0.000000000000000000, -1.000000000000000000, 0.000000000000000000 ) ) ;
#3102 = VERTEX_POINT ( 'NONE', #3219 ) ;
#3103 = FACE_OUTER_BOUND ( 'NONE', #86, .T. ) ;
#3104 = EDGE_CURVE ( 'NONE', #2911, #453, #2119, .T. ) ;
#3105 = CARTESIAN_POINT ( 'NONE',  ( 5.299999999999129408, -10.50000000000000178, 2.000000000000000000 ) ) ;
#3106 = DIRECTION ( 'NONE',  ( 0.05233595624294395260, 0.000000000000000000, -0.9986295347545739443 ) ) ;
#3107 = ORIENTED_EDGE ( 'NONE', *, *, #762, .T. ) ;
#3108 = VECTOR ( 'NONE', #1373, 1000.000000000000114 ) ;
#3109 = CARTESIAN_POINT ( 'NONE',  ( 10.50000000000000355, -8.499999999999989342, 2.000000000000000000 ) ) ;
#3110 = LINE ( 'NONE', #988, #484 ) ;
#3111 = CARTESIAN_POINT ( 'NONE',  ( -5.321806368133643161, -8.021806368133644227, 5.400137046524545958 ) ) ;
#3112 = ORIENTED_EDGE ( 'NONE', *, *, #1123, .T. ) ;
#3113 = VECTOR ( 'NONE', #67, 1000.000000000000000 ) ;
#3114 = ORIENTED_EDGE ( 'NONE', *, *, #413, .F. ) ;
#3115 = DIRECTION ( 'NONE',  ( -1.000000000000000000, 0.000000000000000000, 0.000000000000000000 ) ) ;
#3116 = PLANE ( 'NONE',  #895 ) ;
#3117 = CARTESIAN_POINT ( 'NONE',  ( 10.50000000000000355, 5.337057896118085232, 1.499999999999999112 ) ) ;
#3118 = AXIS2_PLACEMENT_3D ( 'NONE', #2062, #2134, #2832 ) ;
#3119 = DIRECTION ( 'NONE',  ( 0.000000000000000000, 1.000000000000000000, 0.000000000000000000 ) ) ;
#3120 = ADVANCED_FACE ( 'NONE', ( #3183 ), #820, .F. ) ;
#3121 = ORIENTED_EDGE ( 'NONE', *, *, #415, .T. ) ;
#3122 = CARTESIAN_POINT ( 'NONE',  ( -5.299999999999990052, -10.50000000000000355, 2.000000000000000000 ) ) ;
#3123 = EDGE_CURVE ( 'NONE', #897, #112, #2396, .T. ) ;
#3124 = DIRECTION ( 'NONE',  ( -0.6691306063588720043, -6.132298867484283208E-15, -0.7431448254773818096 ) ) ;
#3125 = VERTEX_POINT ( 'NONE', #1627 ) ;
#3126 = DIRECTION ( 'NONE',  ( 1.000000000000000000, -0.000000000000000000, 0.000000000000000000 ) ) ;
#3127 = EDGE_CURVE ( 'NONE', #3362, #2370, #1727, .T. ) ;
#3128 = CARTESIAN_POINT ( 'NONE',  ( 10.50000000000000355, -8.500000000000003553, 0.5000000000000038858 ) ) ;
#3129 = DIRECTION ( 'NONE',  ( 0.000000000000000000, -0.05233595624294395260, -0.9986295347545739443 ) ) ;
#3130 = PLANE ( 'NONE',  #3328 ) ;
#3131 = VERTEX_POINT ( 'NONE', #115 ) ;
#3132 = VECTOR ( 'NONE', #3155, 1000.000000000000000 ) ;
#3133 = AXIS2_PLACEMENT_3D ( 'NONE', #2835, #2308, #1257 ) ;
#3134 = ORIENTED_EDGE ( 'NONE', *, *, #2978, .T. ) ;
#3135 = VECTOR ( 'NONE', #852, 1000.000000000000114 ) ;
#3136 = SURFACE_STYLE_FILL_AREA ( #1094 ) ;
#3137 = EDGE_CURVE ( 'NONE', #790, #2415, #2771, .T. ) ;
#3138 = CARTESIAN_POINT ( 'NONE',  ( 0.000000000000000000, 0.000000000000000000, 5.500000000000000000 ) ) ;
#3139 = FACE_OUTER_BOUND ( 'NONE', #1043, .T. ) ;
#3140 = FACE_OUTER_BOUND ( 'NONE', #1447, .T. ) ;
#3141 = VERTEX_POINT ( 'NONE', #3016 ) ;
#3142 = LINE ( 'NONE', #2114, #2337 ) ;
#3143 = VECTOR ( 'NONE', #245, 1000.000000000000114 ) ;
#3144 = LINE ( 'NONE', #246, #2472 ) ;
#3145 = ORIENTED_EDGE ( 'NONE', *, *, #917, .F. ) ;
#3146 = DIRECTION ( 'NONE',  ( 0.7071067811865477948, 0.7071067811865473507, -0.000000000000000000 ) ) ;
#3147 = LINE ( 'NONE', #3128, #2898 ) ;
#3148 = CARTESIAN_POINT ( 'NONE',  ( 0.000000000000000000, 5.210897322235267914, 5.500000000000000000 ) ) ;
#3149 = PLANE ( 'NONE',  #2841 ) ;
#3150 = ORIENTED_EDGE ( 'NONE', *, *, #1817, .T. ) ;
#3151 = EDGE_CURVE ( 'NONE', #2109, #1096, #2468, .T. ) ;
#3152 = LINE ( 'NONE', #804, #2066 ) ;
#3153 = EDGE_CURVE ( 'NONE', #3281, #742, #145, .T. ) ;
#3154 = ORIENTED_EDGE ( 'NONE', *, *, #2474, .T. ) ;
#3155 = DIRECTION ( 'NONE',  ( -0.7071067811865477948, 0.7071067811865473507, 0.000000000000000000 ) ) ;
#3156 = ADVANCED_FACE ( 'NONE', ( #889 ), #3236, .T. ) ;
#3157 = CARTESIAN_POINT ( 'NONE',  ( 10.00000000000000533, -8.500000000000003553, 2.000000000000000000 ) ) ;
#3158 = ORIENTED_EDGE ( 'NONE', *, *, #2176, .T. ) ;
#3159 = DIRECTION ( 'NONE',  ( 0.000000000000000000, -1.000000000000000000, 0.000000000000000000 ) ) ;
#3160 = FACE_OUTER_BOUND ( 'NONE', #221, .T. ) ;
#3161 = ORIENTED_EDGE ( 'NONE', *, *, #1523, .F. ) ;
#3162 = CARTESIAN_POINT ( 'NONE',  ( 2.396359988859264600, 5.096359988859275880, 8.034220797799680014 ) ) ;
#3163 = CARTESIAN_POINT ( 'NONE',  ( -5.210897322236000662, -7.910897322236001727, 5.500000000000000000 ) ) ;
#3164 = AXIS2_PLACEMENT_3D ( 'NONE', #2863, #515, #2749 ) ;
#3165 = CARTESIAN_POINT ( 'NONE',  ( -0.2999999999999944378, -3.999999999999993339, 2.000000000000000000 ) ) ;
#3166 = LINE ( 'NONE', #764, #2732 ) ;
#3167 = VECTOR ( 'NONE', #347, 1000.000000000000114 ) ;
#3168 = VERTEX_POINT ( 'NONE', #2484 ) ;
#3169 = EDGE_CURVE ( 'NONE', #2726, #219, #421, .T. ) ;
#3170 = VECTOR ( 'NONE', #405, 1000.000000000000000 ) ;
#3171 = AXIS2_PLACEMENT_3D ( 'NONE', #3191, #1891, #326 ) ;
#3172 = CARTESIAN_POINT ( 'NONE',  ( 2.569802517219712534, 8.021806368133658438, 5.400137046524545070 ) ) ;
#3173 = DIRECTION ( 'NONE',  ( 0.000000000000000000, 0.000000000000000000, -1.000000000000000000 ) ) ;
#3174 = ORIENTED_EDGE ( 'NONE', *, *, #3372, .F. ) ;
#3175 = DIRECTION ( 'NONE',  ( -0.4731467892558197663, 0.4731467892558197663, 0.7431448254773882489 ) ) ;
#3176 = VERTEX_POINT ( 'NONE', #2450 ) ;
#3177 = DIRECTION ( 'NONE',  ( 0.4731467892558258170, -0.4731467892558258170, -0.7431448254773804774 ) ) ;
#3178 = AXIS2_PLACEMENT_3D ( 'NONE', #900, #2464, #2714 ) ;
#3179 = PLANE ( 'NONE',  #2522 ) ;
#3180 = ORIENTED_EDGE ( 'NONE', *, *, #2552, .F. ) ;
#3181 = EDGE_CURVE ( 'NONE', #1359, #2465, #1998, .T. ) ;
#3182 = LINE ( 'NONE', #1883, #941 ) ;
#3183 = FACE_OUTER_BOUND ( 'NONE', #2904, .T. ) ;
#3184 = LINE ( 'NONE', #1040, #52 ) ;
#3185 = PRODUCT_DEFINITION_SHAPE ( 'NONE', 'NONE',  #769 ) ;
#3186 = EDGE_CURVE ( 'NONE', #1815, #1289, #1202, .T. ) ;
#3187 = ORIENTED_EDGE ( 'NONE', *, *, #3241, .F. ) ;
#3188 = VECTOR ( 'NONE', #1977, 999.9999999999998863 ) ;
#3189 = CARTESIAN_POINT ( 'NONE',  ( -8.200000000000017053, 2.999999999999950262, 2.000000000000000000 ) ) ;
#3190 = VECTOR ( 'NONE', #1104, 1000.000000000000114 ) ;
#3191 = CARTESIAN_POINT ( 'NONE',  ( -8.499999999999996447, 8.500000000000000000, 2.000000000000000000 ) ) ;
#3192 = ORIENTED_EDGE ( 'NONE', *, *, #3386, .T. ) ;
#3193 = VECTOR ( 'NONE', #1154, 1000.000000000000000 ) ;
#3194 = LINE ( 'NONE', #880, #1794 ) ;
#3195 = ORIENTED_EDGE ( 'NONE', *, *, #190, .F. ) ;
#3196 = DIRECTION ( 'NONE',  ( -0.4731467892558214317, 0.4731467892558223198, 0.7431448254773855844 ) ) ;
#3197 = DIRECTION ( 'NONE',  ( 0.7071067811865477948, 0.7071067811865473507, 0.000000000000000000 ) ) ;
#3198 = ORIENTED_EDGE ( 'NONE', *, *, #1927, .T. ) ;
#3199 = LINE ( 'NONE', #1828, #3135 ) ;
#3200 = EDGE_CURVE ( 'NONE', #1554, #513, #2205, .T. ) ;
#3201 = EDGE_CURVE ( 'NONE', #3281, #2565, #1661, .T. ) ;
#3202 = VECTOR ( 'NONE', #999, 1000.000000000000000 ) ;
#3203 = CARTESIAN_POINT ( 'NONE',  ( -6.606809219881317752, 6.102204781945403056, 4.243115281876679745 ) ) ;
#3204 = CARTESIAN_POINT ( 'NONE',  ( 2.010897322236002260, 7.185157800816259414E-15, 5.500000000000000000 ) ) ;
#3205 = CARTESIAN_POINT ( 'NONE',  ( -9.999999999999989342, 8.499999999999989342, 0.000000000000000000 ) ) ;
#3206 = ORIENTED_EDGE ( 'NONE', *, *, #917, .T. ) ;
#3207 = LINE ( 'NONE', #2417, #1692 ) ;
#3208 = CARTESIAN_POINT ( 'NONE',  ( -5.499999999999994671, -8.199999999999995737, 2.000000000000000000 ) ) ;
#3209 = ORIENTED_EDGE ( 'NONE', *, *, #724, .F. ) ;
#3210 = CARTESIAN_POINT ( 'NONE',  ( 7.910897322236107421, 5.316572772508617817, 5.500000000000000000 ) ) ;
#3211 = VERTEX_POINT ( 'NONE', #1967 ) ;
#3212 = PLANE ( 'NONE',  #1225 ) ;
#3213 = LINE ( 'NONE', #592, #1481 ) ;
#3214 = EDGE_LOOP ( 'NONE', ( #828, #247, #3257, #278 ) ) ;
#3215 = CARTESIAN_POINT ( 'NONE',  ( 7.183378753404237038, 0.5456591986718438703, 6.155060661678017020 ) ) ;
#3216 = EDGE_CURVE ( 'NONE', #513, #2510, #1006, .T. ) ;
#3217 = CIRCLE ( 'NONE', #1739, 2.000000000000000000 ) ;
#3218 = EDGE_CURVE ( 'NONE', #2330, #1624, #904, .T. ) ;
#3219 = CARTESIAN_POINT ( 'NONE',  ( -8.499999999999984013, -10.50000000000000355, 0.5000000000000038858 ) ) ;
#3220 = DIRECTION ( 'NONE',  ( -0.7071067811865451302, 0.000000000000000000, -0.7071067811865500152 ) ) ;
#3221 = ORIENTED_EDGE ( 'NONE', *, *, #308, .F. ) ;
#3222 = DIRECTION ( 'NONE',  ( -0.7061377159181262408, -0.7061377159181262408, 0.05233595624294395260 ) ) ;
#3223 = VECTOR ( 'NONE', #2215, 999.9999999999998863 ) ;
#3224 = PLANE ( 'NONE',  #812 ) ;
#3225 = AXIS2_PLACEMENT_3D ( 'NONE', #2924, #3101, #3 ) ;
#3226 = ORIENTED_EDGE ( 'NONE', *, *, #1266, .T. ) ;
#3227 = DIRECTION ( 'NONE',  ( 1.000000000000000000, 0.000000000000000000, -0.000000000000000000 ) ) ;
#3228 = ORIENTED_EDGE ( 'NONE', *, *, #1757, .T. ) ;
#3229 = VECTOR ( 'NONE', #3348, 1000.000000000000000 ) ;
#3230 = CARTESIAN_POINT ( 'NONE',  ( 3.999999999999543920, -2.939339828220616013, 2.000000000000000000 ) ) ;
#3231 = LINE ( 'NONE', #367, #1429 ) ;
#3232 = VERTEX_POINT ( 'NONE', #3295 ) ;
#3233 = ADVANCED_FACE ( 'NONE', ( #2220 ), #950, .F. ) ;
#3234 = LINE ( 'NONE', #886, #2862 ) ;
#3235 = CIRCLE ( 'NONE', #2792, 2.000000000000000000 ) ;
#3236 = PLANE ( 'NONE',  #3302 ) ;
#3237 = CARTESIAN_POINT ( 'NONE',  ( 6.636638217114482430, 5.210897322235267914, 5.500000000000000000 ) ) ;
#3238 = ORIENTED_EDGE ( 'NONE', *, *, #76, .T. ) ;
#3239 = LINE ( 'NONE', #892, #1210 ) ;
#3240 = CARTESIAN_POINT ( 'NONE',  ( 8.199999999999416644, -5.500000000000366818, 2.000000000000000000 ) ) ;
#3241 = EDGE_CURVE ( 'NONE', #901, #2556, #3000, .T. ) ;
#3242 = VERTEX_POINT ( 'NONE', #666 ) ;
#3243 = EDGE_CURVE ( 'NONE', #3125, #2109, #2656, .T. ) ;
#3244 = ORIENTED_EDGE ( 'NONE', *, *, #3049, .F. ) ;
#3245 = LINE ( 'NONE', #1117, #2282 ) ;
#3246 = AXIS2_PLACEMENT_3D ( 'NONE', #1355, #2403, #2143 ) ;
#3247 = VECTOR ( 'NONE', #2273, 1000.000000000000000 ) ;
#3248 = PLANE ( 'NONE',  #3178 ) ;
#3249 = VERTEX_POINT ( 'NONE', #919 ) ;
#3250 = DIRECTION ( 'NONE',  ( 0.7071067811865474617, -0.7071067811865475727, 0.000000000000000000 ) ) ;
#3251 = DIRECTION ( 'NONE',  ( -0.000000000000000000, 1.000000000000000000, -0.000000000000000000 ) ) ;
#3252 = CARTESIAN_POINT ( 'NONE',  ( -2.936578457571790590, 4.006666538470075700, 2.127205131781382264 ) ) ;
#3253 = LINE ( 'NONE', #855, #1192 ) ;
#3254 = ORIENTED_EDGE ( 'NONE', *, *, #140, .F. ) ;
#3255 = CARTESIAN_POINT ( 'NONE',  ( 3.356965403210577126, -6.056965403210691434, 7.169287797743367996 ) ) ;
#3256 = LINE ( 'NONE', #1457, #104 ) ;
#3257 = ORIENTED_EDGE ( 'NONE', *, *, #1201, .T. ) ;
#3258 = EDGE_CURVE ( 'NONE', #1601, #2406, #2236, .T. ) ;
#3259 = ORIENTED_EDGE ( 'NONE', *, *, #1603, .T. ) ;
#3260 = DIRECTION ( 'NONE',  ( -0.000000000000000000, 1.000000000000000000, -0.000000000000000000 ) ) ;
#3261 = FACE_OUTER_BOUND ( 'NONE', #1752, .T. ) ;
#3262 = ORIENTED_EDGE ( 'NONE', *, *, #2855, .F. ) ;
#3263 = FACE_OUTER_BOUND ( 'NONE', #833, .T. ) ;
#3264 = CARTESIAN_POINT ( 'NONE',  ( -5.320273483465276954, 6.632937506159019669, 5.400137046524545958 ) ) ;
#3265 = PLANE ( 'NONE',  #2351 ) ;
#3266 = VERTEX_POINT ( 'NONE', #2738 ) ;
#3267 = DIRECTION ( 'NONE',  ( 0.7061377159181263519, -0.7061377159181263519, 0.05233595624294395260 ) ) ;
#3268 = EDGE_CURVE ( 'NONE', #463, #2653, #390, .T. ) ;
#3269 = LINE ( 'NONE', #2473, #2401 ) ;
#3270 = ORIENTED_EDGE ( 'NONE', *, *, #2214, .T. ) ;
#3271 = VECTOR ( 'NONE', #2180, 1000.000000000000114 ) ;
#3272 = ORIENTED_EDGE ( 'NONE', *, *, #2552, .T. ) ;
#3273 = CARTESIAN_POINT ( 'NONE',  ( 5.628631411029903830, 3.207832921351096989, 7.554961456612863557 ) ) ;
#3274 = AXIS2_PLACEMENT_3D ( 'NONE', #1034, #2168, #913 ) ;
#3275 = ORIENTED_EDGE ( 'NONE', *, *, #1194, .T. ) ;
#3276 = LINE ( 'NONE', #2702, #1443 ) ;
#3277 = LINE ( 'NONE', #355, #1585 ) ;
#3278 = ADVANCED_FACE ( 'NONE', ( #2817 ), #740, .T. ) ;
#3279 = DIRECTION ( 'NONE',  ( -0.7071067811865475727, -0.7071067811865474617, 3.464679189806688022E-18 ) ) ;
#3280 = CARTESIAN_POINT ( 'NONE',  ( -8.200000000000017053, 5.499999999999976907, 2.000000000000000000 ) ) ;
#3281 = VERTEX_POINT ( 'NONE', #1484 ) ;
#3282 = CARTESIAN_POINT ( 'NONE',  ( 5.321806368133647602, -6.560660171779812089, 5.400137046524545958 ) ) ;
#3283 = PLANE ( 'NONE',  #2234 ) ;
#3284 = CARTESIAN_POINT ( 'NONE',  ( 2.937818224995552008, -4.003673475141438232, 2.070094081292896515 ) ) ;
#3285 = ORIENTED_EDGE ( 'NONE', *, *, #591, .F. ) ;
#3286 = VERTEX_POINT ( 'NONE', #2322 ) ;
#3287 = CARTESIAN_POINT ( 'NONE',  ( -5.495893351433706719, 6.562361201311881054, 2.078359522621791911 ) ) ;
#3288 = DIRECTION ( 'NONE',  ( 0.000000000000000000, -1.000000000000000000, 0.000000000000000000 ) ) ;
#3289 = AXIS2_PLACEMENT_3D ( 'NONE', #675, #2526, #171 ) ;
#3290 = ORIENTED_EDGE ( 'NONE', *, *, #2133, .T. ) ;
#3291 = CARTESIAN_POINT ( 'NONE',  ( 10.50000000000000355, -8.499999999999989342, 0.5000000000000038858 ) ) ;
#3292 = AXIS2_PLACEMENT_3D ( 'NONE', #3138, #772, #1303 ) ;
#3293 = VECTOR ( 'NONE', #192, 1000.000000000000000 ) ;
#3294 = EDGE_CURVE ( 'NONE', #2880, #2298, #2531, .T. ) ;
#3295 = CARTESIAN_POINT ( 'NONE',  ( 10.50000000000000355, -8.500000000000003553, 0.5000000000000038858 ) ) ;
#3296 = CARTESIAN_POINT ( 'NONE',  ( 2.873998074542268633, -8.326001925457054753, 5.400137046524545958 ) ) ;
#3297 = EDGE_LOOP ( 'NONE', ( #3262, #1459, #995, #465 ) ) ;
#3298 = CARTESIAN_POINT ( 'NONE',  ( 5.248888802558736799, -10.47882904883106292, 2.403965813063774881 ) ) ;
#3299 = EDGE_CURVE ( 'NONE', #1689, #708, #3329, .T. ) ;
#3300 = FACE_OUTER_BOUND ( 'NONE', #1502, .T. ) ;
#3301 = VERTEX_POINT ( 'NONE', #2080 ) ;
#3302 = AXIS2_PLACEMENT_3D ( 'NONE', #1936, #679, #1418 ) ;
#3303 = VERTEX_POINT ( 'NONE', #710 ) ;
#3304 = VERTEX_POINT ( 'NONE', #1236 ) ;
#3305 = AXIS2_PLACEMENT_3D ( 'NONE', #78, #590, #1639 ) ;
#3306 = LINE ( 'NONE', #1212, #1267 ) ;
#3307 = CARTESIAN_POINT ( 'NONE',  ( -2.302044394423766072, -7.910897322236001727, 5.500000000000000000 ) ) ;
#3308 = ORIENTED_EDGE ( 'NONE', *, *, #2577, .F. ) ;
#3309 = DIRECTION ( 'NONE',  ( 0.000000000000000000, -1.000000000000000000, 0.000000000000000000 ) ) ;
#3310 = CARTESIAN_POINT ( 'NONE',  ( -10.49999999999999645, -8.499999999999989342, 2.000000000000000000 ) ) ;
#3311 = LINE ( 'NONE', #728, #1258 ) ;
#3312 = VERTEX_POINT ( 'NONE', #3105 ) ;
#3313 = EDGE_CURVE ( 'NONE', #1911, #1096, #473, .T. ) ;
#3314 = LINE ( 'NONE', #3065, #2587 ) ;
#3315 = CARTESIAN_POINT ( 'NONE',  ( -4.799999999999967848, 10.00000000000000178, 2.000000000000000000 ) ) ;
#3316 = ORIENTED_EDGE ( 'NONE', *, *, #768, .F. ) ;
#3317 = VECTOR ( 'NONE', #503, 1000.000000000000000 ) ;
#3318 = ORIENTED_EDGE ( 'NONE', *, *, #1615, .T. ) ;
#3319 = DIRECTION ( 'NONE',  ( 0.000000000000000000, 0.000000000000000000, -1.000000000000000000 ) ) ;
#3320 = EDGE_CURVE ( 'NONE', #2007, #2239, #1807, .T. ) ;
#3321 = ORIENTED_EDGE ( 'NONE', *, *, #3342, .F. ) ;
#3322 = DIRECTION ( 'NONE',  ( -0.7071067811865474617, -0.7071067811865474617, -0.000000000000000000 ) ) ;
#3323 = VECTOR ( 'NONE', #307, 1000.000000000000114 ) ;
#3324 = AXIS2_PLACEMENT_3D ( 'NONE', #1620, #1065, #2903 ) ;
#3325 = ORIENTED_EDGE ( 'NONE', *, *, #156, .T. ) ;
#3326 = CARTESIAN_POINT ( 'NONE',  ( 4.869802517219704363, 10.32180636813365027, 5.400137046524545958 ) ) ;
#3327 = VECTOR ( 'NONE', #1574, 1000.000000000000000 ) ;
#3328 = AXIS2_PLACEMENT_3D ( 'NONE', #785, #3369, #2622 ) ;
#3329 = LINE ( 'NONE', #2598, #297 ) ;
#3330 = DIRECTION ( 'NONE',  ( 0.7071067811865477948, -0.7071067811865473507, 3.474169162988485345E-18 ) ) ;
#3331 = ORIENTED_EDGE ( 'NONE', *, *, #2799, .F. ) ;
#3332 = FACE_OUTER_BOUND ( 'NONE', #1181, .T. ) ;
#3333 = DIRECTION ( 'NONE',  ( -1.000000000000000000, 0.000000000000000000, 0.000000000000000000 ) ) ;
#3334 = ORIENTED_EDGE ( 'NONE', *, *, #2297, .T. ) ;
#3335 = EDGE_CURVE ( 'NONE', #573, #1096, #505, .T. ) ;
#3336 = AXIS2_PLACEMENT_3D ( 'NONE', #1379, #1623, #2927 ) ;
#3337 = ORIENTED_EDGE ( 'NONE', *, *, #2492, .F. ) ;
#3338 = DIRECTION ( 'NONE',  ( -1.000000000000000000, 0.000000000000000000, 0.000000000000000000 ) ) ;
#3339 = ORIENTED_EDGE ( 'NONE', *, *, #1629, .F. ) ;
#3340 = FACE_OUTER_BOUND ( 'NONE', #760, .T. ) ;
#3341 = EDGE_CURVE ( 'NONE', #2897, #3033, #2270, .T. ) ;
#3342 = EDGE_CURVE ( 'NONE', #617, #2793, #3364, .T. ) ;
#3343 = DIRECTION ( 'NONE',  ( -0.000000000000000000, -0.000000000000000000, 1.000000000000000000 ) ) ;
#3344 = VERTEX_POINT ( 'NONE', #1758 ) ;
#3345 = PLANE ( 'NONE',  #1719 ) ;
#3346 = AXIS2_PLACEMENT_3D ( 'NONE', #2418, #1635, #843 ) ;
#3347 = DIRECTION ( 'NONE',  ( 0.000000000000000000, 0.7071067811865500152, 0.7071067811865451302 ) ) ;
#3348 = DIRECTION ( 'NONE',  ( 1.000000000000000000, -0.000000000000000000, -0.000000000000000000 ) ) ;
#3349 = ORIENTED_EDGE ( 'NONE', *, *, #1478, .T. ) ;
#3350 = VECTOR ( 'NONE', #2645, 999.9999999999998863 ) ;
#3351 = DIRECTION ( 'NONE',  ( 0.7071067811865169306, -0.7071067811865781039, -0.000000000000000000 ) ) ;
#3352 = VECTOR ( 'NONE', #867, 1000.000000000000114 ) ;
#3353 = DIRECTION ( 'NONE',  ( -0.9986295347545739443, 0.000000000000000000, 0.05233595624294395260 ) ) ;
#3354 = PRODUCT_DEFINITION_CONTEXT ( 'detailed design', #1796, 'design' ) ;
#3355 = ORIENTED_EDGE ( 'NONE', *, *, #41, .F. ) ;
#3356 = ORIENTED_EDGE ( 'NONE', *, *, #915, .T. ) ;
#3357 = DIRECTION ( 'NONE',  ( -1.000000000000000000, 0.000000000000000000, 0.000000000000000000 ) ) ;
#3358 = EDGE_CURVE ( 'NONE', #1018, #3060, #1535, .T. ) ;
#3359 = ORIENTED_EDGE ( 'NONE', *, *, #1735, .F. ) ;
#3360 = DIRECTION ( 'NONE',  ( -0.7071067811865474617, 0.7071067811865474617, -0.000000000000000000 ) ) ;
#3361 = VECTOR ( 'NONE', #3279, 1000.000000000000000 ) ;
#3362 = VERTEX_POINT ( 'NONE', #1500 ) ;
#3363 = CARTESIAN_POINT ( 'NONE',  ( -6.636638217114956717, 5.321806368133627174, 5.400137046524545958 ) ) ;
#3364 = LINE ( 'NONE', #2548, #185 ) ;
#3365 = DIRECTION ( 'NONE',  ( 0.000000000000000000, -1.000000000000000000, 0.000000000000000000 ) ) ;
#3366 = VERTEX_POINT ( 'NONE', #982 ) ;
#3367 = LINE ( 'NONE', #1538, #1609 ) ;
#3368 = CARTESIAN_POINT ( 'NONE',  ( -10.49999999999999645, -5.317482050570411012, 1.764125160872952236 ) ) ;
#3369 = DIRECTION ( 'NONE',  ( 0.6691306063588592368, 0.000000000000000000, -0.7431448254773933559 ) ) ;
#3370 = ORIENTED_EDGE ( 'NONE', *, *, #2277, .T. ) ;
#3371 = ORIENTED_EDGE ( 'NONE', *, *, #199, .T. ) ;
#3372 = EDGE_CURVE ( 'NONE', #1163, #1793, #1552, .T. ) ;
#3373 = FACE_OUTER_BOUND ( 'NONE', #2823, .T. ) ;
#3374 = EDGE_CURVE ( 'NONE', #2653, #2556, #1515, .T. ) ;
#3375 = DIRECTION ( 'NONE',  ( 0.9986295347545739443, 0.000000000000000000, 0.05233595624294395260 ) ) ;
#3376 = LINE ( 'NONE', #291, #174 ) ;
#3377 = CARTESIAN_POINT ( 'NONE',  ( -8.021806368133665543, 5.316572772509332800, 5.400137046524545070 ) ) ;
#3378 = EDGE_CURVE ( 'NONE', #589, #691, #2061, .T. ) ;
#3379 = ORIENTED_EDGE ( 'NONE', *, *, #2013, .F. ) ;
#3380 = CARTESIAN_POINT ( 'NONE',  ( 10.00000000000000533, 8.499999999999987566, 2.000000000000000000 ) ) ;
#3381 = VECTOR ( 'NONE', #1797, 1000.000000000000114 ) ;
#3382 = PLANE ( 'NONE',  #3118 ) ;
#3383 = ORIENTED_EDGE ( 'NONE', *, *, #3049, .T. ) ;
#3384 = AXIS2_PLACEMENT_3D ( 'NONE', #2631, #256, #2848 ) ;
#3385 = PLANE ( 'NONE',  #1110 ) ;
#3386 = EDGE_CURVE ( 'NONE', #3060, #1359, #2802, .T. ) ;
#3387 = DIRECTION ( 'NONE',  ( -0.05192313731231752716, 0.1253535423003572791, -0.9907524803120095758 ) ) ;
#3388 = DIRECTION ( 'NONE',  ( 0.000000000000000000, 0.000000000000000000, -1.000000000000000000 ) ) ;
#3389 = ORIENTED_EDGE ( 'NONE', *, *, #456, .F. ) ;
#3390 = AXIS2_PLACEMENT_3D ( 'NONE', #3001, #1436, #2485 ) ;
#3391 = VERTEX_POINT ( 'NONE', #963 ) ;
#3392 = FACE_OUTER_BOUND ( 'NONE', #1234, .T. ) ;
#3393 = EDGE_LOOP ( 'NONE', ( #1836, #2791, #2890, #1724, #916, #188, #2278, #1282 ) ) ;
ENDSEC;
END-ISO-10303-21;
